timestamp,timestamp_2,timestamp_3,year,month,day_of_month,num_containers,Temperature(Â°C),Humidity(%),Fuel Price,World Economic Growth Rate(%),Weather,weather_1
1664499745,30/9/2022,01:02:26,2022,9,30,10036,30.859,62.59,572.94,3.94,Sunny,0
1664506612,30/9/2022,02:56:53,2022,9,30,1120,30.473,60.82,651.21,11.4,Stormy,1
1664547493,30/9/2022,14:18:13,2022,9,30,5805,32.259,69.52,573.76,1.65,Rainy,2
1664554858,30/9/2022,16:20:59,2022,9,30,8960,28.656,88.32,683.1,1.6,Rainy,2
1664557598,30/9/2022,17:06:39,2022,9,30,14343,26.192,65.15,580.01,3.25,Sunny,0
1664558857,30/9/2022,17:27:38,2022,9,30,8894,30.428,73.47,559.45,13.52,Rainy,2
1664567674,30/9/2022,19:54:35,2022,9,30,1462,29.783,89.73,627.09,12.37,Sunny,0
1664651212,1/10/2022,19:06:52,2022,10,1,14819,32.018,69.19,562.18,12.05,Rainy,2
1664696412,2/10/2022,07:40:12,2022,10,2,14290,26.105,81.36,578,2.96,Sunny,0
1664736682,2/10/2022,18:51:23,2022,10,2,5854,27.438,67.41,625.3,9.51,Sunny,0
1664757121,3/10/2022,00:32:01,2022,10,3,934,27.13,92.34,659.07,3.36,Sunny,0
1664758727,3/10/2022,00:58:48,2022,10,3,12869,26.27,64.8,571.24,1.95,Rainy,2
1664790028,3/10/2022,09:40:28,2022,10,3,14242,25.699,62.61,604.24,14.69,Sunny,0
1664797506,3/10/2022,11:45:07,2022,10,3,7857,26.167,92.36,564.85,18.4,Rainy,2
1664822290,3/10/2022,18:38:10,2022,10,3,10124,28.128,62.29,661.01,15.41,Sunny,0
1664916053,4/10/2022,20:40:53,2022,10,4,11480,28.788,79.82,619.77,3.13,Sunny,0
1664927805,4/10/2022,23:56:46,2022,10,4,7930,30.801,84.15,645.07,16.93,Rainy,2
1665092591,6/10/2022,21:43:12,2022,10,6,2459,27.121,83.84,624.94,6.1,Rainy,2
1665101227,7/10/2022,00:07:07,2022,10,7,3279,30.196,86.97,608.15,16.5,Rainy,2
1665104737,7/10/2022,01:05:38,2022,10,7,6191,31.725,89.1,564.24,14.7,Sunny,0
1665124111,7/10/2022,06:28:31,2022,10,7,11421,25.073,83.17,653.38,2.64,Stormy,1
1665170944,7/10/2022,19:29:05,2022,10,7,1464,31.106,62.38,562.12,16.19,Sunny,0
1665219883,8/10/2022,09:04:44,2022,10,8,3636,29.599,86.44,674.72,10.17,Rainy,2
1665223226,8/10/2022,10:00:26,2022,10,8,2621,28.785,72.49,618.94,5.23,Sunny,0
1665231192,8/10/2022,12:13:12,2022,10,8,14146,24.621,65.45,577.05,18.11,Rainy,2
1665234255,8/10/2022,13:04:15,2022,10,8,10326,27.504,73.02,577.31,13.2,Stormy,1
1665238719,8/10/2022,14:18:40,2022,10,8,7485,27.607,63.67,590.54,7.72,Rainy,2
1665248412,8/10/2022,17:00:12,2022,10,8,10971,27.448,69.37,594.76,3.22,Sunny,0
1665256728,8/10/2022,19:18:49,2022,10,8,12197,26.152,90.59,590.62,14.39,Rainy,2
1665323629,9/10/2022,13:53:50,2022,10,9,8664,24.63,61.06,577.75,4.78,Stormy,1
1665330149,9/10/2022,15:42:29,2022,10,9,2932,25.096,90.63,581.62,0.43,Rainy,2
1665336968,9/10/2022,17:36:09,2022,10,9,10559,31.716,60.21,635.85,18.57,Sunny,0
1665423498,10/10/2022,17:38:18,2022,10,10,2147,30.091,69.72,597.99,1.48,Stormy,1
1665534466,12/10/2022,00:27:46,2022,10,12,9489,29.58,86.11,660.95,9.72,Stormy,1
1665567821,12/10/2022,09:43:42,2022,10,12,12721,28.166,74.23,648.51,19.45,Sunny,0
1665639134,13/10/2022,05:32:14,2022,10,13,8457,30.602,61.31,679.33,9.21,Sunny,0
1665659129,13/10/2022,11:05:29,2022,10,13,7608,30.7,89.19,678.68,9.39,Stormy,1
1665688101,13/10/2022,19:08:21,2022,10,13,3080,29.447,86.65,568.52,8.11,Rainy,2
1665708445,14/10/2022,00:47:25,2022,10,14,10832,25.159,82.47,663.28,10.98,Sunny,0
1665728014,14/10/2022,06:13:34,2022,10,14,14660,28.074,66.12,583.79,8.91,Rainy,2
1665805501,15/10/2022,03:45:02,2022,10,15,9507,30.668,83.94,670.44,7.67,Rainy,2
1665806937,15/10/2022,04:08:58,2022,10,15,8460,32.773,84.85,636.12,6.77,Sunny,0
1665845800,15/10/2022,14:56:41,2022,10,15,7402,27.126,92.19,557.13,3.36,Rainy,2
1665870450,15/10/2022,21:47:30,2022,10,15,12617,25.524,66.65,645.06,14.76,Stormy,1
1665873024,15/10/2022,22:30:24,2022,10,15,4677,25.963,66.7,573.07,12.82,Stormy,1
1665885706,16/10/2022,02:01:47,2022,10,16,12360,29.008,73.69,672.89,19.21,Sunny,0
1665937640,16/10/2022,16:27:21,2022,10,16,5921,25.346,79.05,587.18,16.51,Rainy,2
1665946443,16/10/2022,18:54:03,2022,10,16,13949,25.319,76.29,591.16,15.37,Stormy,1
1665960622,16/10/2022,22:50:23,2022,10,16,7705,29.216,83.45,618.08,8.68,Stormy,1
1665964292,16/10/2022,23:51:32,2022,10,16,11729,32.598,71.09,663.27,19.44,Sunny,0
1665968709,17/10/2022,01:05:10,2022,10,17,7603,28.902,88.14,640.36,12.86,Sunny,0
1666045805,17/10/2022,22:30:06,2022,10,17,4813,25.491,85.86,630.66,0.41,Stormy,1
1666081064,18/10/2022,08:17:44,2022,10,18,1059,30.415,66.08,654.72,9.61,Rainy,2
1666097589,18/10/2022,12:53:10,2022,10,18,6033,32.653,86.06,652.51,18.67,Rainy,2
1666099268,18/10/2022,13:21:08,2022,10,18,13607,31.58,62.52,647.87,9.46,Sunny,0
1666106098,18/10/2022,15:14:58,2022,10,18,6650,26.002,81.24,595.01,3.01,Rainy,2
1666133537,18/10/2022,22:52:18,2022,10,18,3889,28.253,91.74,601.98,8.23,Sunny,0
1666152696,19/10/2022,04:11:37,2022,10,19,11691,25.516,73.8,608.55,19.58,Sunny,0
1666154505,19/10/2022,04:41:46,2022,10,19,8579,32.981,73.21,673.93,1.28,Sunny,0
1666192780,19/10/2022,15:19:41,2022,10,19,3919,30.074,86.09,652.29,12.37,Stormy,1
1666217936,19/10/2022,22:18:57,2022,10,19,4666,28.223,93.95,619.39,0.93,Stormy,1
1666251667,20/10/2022,07:41:08,2022,10,20,2548,32.612,74.36,600.12,14.68,Stormy,1
1666253875,20/10/2022,08:17:56,2022,10,20,4153,28.234,74.9,638.75,10.41,Stormy,1
1666266161,20/10/2022,11:42:41,2022,10,20,3970,29.936,86.18,601.68,0.76,Rainy,2
1666291773,20/10/2022,18:49:34,2022,10,20,12885,25.868,63.68,617.41,4.16,Stormy,1
1666293338,20/10/2022,19:15:38,2022,10,20,12310,32.78,66.83,666.55,14.56,Sunny,0
1666310804,21/10/2022,00:06:45,2022,10,21,12665,27.231,79.7,593.12,6.51,Stormy,1
1666340418,21/10/2022,08:20:18,2022,10,21,12701,26.028,85.68,645.72,19.09,Rainy,2
1666411372,22/10/2022,04:02:52,2022,10,22,4644,29.594,74.52,622.26,2.56,Rainy,2
1666499256,23/10/2022,04:27:36,2022,10,23,3589,28.487,79.71,564.2,5.84,Sunny,0
1666511688,23/10/2022,07:54:49,2022,10,23,9009,24.715,89.89,571.79,11.45,Stormy,1
1666522354,23/10/2022,10:52:34,2022,10,23,9709,25.851,80.19,669.84,3.53,Sunny,0
1666541666,23/10/2022,16:14:27,2022,10,23,10378,27.02,67.39,566.68,5.29,Rainy,2
1666608102,24/10/2022,10:41:42,2022,10,24,2767,26.962,91.66,656.7,9.6,Stormy,1
1666632124,24/10/2022,17:22:04,2022,10,24,4255,29.218,89.11,675.72,12.91,Rainy,2
1666692868,25/10/2022,10:14:29,2022,10,25,11377,29.092,76.95,669.81,6.35,Sunny,0
1666771235,26/10/2022,08:00:35,2022,10,26,11621,26.13,63.54,610.69,4.57,Sunny,0
1666781233,26/10/2022,10:47:13,2022,10,26,1171,32.692,91.57,587.01,16.93,Stormy,1
1666851152,27/10/2022,06:12:32,2022,10,27,8372,25.359,79.45,678.31,10.72,Sunny,0
1666861997,27/10/2022,09:13:18,2022,10,27,7742,29.162,62.58,566.85,13.52,Rainy,2
1666868257,27/10/2022,10:57:37,2022,10,27,5865,29.805,63.97,648.24,6.64,Rainy,2
1666888846,27/10/2022,16:40:47,2022,10,27,6223,29.11,76.18,639.36,1.76,Stormy,1
1667021248,29/10/2022,05:27:28,2022,10,29,11930,32.465,88.96,650.59,1.24,Rainy,2
1667025309,29/10/2022,06:35:09,2022,10,29,4874,29.265,80.87,651.59,6.4,Rainy,2
1667089440,30/10/2022,00:24:00,2022,10,30,13166,25.106,86.87,636.91,2,Rainy,2
1667107816,30/10/2022,05:30:17,2022,10,30,10887,31.422,85.25,587.4,14.8,Sunny,0
1667122052,30/10/2022,09:27:32,2022,10,30,1846,26.259,63.19,627.48,0.23,Sunny,0
1667178580,31/10/2022,01:09:41,2022,10,31,1977,32.015,90.73,622.36,12.55,Rainy,2
1667216744,31/10/2022,11:45:45,2022,10,31,7955,31.31,88.04,682.9,19.18,Rainy,2
1667227411,31/10/2022,14:43:31,2022,10,31,6621,26.322,70.61,630.59,2.32,Stormy,1
1667247305,31/10/2022,20:15:05,2022,10,31,14503,28.052,72.52,584.02,3.85,Sunny,0
1667253354,31/10/2022,21:55:54,2022,10,31,5392,30.067,63.09,582.48,2.11,Stormy,1
1667284342,1/11/2022,06:32:22,2022,11,1,5752,30.367,74.41,678.13,19.26,Stormy,1
1667301704,1/11/2022,11:21:45,2022,11,1,12553,30.506,75.17,583.95,9.11,Rainy,2
1667321268,1/11/2022,16:47:48,2022,11,1,4430,29.755,93.17,597.08,12.91,Stormy,1
1667331523,1/11/2022,19:38:44,2022,11,1,9070,26.467,82.11,629.88,5.47,Rainy,2
1667332934,1/11/2022,20:02:15,2022,11,1,7198,29.078,76.9,680.16,18.34,Sunny,0
1667389298,2/11/2022,11:41:38,2022,11,2,11809,30.757,73.71,558.93,8.23,Stormy,1
1667393430,2/11/2022,12:50:30,2022,11,2,12066,26.68,69.19,621.17,1.21,Stormy,1
1667442859,3/11/2022,02:34:20,2022,11,3,1460,28.403,70.84,623.27,13.79,Rainy,2
1667450365,3/11/2022,04:39:25,2022,11,3,14314,25.752,70.37,629.55,5.2,Sunny,0
1667458446,3/11/2022,06:54:06,2022,11,3,4022,25.545,93.07,577.84,19.03,Stormy,1
1667460881,3/11/2022,07:34:42,2022,11,3,14594,29.439,64.06,646.52,13.51,Stormy,1
1667484480,3/11/2022,14:08:00,2022,11,3,13092,25.358,68.04,591.39,12.43,Stormy,1
1667506161,3/11/2022,20:09:21,2022,11,3,1668,30.882,89.35,601.53,5.67,Rainy,2
1667543474,4/11/2022,06:31:14,2022,11,4,3093,30.621,93.11,574.48,3.68,Rainy,2
1667595975,4/11/2022,21:06:16,2022,11,4,760,24.805,90.02,581.47,16.71,Rainy,2
1667602481,4/11/2022,22:54:41,2022,11,4,5487,26.666,68.84,629.06,0.68,Rainy,2
1667627202,5/11/2022,05:46:42,2022,11,5,4999,25.738,94.51,636.96,9.74,Stormy,1
1667646560,5/11/2022,11:09:21,2022,11,5,8456,25.631,60.27,610.49,15.77,Rainy,2
1667654473,5/11/2022,13:21:13,2022,11,5,5140,27.664,85.66,666.01,1.25,Stormy,1
1667726988,6/11/2022,09:29:49,2022,11,6,8974,28.642,79.58,657.89,14.83,Rainy,2
1667734537,6/11/2022,11:35:38,2022,11,6,7922,28.964,66.43,555.75,15.74,Stormy,1
1667804338,7/11/2022,06:58:58,2022,11,7,6884,31.493,63.44,592,6.74,Sunny,0
1667804568,7/11/2022,07:02:49,2022,11,7,4980,28.98,61.92,572.28,7.74,Rainy,2
1667808723,7/11/2022,08:12:04,2022,11,7,9745,30.096,80.78,596.16,0.31,Sunny,0
1667816062,7/11/2022,10:14:22,2022,11,7,3781,32.981,94.28,635.53,13.12,Rainy,2
1667834305,7/11/2022,15:18:25,2022,11,7,8880,27.1,73.83,569.54,14.28,Rainy,2
1667902828,8/11/2022,10:20:29,2022,11,8,9271,26.808,91.63,621.56,19.58,Stormy,1
1667943840,8/11/2022,21:44:01,2022,11,8,2700,31.808,91.88,670.02,0.62,Stormy,1
1667986994,9/11/2022,09:43:15,2022,11,9,11673,30.499,65.86,654.19,16.25,Rainy,2
1667991509,9/11/2022,10:58:30,2022,11,9,3835,26.406,71.72,572.9,12.07,Stormy,1
1668012128,9/11/2022,16:42:08,2022,11,9,5715,28.091,89.73,576.08,2.51,Sunny,0
1668035317,9/11/2022,23:08:37,2022,11,9,3884,28.895,67.97,600.99,16.3,Rainy,2
1668111617,10/11/2022,20:20:18,2022,11,10,13404,31.821,87.16,566.36,2.81,Stormy,1
1668132038,11/11/2022,02:00:38,2022,11,11,7910,27.79,83.14,575.43,8.78,Stormy,1
1668143101,11/11/2022,05:05:01,2022,11,11,2665,30.592,60.02,628.25,6.13,Sunny,0
1668146796,11/11/2022,06:06:37,2022,11,11,5537,25.798,63.09,683.04,9.38,Sunny,0
1668170356,11/11/2022,12:39:16,2022,11,11,1466,29.371,89.72,667.18,15.71,Sunny,0
1668186890,11/11/2022,17:14:51,2022,11,11,12116,28.472,90.16,647.43,1.32,Rainy,2
1668203773,11/11/2022,21:56:14,2022,11,11,10816,31.538,74.15,579.76,8.33,Sunny,0
1668306675,13/11/2022,02:31:16,2022,11,13,10265,25.766,86,594.63,6.04,Sunny,0
1668425093,14/11/2022,11:24:53,2022,11,14,3603,25.171,89.16,648.5,19.58,Rainy,2
1668477302,15/11/2022,01:55:02,2022,11,15,10825,32.14,89.64,570.65,3.23,Sunny,0
1668623898,16/11/2022,18:38:19,2022,11,16,4090,32.158,85.27,678.75,3.48,Rainy,2
1668678195,17/11/2022,09:43:15,2022,11,17,2921,26.73,77.97,580.79,13.66,Sunny,0
1668756561,18/11/2022,07:29:22,2022,11,18,10505,30.703,86.32,665.65,3.45,Rainy,2
1668788848,18/11/2022,16:27:29,2022,11,18,3577,29.379,75.71,601.36,17.8,Stormy,1
1668799481,18/11/2022,19:24:41,2022,11,18,2315,29.658,80.14,621.59,17.64,Rainy,2
1668839017,19/11/2022,06:23:37,2022,11,19,12821,29.203,87.43,593.93,16.55,Rainy,2
1668839129,19/11/2022,06:25:29,2022,11,19,13237,27.025,70.46,646.82,17.77,Sunny,0
1668843960,19/11/2022,07:46:01,2022,11,19,3010,29.877,80.14,679.71,7.16,Sunny,0
1669083071,22/11/2022,02:11:11,2022,11,22,6895,31.718,89.95,676.31,17.12,Stormy,1
1669083323,22/11/2022,02:15:23,2022,11,22,9328,30.004,67.81,657.79,11.07,Sunny,0
1669088911,22/11/2022,03:48:32,2022,11,22,9932,31.166,78.47,591.16,15.67,Rainy,2
1669106917,22/11/2022,08:48:38,2022,11,22,5194,29.618,78.59,682.52,6.67,Stormy,1
1669111416,22/11/2022,10:03:36,2022,11,22,6455,25.584,69.6,594.6,12.61,Stormy,1
1669112750,22/11/2022,10:25:51,2022,11,22,8638,28.073,78.53,618.25,16.48,Rainy,2
1669116966,22/11/2022,11:36:07,2022,11,22,12924,25.706,90.5,635.24,8.64,Rainy,2
1669209091,23/11/2022,13:11:31,2022,11,23,2795,32.768,81.07,641.22,11.75,Sunny,0
1669276802,24/11/2022,08:00:03,2022,11,24,10654,28.95,92.8,575.75,1.11,Sunny,0
1669321460,24/11/2022,20:24:20,2022,11,24,12098,32.627,61.1,657.33,15.4,Rainy,2
1669323917,24/11/2022,21:05:18,2022,11,24,1692,32.183,81.15,671.69,8.81,Rainy,2
1669324887,24/11/2022,21:21:28,2022,11,24,6799,25.724,91.35,592.3,16.97,Rainy,2
1669347314,25/11/2022,03:35:14,2022,11,25,2084,25.591,88.88,627.13,10.95,Rainy,2
1669394475,25/11/2022,16:41:15,2022,11,25,14001,26.427,60.89,664.95,4.44,Sunny,0
1669400594,25/11/2022,18:23:15,2022,11,25,8994,24.632,67.59,659.54,5.75,Stormy,1
1669420315,25/11/2022,23:51:55,2022,11,25,11995,32.989,74.34,566.94,9.19,Sunny,0
1669455448,26/11/2022,09:37:28,2022,11,26,14905,24.918,61.81,624.12,16.77,Sunny,0
1669459010,26/11/2022,10:36:50,2022,11,26,9780,32.076,92.45,579.33,12.56,Rainy,2
1669493346,26/11/2022,20:09:06,2022,11,26,12945,25.981,84.59,586.23,0.7,Sunny,0
1669544050,27/11/2022,10:14:10,2022,11,27,10400,27.089,77.08,629.76,16.3,Stormy,1
1669585244,27/11/2022,21:40:44,2022,11,27,8564,29.301,93.6,607.34,2.78,Rainy,2
1669647000,28/11/2022,14:50:00,2022,11,28,12279,31.21,78.78,661.65,3,Stormy,1
1669702763,29/11/2022,06:19:24,2022,11,29,10539,28.478,93.02,559.47,14.99,Sunny,0
1669730414,29/11/2022,14:00:14,2022,11,29,9426,27.655,76.64,671.46,3.24,Sunny,0
1669752677,29/11/2022,20:11:18,2022,11,29,2064,32.07,86.42,590.73,0.31,Sunny,0
1669778928,30/11/2022,03:28:49,2022,11,30,9994,28.82,88.15,592.03,3.51,Sunny,0
1669858962,1/12/2022,01:42:43,2022,12,1,13010,30.919,74.75,571.48,14.25,Sunny,0
1669860394,1/12/2022,02:06:34,2022,12,1,3510,32.449,61.94,607.59,10.4,Stormy,1
1669861409,1/12/2022,02:23:29,2022,12,1,1638,26.78,88.65,645.65,1.37,Stormy,1
1669892527,1/12/2022,11:02:08,2022,12,1,13128,28.573,60.36,616.75,13.81,Rainy,2
1669902692,1/12/2022,13:51:33,2022,12,1,12896,29.244,82.87,600.23,8.95,Sunny,0
1669956793,2/12/2022,04:53:14,2022,12,2,5826,26.639,70.43,675.3,13.31,Stormy,1
1669962068,2/12/2022,06:21:08,2022,12,2,10190,27.249,61.56,666.07,10.13,Rainy,2
1670003626,2/12/2022,17:53:47,2022,12,2,10180,25.923,74.58,641.42,3.43,Sunny,0
1670048382,3/12/2022,06:19:42,2022,12,3,12995,27.683,89.24,565.81,6.93,Sunny,0
1670066130,3/12/2022,11:15:30,2022,12,3,9801,29.188,78.87,598.08,1.84,Sunny,0
1670130634,4/12/2022,05:10:35,2022,12,4,11177,25.705,91.76,563.83,12.94,Stormy,1
1670133663,4/12/2022,06:01:04,2022,12,4,9612,29.549,93.96,653.18,0.63,Stormy,1
1670142667,4/12/2022,08:31:08,2022,12,4,14649,24.777,80.82,642.95,18.64,Stormy,1
1670156499,4/12/2022,12:21:39,2022,12,4,6490,30.712,85.95,636.23,12.3,Rainy,2
1670162632,4/12/2022,14:03:53,2022,12,4,2388,29.793,92.21,604.24,17.28,Sunny,0
1670184125,4/12/2022,20:02:05,2022,12,4,9952,32.164,68.4,615.62,1.72,Rainy,2
1670193273,4/12/2022,22:34:33,2022,12,4,12097,31.38,84.39,600.01,8.85,Rainy,2
1670205859,5/12/2022,02:04:20,2022,12,5,4709,32.166,75.01,584.74,10.57,Rainy,2
1670271197,5/12/2022,20:13:17,2022,12,5,986,26,61.43,616.2,18.37,Rainy,2
1670311023,6/12/2022,07:17:03,2022,12,6,1198,25.912,71.58,660.37,16.57,Sunny,0
1670360282,6/12/2022,20:58:02,2022,12,6,744,27.744,77.36,579.83,16.25,Rainy,2
1670384816,7/12/2022,03:46:57,2022,12,7,10210,32.946,75.44,645.25,0.16,Rainy,2
1670429478,7/12/2022,16:11:18,2022,12,7,1720,28.864,60.92,605.12,14.79,Rainy,2
1670472637,8/12/2022,04:10:38,2022,12,8,2151,29.622,65.01,664.76,18.48,Rainy,2
1670478933,8/12/2022,05:55:34,2022,12,8,11547,28.167,73.62,661.81,15.69,Stormy,1
1670481833,8/12/2022,06:43:54,2022,12,8,11162,26.384,83.96,629.42,2.56,Stormy,1
1670532475,8/12/2022,20:47:55,2022,12,8,8925,32.193,68.17,626.45,16.36,Rainy,2
1670682115,10/12/2022,14:21:55,2022,12,10,6881,25.564,74.44,562.15,4.13,Rainy,2
1670723084,11/12/2022,01:44:44,2022,12,11,12679,26.789,72.89,624.71,11.15,Rainy,2
1670727721,11/12/2022,03:02:02,2022,12,11,2411,31.687,84.5,679.65,1.21,Sunny,0
1670755740,11/12/2022,10:49:01,2022,12,11,14966,32.368,67.54,672.93,0.01,Sunny,0
1670769312,11/12/2022,14:35:12,2022,12,11,14910,30.967,71.14,655.88,1,Stormy,1
1670769529,11/12/2022,14:38:50,2022,12,11,1179,24.736,84.5,621.71,3.35,Stormy,1
1670773200,11/12/2022,15:40:00,2022,12,11,14732,25.926,70.3,615.8,10.71,Rainy,2
1670879881,12/12/2022,21:18:02,2022,12,12,14418,26.593,62.97,597.78,5.04,Rainy,2
1670919405,13/12/2022,08:16:45,2022,12,13,5133,32.323,73.42,636.36,5.81,Rainy,2
1670929582,13/12/2022,11:06:23,2022,12,13,1090,25.346,87.8,651.32,12.51,Sunny,0
1670977518,14/12/2022,00:25:19,2022,12,14,5204,32.44,76.46,662.21,8.32,Stormy,1
1670984145,14/12/2022,02:15:45,2022,12,14,5904,24.617,69.61,600.02,16.19,Sunny,0
1670995883,14/12/2022,05:31:24,2022,12,14,11646,32.73,77.58,561.11,8.9,Stormy,1
1671035379,14/12/2022,16:29:39,2022,12,14,1594,30.201,84.81,654.4,10.67,Stormy,1
1671039967,14/12/2022,17:46:08,2022,12,14,11857,28.269,87.78,636.41,12.92,Rainy,2
1671074060,15/12/2022,03:14:20,2022,12,15,14314,32.226,77.93,621.25,5.81,Stormy,1
1671113239,15/12/2022,14:07:19,2022,12,15,2156,31.877,85.36,583.31,8.96,Rainy,2
1671191924,16/12/2022,11:58:45,2022,12,16,6764,24.888,77.29,663.22,0.05,Rainy,2
1671205351,16/12/2022,15:42:31,2022,12,16,4101,32.678,68.57,664.77,18.13,Sunny,0
1671298952,17/12/2022,17:42:33,2022,12,17,2690,26.818,75.86,589.32,3.97,Sunny,0
1671311615,17/12/2022,21:13:36,2022,12,17,8900,28.713,66.44,558.97,4.19,Rainy,2
1671447181,19/12/2022,10:53:01,2022,12,19,11231,28.328,92.31,668.9,6.07,Rainy,2
1671448236,19/12/2022,11:10:36,2022,12,19,10261,26.196,75.54,573,3.52,Rainy,2
1671482497,19/12/2022,20:41:37,2022,12,19,8745,32.744,72.33,582.07,0.22,Rainy,2
1671502376,20/12/2022,02:12:56,2022,12,20,1719,30.109,73.76,599.74,4.55,Stormy,1
1671503308,20/12/2022,02:28:28,2022,12,20,4890,27.613,92.57,563.75,2.54,Sunny,0
1671503621,20/12/2022,02:33:42,2022,12,20,2921,26.089,92.33,668.04,14.79,Stormy,1
1671576828,20/12/2022,22:53:49,2022,12,20,6610,31.703,80.1,679.03,4.8,Sunny,0
1671590298,21/12/2022,02:38:18,2022,12,21,13719,28.205,86.45,675.28,12.69,Sunny,0
1671597342,21/12/2022,04:35:42,2022,12,21,14165,28.141,65.46,635.7,7.65,Sunny,0
1671600176,21/12/2022,05:22:56,2022,12,21,4408,27.095,70.78,632.83,17.86,Sunny,0
1671658952,21/12/2022,21:42:33,2022,12,21,9266,25.194,67.74,566.57,19.06,Rainy,2
1671663669,21/12/2022,23:01:10,2022,12,21,7782,25.629,91.91,559.39,9.44,Sunny,0
1671741085,22/12/2022,20:31:25,2022,12,22,4812,24.749,79.48,578.17,17.07,Rainy,2
1671777090,23/12/2022,06:31:30,2022,12,23,4536,26.214,65.13,571.78,18.04,Stormy,1
1671804207,23/12/2022,14:03:27,2022,12,23,8367,31.522,94.24,674.81,18.21,Stormy,1
1671817261,23/12/2022,17:41:01,2022,12,23,13032,32.253,72.99,579.17,10.26,Rainy,2
1671827669,23/12/2022,20:34:30,2022,12,23,3332,28.153,63.06,672.92,18.63,Stormy,1
1671890136,24/12/2022,13:55:36,2022,12,24,11434,25.476,77.8,673.34,10.2,Stormy,1
1671906200,24/12/2022,18:23:20,2022,12,24,9130,32.021,77.65,674.59,13.35,Rainy,2
1671958440,25/12/2022,08:54:00,2022,12,25,14197,24.843,90.63,601.06,12.95,Stormy,1
1672095203,26/12/2022,22:53:23,2022,12,26,5143,26.194,70.86,606.36,13.17,Sunny,0
1672118442,27/12/2022,05:20:42,2022,12,27,10139,30.798,80.96,567.73,19.49,Rainy,2
1672131727,27/12/2022,09:02:08,2022,12,27,1824,28.739,93,588.84,15.44,Sunny,0
1672139359,27/12/2022,11:09:19,2022,12,27,10869,26.061,93.36,609.1,19.73,Sunny,0
1672173390,27/12/2022,20:36:30,2022,12,27,5069,30.732,74.49,602.21,8.43,Rainy,2
1672211074,28/12/2022,07:04:34,2022,12,28,14795,27.9,91.49,563.4,18.75,Stormy,1
1672219226,28/12/2022,09:20:26,2022,12,28,3714,29.896,90.99,649.73,11.84,Sunny,0
1672223407,28/12/2022,10:30:07,2022,12,28,14592,31.646,90.99,630.23,9.09,Sunny,0
1672237303,28/12/2022,14:21:43,2022,12,28,4256,27.012,66.73,616.49,16.99,Stormy,1
1672239363,28/12/2022,14:56:03,2022,12,28,5356,27.719,71.32,654.08,14.26,Sunny,0
1672241172,28/12/2022,15:26:12,2022,12,28,9940,28.684,76.46,597.56,11.15,Stormy,1
1672262283,28/12/2022,21:18:03,2022,12,28,11255,25.561,93.39,592.63,17.77,Stormy,1
1672273385,29/12/2022,00:23:05,2022,12,29,12815,27.138,68.4,612.12,4.63,Sunny,0
1672282492,29/12/2022,02:54:52,2022,12,29,7906,24.86,60.91,644.95,15.86,Sunny,0
1672306912,29/12/2022,09:41:53,2022,12,29,5826,27.422,83.7,577.59,14.11,Rainy,2
1672330037,29/12/2022,16:07:17,2022,12,29,12205,26.308,65.57,569.19,9.26,Sunny,0
1672338496,29/12/2022,18:28:16,2022,12,29,10992,29.066,82.56,631.72,17.23,Stormy,1
1672363396,30/12/2022,01:23:16,2022,12,30,5773,30.015,73.69,574.85,3.37,Rainy,2
1672455893,31/12/2022,03:04:54,2022,12,31,3967,29.259,75.73,656.29,4.69,Stormy,1
1672469636,31/12/2022,06:53:57,2022,12,31,9544,28.381,65.5,594.32,13.61,Sunny,0
1672485452,31/12/2022,11:17:32,2022,12,31,7601,30.177,67.83,645.32,0.39,Rainy,2
1672506265,31/12/2022,17:04:25,2022,12,31,5416,29.052,65.99,602.42,11.24,Rainy,2
1672526322,31/12/2022,22:38:42,2022,12,31,4510,32.802,72.13,589.32,1.53,Rainy,2
1672531662,1/1/2023,00:07:43,2023,1,1,1029,29.462,68.08,555.03,17.25,Rainy,2
1672550345,1/1/2023,05:19:05,2023,1,1,10263,32.359,93.51,624.8,17,Rainy,2
1672696708,2/1/2023,21:58:29,2023,1,2,9667,25.257,87.28,629.17,1.23,Rainy,2
1672728601,3/1/2023,06:50:02,2023,1,3,7520,26.256,94.41,677.15,4.35,Sunny,0
1672842397,4/1/2023,14:26:37,2023,1,4,4719,25.191,87.74,639.77,14.42,Sunny,0
1672964725,6/1/2023,00:25:26,2023,1,6,13585,25.002,64.91,638.92,5.17,Stormy,1
1672976784,6/1/2023,03:46:25,2023,1,6,9247,31.385,83.18,589.87,2.52,Stormy,1
1672986311,6/1/2023,06:25:11,2023,1,6,1994,27.624,75.63,668.18,8.53,Rainy,2
1672997273,6/1/2023,09:27:53,2023,1,6,12098,29.494,74.33,662.99,1.81,Sunny,0
1673016450,6/1/2023,14:47:30,2023,1,6,14916,24.801,92.05,610.99,4.41,Rainy,2
1673017085,6/1/2023,14:58:05,2023,1,6,9072,31.031,76.93,653,2.77,Sunny,0
1673021539,6/1/2023,16:12:20,2023,1,6,6782,25.583,86.82,616.41,6.28,Stormy,1
1673031453,6/1/2023,18:57:33,2023,1,6,1941,26.893,73.28,582.99,7.8,Rainy,2
1673053164,7/1/2023,00:59:24,2023,1,7,14563,31.676,61.87,633.45,17.14,Stormy,1
1673091715,7/1/2023,11:41:56,2023,1,7,7109,24.901,69.89,570.44,8.3,Rainy,2
1673100225,7/1/2023,14:03:45,2023,1,7,11926,24.572,76.84,637.53,8.09,Stormy,1
1673150109,8/1/2023,03:55:09,2023,1,8,9248,27.564,89.95,606.42,13.36,Rainy,2
1673169271,8/1/2023,09:14:31,2023,1,8,14540,25.264,67.98,659.64,15.98,Rainy,2
1673183356,8/1/2023,13:09:16,2023,1,8,14187,32.494,76.25,580.42,6.24,Sunny,0
1673188463,8/1/2023,14:34:23,2023,1,8,1696,32.165,60.16,679.48,8.64,Sunny,0
1673323578,10/1/2023,04:06:19,2023,1,10,5416,25.837,76.21,587.11,19.82,Stormy,1
1673329966,10/1/2023,05:52:47,2023,1,10,8648,24.799,80.62,615.44,8.47,Rainy,2
1673365645,10/1/2023,15:47:26,2023,1,10,1407,24.583,84.58,578.74,6,Sunny,0
1673385208,10/1/2023,21:13:28,2023,1,10,6837,31.793,84.12,669.16,1.72,Stormy,1
1673412596,11/1/2023,04:49:57,2023,1,11,8798,25.085,67.38,609.97,19.13,Stormy,1
1673458688,11/1/2023,17:38:09,2023,1,11,1850,29.234,77.51,639.62,19.89,Rainy,2
1673489221,12/1/2023,02:07:01,2023,1,12,10595,30.399,86.76,622.69,17.29,Stormy,1
1673542657,12/1/2023,16:57:38,2023,1,12,13695,31.361,75.94,635.21,15.45,Rainy,2
1673562572,12/1/2023,22:29:33,2023,1,12,9815,28.176,73.48,657.42,18.88,Rainy,2
1673575517,13/1/2023,02:05:18,2023,1,13,10477,30.024,77.04,594.01,8.4,Sunny,0
1673592007,13/1/2023,06:40:07,2023,1,13,4344,28.128,68.36,653.83,12.02,Rainy,2
1673592154,13/1/2023,06:42:34,2023,1,13,1960,25.94,93.08,564.26,19.82,Sunny,0
1673612989,13/1/2023,12:29:50,2023,1,13,1102,29.559,94.52,596.49,14.3,Rainy,2
1673623447,13/1/2023,15:24:07,2023,1,13,1352,27.052,79.32,579.35,19.73,Sunny,0
1673656964,14/1/2023,00:42:45,2023,1,14,10148,26.796,77.66,557.66,10.81,Stormy,1
1673686241,14/1/2023,08:50:41,2023,1,14,7025,29.415,79.4,665.88,14.22,Sunny,0
1673868773,16/1/2023,11:32:54,2023,1,16,13353,25.439,62.85,583.38,0.8,Rainy,2
1673886998,16/1/2023,16:36:39,2023,1,16,6210,29.892,85.19,668.17,10.73,Stormy,1
1674001345,18/1/2023,00:22:25,2023,1,18,9939,26.786,87.57,578.27,14.82,Rainy,2
1674016209,18/1/2023,04:30:09,2023,1,18,14556,26.623,70.91,602.69,10.67,Rainy,2
1674019535,18/1/2023,05:25:36,2023,1,18,5057,30.556,89.26,683.85,18.45,Stormy,1
1674024543,18/1/2023,06:49:04,2023,1,18,4428,31.687,60.89,638.45,6.68,Rainy,2
1674034208,18/1/2023,09:30:08,2023,1,18,13033,28.219,61.88,665.9,16.34,Stormy,1
1674060936,18/1/2023,16:55:37,2023,1,18,8039,27.422,61.88,673.17,15.93,Rainy,2
1674092161,19/1/2023,01:36:01,2023,1,19,13114,31.561,90.66,639,18.18,Sunny,0
1674105370,19/1/2023,05:16:10,2023,1,19,8672,31.354,74.77,649.42,9.65,Stormy,1
1674111961,19/1/2023,07:06:02,2023,1,19,10413,27.126,87.72,572.61,19.53,Rainy,2
1674117877,19/1/2023,08:44:38,2023,1,19,11619,25.506,94.14,640.89,6.93,Rainy,2
1674156846,19/1/2023,19:34:07,2023,1,19,5402,31.908,88.72,605.46,18.12,Stormy,1
1674163257,19/1/2023,21:20:57,2023,1,19,10378,30.763,92.28,648.08,10.49,Stormy,1
1674234228,20/1/2023,17:03:48,2023,1,20,8072,27.014,84.91,657.01,7.27,Stormy,1
1674270307,21/1/2023,03:05:07,2023,1,21,6064,29.084,85.77,667.51,3.64,Sunny,0
1674315576,21/1/2023,15:39:37,2023,1,21,8995,25.726,89.01,645.8,12.46,Stormy,1
1674355572,22/1/2023,02:46:13,2023,1,22,10488,28.385,83.78,625.01,5.03,Stormy,1
1674370530,22/1/2023,06:55:31,2023,1,22,13045,30.563,74.1,584.8,19.86,Stormy,1
1674373527,22/1/2023,07:45:28,2023,1,22,10445,26.84,65.93,668.03,10.22,Stormy,1
1674376808,22/1/2023,08:40:09,2023,1,22,10086,28.3,80.8,641.59,16.77,Rainy,2
1674390420,22/1/2023,12:27:00,2023,1,22,4363,30.985,82.66,596.9,8.16,Stormy,1
1674456692,23/1/2023,06:51:33,2023,1,23,2868,26.43,78.87,609.03,18.24,Rainy,2
1674514423,23/1/2023,22:53:43,2023,1,23,8200,32.765,77.21,579.87,16.91,Rainy,2
1674594695,24/1/2023,21:11:36,2023,1,24,7334,27.334,72.96,571.45,16.59,Stormy,1
1674601611,24/1/2023,23:06:52,2023,1,24,12985,27.011,75.13,632.51,8.55,Stormy,1
1674643950,25/1/2023,10:52:31,2023,1,25,3951,29.86,83.06,660.73,14.13,Stormy,1
1674652701,25/1/2023,13:18:22,2023,1,25,2031,24.838,65.77,649.98,8.85,Stormy,1
1674705482,26/1/2023,03:58:02,2023,1,26,8432,28.474,64.73,653.17,4.12,Sunny,0
1674829881,27/1/2023,14:31:22,2023,1,27,1170,31.255,87.33,629.43,3.52,Sunny,0
1674830110,27/1/2023,14:35:10,2023,1,27,13849,27.244,68.81,583.81,15.56,Stormy,1
1674836535,27/1/2023,16:22:16,2023,1,27,3275,30.918,90.86,627.14,3.28,Sunny,0
1674912001,28/1/2023,13:20:01,2023,1,28,5695,30.788,77.51,682.27,2.6,Rainy,2
1674950041,28/1/2023,23:54:01,2023,1,28,982,24.839,93.5,652.14,6.21,Stormy,1
1674960337,29/1/2023,02:45:37,2023,1,29,8131,28.986,90.97,650.21,5.57,Sunny,0
1675093526,30/1/2023,15:45:27,2023,1,30,4783,30.53,83.03,585.83,17.65,Rainy,2
1675183909,31/1/2023,16:51:50,2023,1,31,6308,26.049,86.23,668.33,0.37,Rainy,2
1675233275,1/2/2023,06:34:35,2023,2,1,12018,29.291,87.37,637.72,15.41,Sunny,0
1675233632,1/2/2023,06:40:33,2023,2,1,14336,31.783,75.13,559.4,16.71,Sunny,0
1675243958,1/2/2023,09:32:39,2023,2,1,11454,26.97,67.46,637.68,7.46,Sunny,0
1675256642,1/2/2023,13:04:03,2023,2,1,6515,26.376,83.49,557.64,15.03,Rainy,2
1675324116,2/2/2023,07:48:36,2023,2,2,3845,25.678,80.45,638.85,7.12,Stormy,1
1675335786,2/2/2023,11:03:07,2023,2,2,5263,27.562,89.74,680.54,7.62,Rainy,2
1675338110,2/2/2023,11:41:50,2023,2,2,3585,24.63,67.73,652.19,17.8,Sunny,0
1675465292,3/2/2023,23:01:32,2023,2,3,7252,25.51,64.81,660.44,2.72,Stormy,1
1675594031,5/2/2023,10:47:11,2023,2,5,5070,32.909,81.44,629.83,1.33,Stormy,1
1675611790,5/2/2023,15:43:11,2023,2,5,7012,26.205,90.84,561.48,1.52,Rainy,2
1675627295,5/2/2023,20:01:35,2023,2,5,10139,30.72,68.08,556.64,14.21,Rainy,2
1675641661,6/2/2023,00:01:02,2023,2,6,2336,28.712,90.54,623.06,16.24,Sunny,0
1675684626,6/2/2023,11:57:07,2023,2,6,5788,27.476,68.33,616.41,4.84,Stormy,1
1675687085,6/2/2023,12:38:05,2023,2,6,7082,32.072,67.97,587.18,13.25,Sunny,0
1675705195,6/2/2023,17:39:55,2023,2,6,7067,25.614,63.92,567.53,7.04,Sunny,0
1675773395,7/2/2023,12:36:35,2023,2,7,9385,26.551,71.09,579.34,15.05,Sunny,0
1675860058,8/2/2023,12:40:58,2023,2,8,4635,30.846,90.41,590.9,12.14,Rainy,2
1675880327,8/2/2023,18:18:47,2023,2,8,6794,25.708,71.14,581.99,1.34,Sunny,0
1675939807,9/2/2023,10:50:08,2023,2,9,5223,32.27,74.06,635.57,5.73,Sunny,0
1675951171,9/2/2023,13:59:31,2023,2,9,12325,30.304,71.86,606.15,13.53,Stormy,1
1675958676,9/2/2023,16:04:37,2023,2,9,12109,25.625,78.2,670.13,2.25,Rainy,2
1675959975,9/2/2023,16:26:16,2023,2,9,12265,27.86,89.35,604.99,7.87,Stormy,1
1676032368,10/2/2023,12:32:48,2023,2,10,12843,31.088,70.07,656.87,15.2,Stormy,1
1676041704,10/2/2023,15:08:25,2023,2,10,3092,26.763,94.9,638.66,15.63,Rainy,2
1676057948,10/2/2023,19:39:09,2023,2,10,2547,31.899,94.13,636.37,1.29,Rainy,2
1676087288,11/2/2023,03:48:08,2023,2,11,6969,30.715,93.19,621.04,4.23,Rainy,2
1676103362,11/2/2023,08:16:02,2023,2,11,1942,30.316,71.5,575.46,1.13,Stormy,1
1676117293,11/2/2023,12:08:13,2023,2,11,11014,26.818,67.92,671.1,15.33,Rainy,2
1676121522,11/2/2023,13:18:43,2023,2,11,3419,27.539,67.33,663.67,0.87,Sunny,0
1676179055,12/2/2023,05:17:35,2023,2,12,4107,29.937,77.48,593.7,16.94,Rainy,2
1676181402,12/2/2023,05:56:42,2023,2,12,6033,31.612,85.05,557.06,10.9,Stormy,1
1676182809,12/2/2023,06:20:10,2023,2,12,12113,32.377,77.97,669.63,12.26,Stormy,1
1676184794,12/2/2023,06:53:15,2023,2,12,7757,25.316,76.43,572.86,7.14,Sunny,0
1676204772,12/2/2023,12:26:13,2023,2,12,10186,25.128,62.25,642.98,10.61,Sunny,0
1676259815,13/2/2023,03:43:36,2023,2,13,5129,32.978,64.83,595.4,15.9,Sunny,0
1676265731,13/2/2023,05:22:12,2023,2,13,8915,27.272,61.44,559,9.09,Sunny,0
1676266375,13/2/2023,05:32:55,2023,2,13,12727,31.286,88.33,678.33,11.6,Sunny,0
1676269276,13/2/2023,06:21:16,2023,2,13,9431,31.198,81.81,656.45,19.48,Stormy,1
1676279785,13/2/2023,09:16:26,2023,2,13,13641,29.337,83.37,678,10.99,Sunny,0
1676283751,13/2/2023,10:22:32,2023,2,13,8207,31.9,85.7,559.46,12.75,Stormy,1
1676285645,13/2/2023,10:54:06,2023,2,13,14166,30.906,70.3,678.6,9.1,Stormy,1
1676305148,13/2/2023,16:19:08,2023,2,13,13951,27.238,63.75,664.7,7.34,Rainy,2
1676360024,14/2/2023,07:33:44,2023,2,14,9425,29.343,92.59,615.89,2.98,Sunny,0
1676364908,14/2/2023,08:55:09,2023,2,14,6436,25.573,70,564.37,18.01,Stormy,1
1676440980,15/2/2023,06:03:01,2023,2,15,7952,31.169,74.7,668.77,19.2,Sunny,0
1676514997,16/2/2023,02:36:38,2023,2,16,11743,30.596,72.51,577.15,0.44,Stormy,1
1676527440,16/2/2023,06:04:00,2023,2,16,11263,28.528,68.22,638.2,7.7,Sunny,0
1676530748,16/2/2023,06:59:09,2023,2,16,10885,26.635,88.87,617.48,3.65,Rainy,2
1676539130,16/2/2023,09:18:50,2023,2,16,2122,29.3,84.47,632.19,3.85,Sunny,0
1676590401,16/2/2023,23:33:21,2023,2,16,2622,32.327,85.08,625.05,0.08,Rainy,2
1676687551,18/2/2023,02:32:32,2023,2,18,3373,25.602,71.28,674.67,5.47,Rainy,2
1676711874,18/2/2023,09:17:55,2023,2,18,11584,28.159,85.22,657.03,6.53,Stormy,1
1676729097,18/2/2023,14:04:57,2023,2,18,5263,28.622,89.23,653.89,17.54,Stormy,1
1676736463,18/2/2023,16:07:43,2023,2,18,14486,25.147,79.46,683.46,10.1,Sunny,0
1676766112,19/2/2023,00:21:52,2023,2,19,6674,26.895,72.82,584.19,0.9,Stormy,1
1676796198,19/2/2023,08:43:18,2023,2,19,11820,32.971,66.78,594.84,17.48,Sunny,0
1676817122,19/2/2023,14:32:02,2023,2,19,13806,27.95,73.31,664.56,9.88,Sunny,0
1676825674,19/2/2023,16:54:35,2023,2,19,14868,29.999,71.38,648.79,3.93,Stormy,1
1676866711,20/2/2023,04:18:32,2023,2,20,2339,26.174,83.38,645.91,16.07,Stormy,1
1677038373,22/2/2023,03:59:33,2023,2,22,4180,27.667,66.42,638.43,14.67,Sunny,0
1677052303,22/2/2023,07:51:43,2023,2,22,5119,30.406,84.31,606.7,6.49,Sunny,0
1677070275,22/2/2023,12:51:15,2023,2,22,9424,29.853,87.04,671.68,3.63,Stormy,1
1677087229,22/2/2023,17:33:49,2023,2,22,5699,25.593,67.49,580.75,18.34,Sunny,0
1677163853,23/2/2023,14:50:54,2023,2,23,12423,24.995,71.62,576.08,19.52,Rainy,2
1677183208,23/2/2023,20:13:28,2023,2,23,5050,31.498,86.14,601.88,9.45,Sunny,0
1677244087,24/2/2023,13:08:07,2023,2,24,2333,30.924,83.77,644,5.24,Sunny,0
1677245612,24/2/2023,13:33:33,2023,2,24,5077,26.899,90.1,654.37,0.22,Stormy,1
1677305019,25/2/2023,06:03:39,2023,2,25,9597,26.792,60.18,668.19,14.44,Rainy,2
1677397745,26/2/2023,07:49:06,2023,2,26,1529,25.93,91.16,671.1,11.36,Sunny,0
1677401931,26/2/2023,08:58:52,2023,2,26,12943,25.767,88.24,660.42,19.66,Sunny,0
1677428830,26/2/2023,16:27:11,2023,2,26,10102,29.779,71.16,582.62,7.99,Sunny,0
1677446429,26/2/2023,21:20:29,2023,2,26,5116,30.197,72.69,622.33,2.19,Rainy,2
1677547536,28/2/2023,01:25:37,2023,2,28,5682,25.215,78.63,657.13,19.12,Stormy,1
1677619892,28/2/2023,21:31:33,2023,2,28,2185,28.148,88.51,588.77,17.11,Sunny,0
1677639796,1/3/2023,03:03:17,2023,3,1,10629,32.486,68.93,626.84,3.67,Stormy,1
1677711373,1/3/2023,22:56:13,2023,3,1,13513,31.895,82.95,664.31,4.12,Rainy,2
1677746601,2/3/2023,08:43:22,2023,3,2,4842,31.587,89.46,581.07,17.83,Stormy,1
1677756351,2/3/2023,11:25:51,2023,3,2,11838,30.971,80.82,633.81,17.73,Sunny,0
1677768131,2/3/2023,14:42:11,2023,3,2,12694,24.754,63.5,670.54,15.37,Rainy,2
1677772064,2/3/2023,15:47:44,2023,3,2,14099,31.605,91.78,583.35,17.75,Stormy,1
1677779362,2/3/2023,17:49:22,2023,3,2,12772,27.887,93.79,577.92,16.72,Stormy,1
1677828848,3/3/2023,07:34:09,2023,3,3,1007,31.029,60.42,573.17,19.95,Sunny,0
1677917659,4/3/2023,08:14:20,2023,3,4,8665,29.095,81.92,651.2,14.01,Rainy,2
1677961274,4/3/2023,20:21:14,2023,3,4,13352,30.715,69.04,574.54,4.52,Rainy,2
1677985087,5/3/2023,02:58:07,2023,3,5,14747,25.48,63.76,629.06,9.75,Sunny,0
1678005523,5/3/2023,08:38:44,2023,3,5,14964,28.1,81.23,567.3,3.75,Sunny,0
1678015069,5/3/2023,11:17:49,2023,3,5,13753,24.809,64.24,612.78,7.67,Stormy,1
1678046115,5/3/2023,19:55:15,2023,3,5,849,25.365,88.69,636.52,13.16,Sunny,0
1678060883,6/3/2023,00:01:24,2023,3,6,8828,31.003,90.36,614.66,12.16,Sunny,0
1678069585,6/3/2023,02:26:26,2023,3,6,3583,28.948,66.25,582.5,10.12,Sunny,0
1678077139,6/3/2023,04:32:19,2023,3,6,1147,30.292,64.34,575.07,11.69,Rainy,2
1678103030,6/3/2023,11:43:50,2023,3,6,1144,28.305,66.41,629.79,16.11,Sunny,0
1678121156,6/3/2023,16:45:56,2023,3,6,13821,25.8,84.99,587.08,6.02,Rainy,2
1678142971,6/3/2023,22:49:32,2023,3,6,12863,25.46,61.69,645.77,12.48,Rainy,2
1678163633,7/3/2023,04:33:54,2023,3,7,9241,30.67,68.62,563.75,12.97,Sunny,0
1678191341,7/3/2023,12:15:41,2023,3,7,11485,31.604,93.07,565.56,8.65,Stormy,1
1678198366,7/3/2023,14:12:46,2023,3,7,13871,28.799,93.93,560.39,3.66,Stormy,1
1678217442,7/3/2023,19:30:42,2023,3,7,14450,28.796,91.35,652.49,10.4,Stormy,1
1678225288,7/3/2023,21:41:28,2023,3,7,866,30.52,65.32,620.45,11.06,Rainy,2
1678226169,7/3/2023,21:56:09,2023,3,7,7188,25.056,70.44,630.95,17.79,Rainy,2
1678249809,8/3/2023,04:30:10,2023,3,8,13729,24.756,89.99,577.04,4.46,Stormy,1
1678251683,8/3/2023,05:01:24,2023,3,8,2738,28.298,61.34,603.97,3.18,Stormy,1
1678287008,8/3/2023,14:50:08,2023,3,8,4914,28.726,67.42,574.68,11.03,Stormy,1
1678293584,8/3/2023,16:39:45,2023,3,8,889,31.104,91.87,644.51,5.98,Stormy,1
1678373495,9/3/2023,14:51:35,2023,3,9,6937,27.142,80.51,598.2,9.79,Rainy,2
1678377050,9/3/2023,15:50:50,2023,3,9,871,26.786,65.08,585.8,16.85,Sunny,0
1678403148,9/3/2023,23:05:48,2023,3,9,5089,24.638,93.52,580.77,18.64,Stormy,1
1678408934,10/3/2023,00:42:15,2023,3,10,5463,31.476,82.72,593.26,16.7,Stormy,1
1678480301,10/3/2023,20:31:41,2023,3,10,9911,26.995,78.22,674.57,15.87,Sunny,0
1678505277,11/3/2023,03:27:57,2023,3,11,14186,31.517,87.19,636.15,6.12,Rainy,2
1678515730,11/3/2023,06:22:11,2023,3,11,8562,26.045,88.48,625.28,18.92,Rainy,2
1678571872,11/3/2023,21:57:53,2023,3,11,7810,30.171,73,670.57,8.72,Sunny,0
1678574848,11/3/2023,22:47:29,2023,3,11,12865,30.629,70.02,647.29,4.61,Rainy,2
1678697335,13/3/2023,08:48:55,2023,3,13,5828,24.986,84.22,636.56,7.79,Rainy,2
1678758281,14/3/2023,01:44:41,2023,3,14,11372,28.186,69.02,580.98,19.35,Sunny,0
1678773696,14/3/2023,06:01:37,2023,3,14,6430,32.617,74.8,623.39,9.2,Rainy,2
1678810788,14/3/2023,16:19:49,2023,3,14,5025,32.883,76.32,606.48,0.33,Stormy,1
1678825094,14/3/2023,20:18:14,2023,3,14,14295,24.501,91.64,654.01,11.79,Stormy,1
1678826231,14/3/2023,20:37:11,2023,3,14,11574,25.24,76.8,571.58,18.1,Stormy,1
1678873061,15/3/2023,09:37:41,2023,3,15,4441,32.447,85.63,598.29,4.16,Stormy,1
1678882120,15/3/2023,12:08:40,2023,3,15,1352,29.012,60.16,649.16,10.01,Stormy,1
1678910485,15/3/2023,20:01:25,2023,3,15,4661,32.723,84.23,656.95,19.76,Rainy,2
1678919973,15/3/2023,22:39:34,2023,3,15,9897,31.342,94.9,673.26,9.63,Stormy,1
1678944890,16/3/2023,05:34:51,2023,3,16,12020,25.898,88.22,579.84,0.04,Rainy,2
1678990019,16/3/2023,18:06:59,2023,3,16,5377,31.044,81.69,650.36,3.23,Sunny,0
1679038673,17/3/2023,07:37:54,2023,3,17,6752,25.794,77.48,555.85,13.8,Rainy,2
1679077622,17/3/2023,18:27:03,2023,3,17,7314,24.715,89.5,586.95,2.88,Stormy,1
1679188505,19/3/2023,01:15:06,2023,3,19,2765,30.186,89.19,618.31,1.32,Rainy,2
1679230123,19/3/2023,12:48:43,2023,3,19,4402,26.129,87.97,664.27,13.69,Sunny,0
1679243396,19/3/2023,16:29:56,2023,3,19,10087,29.901,89.84,654.73,1.94,Sunny,0
1679260276,19/3/2023,21:11:16,2023,3,19,12309,25.123,84.17,562.29,3.43,Stormy,1
1679268211,19/3/2023,23:23:31,2023,3,19,12420,28.802,64.72,594.45,10.01,Stormy,1
1679280159,20/3/2023,02:42:39,2023,3,20,9278,30.017,78.46,674,10.65,Rainy,2
1679398855,21/3/2023,11:40:56,2023,3,21,5759,24.899,89.29,656.76,8.15,Sunny,0
1679426580,21/3/2023,19:23:01,2023,3,21,7626,32.236,81.49,666.86,5.03,Stormy,1
1679494436,22/3/2023,14:13:56,2023,3,22,14413,31.638,87.66,647.25,18.5,Stormy,1
1679497543,22/3/2023,15:05:44,2023,3,22,1532,26.507,70.14,663.14,5.2,Sunny,0
1679567476,23/3/2023,10:31:16,2023,3,23,1003,29.852,84.14,602.92,13.65,Rainy,2
1679644244,24/3/2023,07:50:44,2023,3,24,13758,24.543,87.28,655.32,10.91,Sunny,0
1679650829,24/3/2023,09:40:30,2023,3,24,8547,31.518,83.89,680.36,3.67,Rainy,2
1679675328,24/3/2023,16:28:48,2023,3,24,3780,32.619,85.4,581.85,16.48,Sunny,0
1679799043,26/3/2023,02:50:43,2023,3,26,11370,28.28,75.22,610.62,7.98,Sunny,0
1679837664,26/3/2023,13:34:25,2023,3,26,9775,32.018,76.88,624.81,18.5,Stormy,1
1679884859,27/3/2023,02:41:00,2023,3,27,8536,28.625,76.2,663.02,19.65,Rainy,2
1679913475,27/3/2023,10:37:55,2023,3,27,13416,26.255,81.56,638.18,9.19,Stormy,1
1679934289,27/3/2023,16:24:49,2023,3,27,14231,25.752,64.93,647.15,3.57,Stormy,1
1680116905,29/3/2023,19:08:26,2023,3,29,9159,24.871,72.24,560.83,10.75,Stormy,1
1680144840,30/3/2023,02:54:01,2023,3,30,14583,25.451,90.68,589.08,9.53,Stormy,1
1680170879,30/3/2023,10:08:00,2023,3,30,3036,30.053,69.43,668.5,3.27,Sunny,0
1680259970,31/3/2023,10:52:51,2023,3,31,12800,26.374,70.33,683.72,17.8,Stormy,1
1680262655,31/3/2023,11:37:36,2023,3,31,8919,26.721,94.03,591.24,16.17,Rainy,2
1680267477,31/3/2023,12:57:57,2023,3,31,6227,26.465,73.89,655.98,2.68,Stormy,1
1680270197,31/3/2023,13:43:17,2023,3,31,4240,30.66,76.47,681.94,1.52,Stormy,1
1680273846,31/3/2023,14:44:07,2023,3,31,3697,28.91,62.35,658.07,3,Rainy,2
1680305486,31/3/2023,23:31:26,2023,3,31,12379,31.36,79.48,618.21,18.25,Rainy,2
1680316123,1/4/2023,02:28:43,2023,4,1,10244,27.851,81.98,566.96,17.6,Sunny,0
1680336511,1/4/2023,08:08:32,2023,4,1,8724,27.091,87.26,636.31,4.9,Rainy,2
1680436958,2/4/2023,12:02:39,2023,4,2,9919,29.797,64.41,618.77,5.5,Stormy,1
1680462714,2/4/2023,19:11:55,2023,4,2,8598,29.796,86.85,567.42,6.07,Sunny,0
1680476180,2/4/2023,22:56:20,2023,4,2,5585,26.597,86.37,564.88,12.07,Stormy,1
1680489375,3/4/2023,02:36:15,2023,4,3,12062,25.044,74.75,574.05,1.7,Rainy,2
1680557607,3/4/2023,21:33:28,2023,4,3,14399,31.159,64.88,644.2,4.99,Rainy,2
1680609117,4/4/2023,11:51:57,2023,4,4,7260,28.004,62.08,581.97,3.35,Sunny,0
1680609525,4/4/2023,11:58:46,2023,4,4,5838,32.99,64.95,637.43,2.81,Stormy,1
1680688519,5/4/2023,09:55:20,2023,4,5,6968,24.56,78.48,604.79,0.35,Stormy,1
1680727836,5/4/2023,20:50:37,2023,4,5,5688,32.817,80.04,572.55,12.05,Sunny,0
1680789404,6/4/2023,13:56:44,2023,4,6,10360,29.136,60.75,624.65,7.51,Sunny,0
1680791938,6/4/2023,14:38:59,2023,4,6,1234,30.969,63.56,603.02,11.75,Rainy,2
1680806835,6/4/2023,18:47:16,2023,4,6,2441,26.328,63.18,609.52,4.23,Rainy,2
1680881895,7/4/2023,15:38:16,2023,4,7,6946,28.932,85.62,680.18,16.46,Stormy,1
1680890607,7/4/2023,18:03:28,2023,4,7,1394,32.028,61.84,673.06,2.72,Sunny,0
1680909430,7/4/2023,23:17:10,2023,4,7,13882,25.328,79.61,606.93,2.86,Rainy,2
1680913484,8/4/2023,00:24:44,2023,4,8,5042,32.277,70.49,599.83,10.32,Sunny,0
1680921265,8/4/2023,02:34:25,2023,4,8,7135,31.14,67.12,588.17,12.03,Rainy,2
1680931119,8/4/2023,05:18:39,2023,4,8,9938,29.725,64.04,593.47,4.41,Stormy,1
1681043061,9/4/2023,12:24:21,2023,4,9,10882,32.216,91.37,593.97,9.86,Rainy,2
1681110836,10/4/2023,07:13:57,2023,4,10,2916,30.151,61.14,656.36,10.68,Sunny,0
1681118762,10/4/2023,09:26:03,2023,4,10,13550,29.156,79.66,573.24,0.14,Rainy,2
1681134779,10/4/2023,13:53:00,2023,4,10,10418,31.416,89.68,573.94,14.81,Rainy,2
1681161603,10/4/2023,21:20:04,2023,4,10,3709,25.877,67.77,619.86,19.31,Rainy,2
1681261811,12/4/2023,01:10:12,2023,4,12,6351,26.565,73.94,570.33,3.2,Stormy,1
1681278855,12/4/2023,05:54:16,2023,4,12,5620,25.254,79.46,626.59,6.38,Sunny,0
1681311620,12/4/2023,15:00:21,2023,4,12,12319,30.691,71.51,624.43,12.5,Sunny,0
1681331657,12/4/2023,20:34:18,2023,4,12,3568,25.663,92.93,676.69,9.26,Stormy,1
1681351451,13/4/2023,02:04:11,2023,4,13,13677,28.217,90.86,645.67,9.98,Sunny,0
1681362974,13/4/2023,05:16:15,2023,4,13,7571,30.611,78.48,563.77,13.31,Sunny,0
1681391230,13/4/2023,13:07:10,2023,4,13,9492,31.592,74.16,570.66,9.4,Stormy,1
1681399222,13/4/2023,15:20:22,2023,4,13,3022,32.557,80.44,571.58,2.81,Sunny,0
1681414908,13/4/2023,19:41:49,2023,4,13,9480,26.095,65.53,566.21,10.04,Stormy,1
1681450906,14/4/2023,05:41:47,2023,4,14,5028,25.182,61.88,655.41,10.16,Stormy,1
1681502336,14/4/2023,19:58:56,2023,4,14,13953,29.497,90.27,648.36,4.01,Stormy,1
1681528129,15/4/2023,03:08:49,2023,4,15,2850,32.647,77.44,599.66,7.79,Stormy,1
1681560399,15/4/2023,12:06:39,2023,4,15,5577,29.594,78.76,615.34,5.07,Rainy,2
1681571266,15/4/2023,15:07:46,2023,4,15,13278,32.113,86.14,648.33,15.24,Rainy,2
1681579583,15/4/2023,17:26:24,2023,4,15,6376,32.445,72.44,558.28,13.74,Stormy,1
1681611147,16/4/2023,02:12:27,2023,4,16,14186,26.587,88.52,580.65,1.4,Rainy,2
1681618761,16/4/2023,04:19:22,2023,4,16,2868,25.106,89.13,642.99,10.34,Sunny,0
1681620589,16/4/2023,04:49:50,2023,4,16,12815,28.868,65.39,652.66,16.56,Sunny,0
1681633061,16/4/2023,08:17:41,2023,4,16,7057,31.351,63.02,579.35,8.98,Sunny,0
1681666644,16/4/2023,17:37:25,2023,4,16,5030,30.2,63.05,571.39,19.02,Stormy,1
1681668885,16/4/2023,18:14:46,2023,4,16,11712,31.69,70.41,628.94,3.25,Rainy,2
1681693723,17/4/2023,01:08:44,2023,4,17,12397,32.233,70.08,592.72,2.96,Sunny,0
1681694726,17/4/2023,01:25:27,2023,4,17,11643,30.353,65.66,680.04,13.64,Sunny,0
1681711241,17/4/2023,06:00:41,2023,4,17,13867,28.287,64.6,604.92,1.66,Rainy,2
1681747591,17/4/2023,16:06:32,2023,4,17,10241,26.161,78.44,680.58,4.35,Rainy,2
1681748131,17/4/2023,16:15:31,2023,4,17,3398,28.667,78.02,639.11,2.41,Stormy,1
1681863753,19/4/2023,00:22:34,2023,4,19,4072,24.815,87.65,624.2,18.03,Rainy,2
1681900499,19/4/2023,10:34:59,2023,4,19,7957,25.291,87.39,663.56,10.23,Sunny,0
1681921380,19/4/2023,16:23:00,2023,4,19,9606,31.75,67.16,645.38,5.61,Sunny,0
1681932913,19/4/2023,19:35:14,2023,4,19,14648,28.613,67.17,578.5,1.08,Sunny,0
1681983469,20/4/2023,09:37:49,2023,4,20,9680,30.984,86.1,652.98,15.13,Sunny,0
1682049106,21/4/2023,03:51:46,2023,4,21,4783,32.663,64.43,607.25,11.73,Stormy,1
1682116473,21/4/2023,22:34:33,2023,4,21,11652,28.215,85.53,558.69,10.83,Stormy,1
1682131971,22/4/2023,02:52:52,2023,4,22,7575,32.701,77.86,660.96,3.49,Rainy,2
1682145219,22/4/2023,06:33:39,2023,4,22,14051,30.715,64.66,585.97,2.05,Stormy,1
1682166511,22/4/2023,12:28:32,2023,4,22,14364,30.413,91.53,606.8,19.95,Rainy,2
1682198226,22/4/2023,21:17:06,2023,4,22,1004,30.778,67.7,626.62,10.65,Sunny,0
1682206332,22/4/2023,23:32:12,2023,4,22,6673,26.854,62.1,565.91,10.51,Rainy,2
1682316954,24/4/2023,06:15:55,2023,4,24,1504,28.804,73.01,680.52,10.13,Sunny,0
1682440705,25/4/2023,16:38:26,2023,4,25,14216,27.38,90.07,655.6,3.1,Stormy,1
1682555530,27/4/2023,00:32:11,2023,4,27,7335,32.005,66.9,603.67,18.11,Sunny,0
1682567176,27/4/2023,03:46:16,2023,4,27,2591,32.229,69.91,594.41,4.77,Rainy,2
1682600099,27/4/2023,12:54:59,2023,4,27,933,30.058,75.15,671.81,2.76,Rainy,2
1682625445,27/4/2023,19:57:25,2023,4,27,12139,25.127,93.79,631.49,0.43,Sunny,0
1682708213,28/4/2023,18:56:53,2023,4,28,8142,28.623,63.34,678.63,19.8,Sunny,0
1682723521,28/4/2023,23:12:02,2023,4,28,7324,28.348,92.32,673.55,9.38,Sunny,0
1682747340,29/4/2023,05:49:00,2023,4,29,14914,31.127,94.91,570.56,9.42,Stormy,1
1682776891,29/4/2023,14:01:32,2023,4,29,7126,30.316,73.41,567.64,17.59,Stormy,1
1682790895,29/4/2023,17:54:56,2023,4,29,6927,26.195,84.21,620.25,16.97,Sunny,0
1682801548,29/4/2023,20:52:29,2023,4,29,3031,30.682,78.95,639.18,17.05,Sunny,0
1682831199,30/4/2023,05:06:39,2023,4,30,1446,27.292,91.48,634.97,1.4,Sunny,0
1682900576,1/5/2023,00:22:57,2023,5,1,11065,30.493,80.59,649.82,10.05,Stormy,1
1682907080,1/5/2023,02:11:20,2023,5,1,10342,28.165,93.06,661.88,11.6,Rainy,2
1682935358,1/5/2023,10:02:38,2023,5,1,5512,25.606,63.82,634.17,6.36,Rainy,2
1682954354,1/5/2023,15:19:14,2023,5,1,5947,29.128,90,560.79,8.84,Rainy,2
1683011811,2/5/2023,07:16:52,2023,5,2,14134,31.455,88.52,640.86,17.76,Rainy,2
1683098017,3/5/2023,07:13:37,2023,5,3,4178,26.636,90.54,572.6,13.11,Rainy,2
1683117040,3/5/2023,12:30:40,2023,5,3,9628,30.634,82.1,587.95,5.14,Stormy,1
1683166147,4/5/2023,02:09:07,2023,5,4,11926,27.591,70.7,594.72,4.12,Sunny,0
1683177068,4/5/2023,05:11:08,2023,5,4,6166,27.657,60.34,623.76,16.66,Stormy,1
1683443822,7/5/2023,07:17:03,2023,5,7,10771,26.097,67.7,572.32,0.06,Stormy,1
1683452993,7/5/2023,09:49:54,2023,5,7,11213,29.03,64.64,570.04,16.49,Rainy,2
1683519775,8/5/2023,04:22:56,2023,5,8,12052,32.587,66.84,600.21,3.6,Stormy,1
1683598391,9/5/2023,02:13:11,2023,5,9,3226,29.061,66.22,683.83,15.23,Rainy,2
1683614564,9/5/2023,06:42:45,2023,5,9,7296,32.831,82.89,654.15,2.92,Stormy,1
1683644164,9/5/2023,14:56:04,2023,5,9,7614,24.572,80.64,564.08,2.35,Sunny,0
1683783329,11/5/2023,05:35:29,2023,5,11,6118,28.292,83.17,572.11,11.07,Stormy,1
1683803370,11/5/2023,11:09:30,2023,5,11,10877,27.79,91.26,672.02,8.74,Sunny,0
1683826523,11/5/2023,17:35:24,2023,5,11,4977,29.92,76.92,594.84,19.05,Sunny,0
1683828122,11/5/2023,18:02:02,2023,5,11,10125,26.686,75.69,583.41,18.77,Sunny,0
1683833528,11/5/2023,19:32:09,2023,5,11,1753,30.039,86.5,643.48,8.99,Stormy,1
1683857324,12/5/2023,02:08:44,2023,5,12,9313,32.87,90.21,561.19,1.1,Stormy,1
1683878566,12/5/2023,08:02:47,2023,5,12,9413,29.83,62.7,675.64,12.9,Stormy,1
1683909835,12/5/2023,16:43:56,2023,5,12,10679,29.89,86.17,594.15,7.59,Sunny,0
1683910108,12/5/2023,16:48:28,2023,5,12,8197,29.711,64.57,612.54,14.85,Rainy,2
1683948384,13/5/2023,03:26:24,2023,5,13,9253,25.282,65.54,668.08,11.72,Stormy,1
1683988230,13/5/2023,14:30:30,2023,5,13,14374,26.945,77.07,607.17,7.15,Rainy,2
1684041796,14/5/2023,05:23:17,2023,5,14,2209,27.453,74.66,626.33,10.98,Stormy,1
1684090509,14/5/2023,18:55:10,2023,5,14,9744,30.641,92.46,600.91,17.68,Rainy,2
1684100802,14/5/2023,21:46:43,2023,5,14,8348,28.154,68.86,595.59,2.81,Stormy,1
1684158390,15/5/2023,13:46:30,2023,5,15,7193,31.868,68.49,658.66,11.25,Sunny,0
1684183341,15/5/2023,20:42:21,2023,5,15,6669,25.129,85.37,597.8,11.62,Stormy,1
1684206070,16/5/2023,03:01:10,2023,5,16,6212,30.612,67.5,648.28,2.45,Rainy,2
1684230660,16/5/2023,09:51:01,2023,5,16,6309,25.471,61.69,620.99,10.66,Sunny,0
1684320066,17/5/2023,10:41:06,2023,5,17,3700,27.05,93.04,586.32,9.19,Rainy,2
1684342871,17/5/2023,17:01:12,2023,5,17,3627,29.895,60.15,567.62,2.09,Sunny,0
1684385698,18/5/2023,04:54:59,2023,5,18,12380,31.024,88.16,605.17,17.47,Stormy,1
1684419086,18/5/2023,14:11:26,2023,5,18,1711,25.066,66.72,587.93,14.19,Rainy,2
1684435846,18/5/2023,18:50:47,2023,5,18,14511,29.092,77.45,668.69,19.16,Stormy,1
1684458144,19/5/2023,01:02:24,2023,5,19,7458,24.89,84.12,679.31,16.59,Stormy,1
1684485215,19/5/2023,08:33:35,2023,5,19,746,28.999,63.82,561.26,13.71,Rainy,2
1684503657,19/5/2023,13:40:58,2023,5,19,13661,31.224,64.86,653.41,5.87,Sunny,0
1684605618,20/5/2023,18:00:19,2023,5,20,10978,32.278,63.65,638.23,11.14,Rainy,2
1684649218,21/5/2023,06:06:58,2023,5,21,11556,27.763,94.11,658.72,12.41,Stormy,1
1684682926,21/5/2023,15:28:47,2023,5,21,5338,27.996,70.21,577.29,19.68,Stormy,1
1684788534,22/5/2023,20:48:55,2023,5,22,5433,28.604,84.21,662.3,1.13,Stormy,1
1684822357,23/5/2023,06:12:37,2023,5,23,10127,31.442,64.7,682.16,4.88,Stormy,1
1684882605,23/5/2023,22:56:46,2023,5,23,6379,27.338,69.4,645.5,16.51,Sunny,0
1684891467,24/5/2023,01:24:27,2023,5,24,13645,30.783,62.51,667.64,13.89,Rainy,2
1684898677,24/5/2023,03:24:38,2023,5,24,4104,29.697,82.61,626.46,11.37,Rainy,2
1684901763,24/5/2023,04:16:04,2023,5,24,9504,31.543,70.82,581.03,0.5,Sunny,0
1684928956,24/5/2023,11:49:17,2023,5,24,1258,28.467,61.33,567.31,13.96,Sunny,0
1684981725,25/5/2023,02:28:46,2023,5,25,882,27.848,62.32,606.9,3.9,Rainy,2
1684999693,25/5/2023,07:28:14,2023,5,25,5285,28.883,77.83,561.18,14.36,Rainy,2
1685006153,25/5/2023,09:15:53,2023,5,25,11919,31.917,92.6,566.56,8.08,Rainy,2
1685046216,25/5/2023,20:23:36,2023,5,25,1847,28.686,83.78,671.9,18.06,Stormy,1
1685126053,26/5/2023,18:34:13,2023,5,26,8178,27.624,83.75,603.39,4.84,Stormy,1
1685126069,26/5/2023,18:34:29,2023,5,26,4371,24.689,67.71,619.66,6.13,Sunny,0
1685136317,26/5/2023,21:25:17,2023,5,26,6726,32.592,90.96,593.7,14.52,Rainy,2
1685206968,27/5/2023,17:02:49,2023,5,27,4143,29.818,66.8,674.07,9.04,Rainy,2
1685230103,27/5/2023,23:28:23,2023,5,27,11440,26.342,72.69,593.81,16.12,Sunny,0
1685310807,28/5/2023,21:53:28,2023,5,28,3884,27.655,80.51,679.82,7.95,Rainy,2
1685326980,29/5/2023,02:23:01,2023,5,29,10131,31.858,79.18,672.92,10.77,Stormy,1
1685344200,29/5/2023,07:10:00,2023,5,29,9222,26.399,62.1,632.34,13.12,Stormy,1
1685349290,29/5/2023,08:34:50,2023,5,29,12139,26.652,93.97,616.13,6.45,Rainy,2
1685394666,29/5/2023,21:11:07,2023,5,29,10117,29.423,81.4,672.82,18.77,Sunny,0
1685500025,31/5/2023,02:27:05,2023,5,31,1816,30.555,85.07,570.01,4.27,Rainy,2
1685716394,2/6/2023,14:33:14,2023,6,2,2982,32.164,68.6,650.73,6.6,Sunny,0
1685768847,3/6/2023,05:07:28,2023,6,3,10265,26.791,92.2,581.87,15.37,Sunny,0
1685772661,3/6/2023,06:11:02,2023,6,3,12756,28.929,73.2,558.64,0.63,Sunny,0
1685777061,3/6/2023,07:24:21,2023,6,3,5747,31.641,90.7,581.2,4.52,Sunny,0
1685787674,3/6/2023,10:21:15,2023,6,3,10372,28.757,60.67,555.94,0.29,Sunny,0
1685802135,3/6/2023,14:22:15,2023,6,3,4126,26.052,68.87,616.86,5.84,Rainy,2
1685847194,4/6/2023,02:53:14,2023,6,4,3105,32.467,84.03,602.8,0.35,Rainy,2
1685863303,4/6/2023,07:21:43,2023,6,4,4425,25.906,71.4,562.7,16.46,Stormy,1
1685908598,4/6/2023,19:56:39,2023,6,4,5037,31.423,84.94,560.51,4.64,Sunny,0
1685960500,5/6/2023,10:21:40,2023,6,5,3470,31.086,81.11,591.91,14.88,Stormy,1
1685981697,5/6/2023,16:14:58,2023,6,5,3414,24.653,78.76,620.07,19.87,Sunny,0
1685987970,5/6/2023,17:59:31,2023,6,5,14217,31.075,84.58,620.59,16.82,Sunny,0
1686001020,5/6/2023,21:37:00,2023,6,5,1907,26.934,71.82,601.45,1.28,Rainy,2
1686049409,6/6/2023,11:03:29,2023,6,6,6274,30.965,84.83,561.97,19.26,Sunny,0
1686059169,6/6/2023,13:46:09,2023,6,6,14300,25.444,94.94,618.44,19.4,Stormy,1
1686061790,6/6/2023,14:29:51,2023,6,6,776,30.678,66.18,601.77,9.51,Sunny,0
1686062206,6/6/2023,14:36:46,2023,6,6,11482,26.979,81.87,673.82,5.84,Rainy,2
1686092992,6/6/2023,23:09:53,2023,6,6,8092,30.099,77.99,562.83,17.45,Rainy,2
1686136534,7/6/2023,11:15:35,2023,6,7,9581,25.389,93.87,575.19,18.91,Rainy,2
1686153323,7/6/2023,15:55:23,2023,6,7,1602,30.724,72.71,654.75,9.18,Sunny,0
1686176418,7/6/2023,22:20:18,2023,6,7,3078,27.239,75.48,625.03,2.62,Sunny,0
1686189961,8/6/2023,02:06:02,2023,6,8,2832,25.786,84.99,622.96,13.94,Stormy,1
1686227862,8/6/2023,12:37:43,2023,6,8,13944,24.674,81.95,683.92,18.25,Sunny,0
1686230505,8/6/2023,13:21:46,2023,6,8,7711,25.656,60.17,661.16,3.6,Sunny,0
1686254902,8/6/2023,20:08:23,2023,6,8,6344,30.137,68.63,633.74,2.53,Rainy,2
1686287203,9/6/2023,05:06:43,2023,6,9,7773,26.528,81.09,674.54,1.13,Stormy,1
1686348840,9/6/2023,22:14:01,2023,6,9,6248,31.281,92.63,595.3,9.35,Rainy,2
1686369447,10/6/2023,03:57:27,2023,6,10,9279,29.812,70.87,638.97,12.59,Rainy,2
1686382680,10/6/2023,07:38:01,2023,6,10,13109,30.196,71.36,562.61,18.87,Rainy,2
1686397602,10/6/2023,11:46:43,2023,6,10,3784,30.677,62.75,570.25,16.38,Stormy,1
1686413169,10/6/2023,16:06:09,2023,6,10,9495,31.088,90.09,655.42,7.69,Rainy,2
1686426157,10/6/2023,19:42:37,2023,6,10,13334,25.64,60.33,619.09,6.17,Sunny,0
1686438812,10/6/2023,23:13:33,2023,6,10,2186,24.942,79,652.35,19.38,Stormy,1
1686476835,11/6/2023,09:47:16,2023,6,11,6718,25.207,89.9,555.52,13.62,Rainy,2
1686481849,11/6/2023,11:10:50,2023,6,11,14011,32.819,71.03,635.49,10.67,Stormy,1
1686530347,12/6/2023,00:39:07,2023,6,12,4626,26.16,71.97,668.4,19.94,Rainy,2
1686569981,12/6/2023,11:39:42,2023,6,12,9716,28.615,79.09,664.91,16.9,Sunny,0
1686655628,13/6/2023,11:27:09,2023,6,13,9561,24.816,93.69,580.22,0.38,Rainy,2
1686688776,13/6/2023,20:39:37,2023,6,13,9101,26.258,93.33,582.71,15.67,Sunny,0
1686689062,13/6/2023,20:44:22,2023,6,13,10150,25.534,92.92,616.85,0.46,Sunny,0
1686703511,14/6/2023,00:45:12,2023,6,14,8223,25.933,79.55,573.28,3.86,Stormy,1
1686717343,14/6/2023,04:35:43,2023,6,14,12381,27.605,79.34,607.09,12.77,Rainy,2
1686731970,14/6/2023,08:39:31,2023,6,14,9363,25.07,77.66,674.49,7.17,Rainy,2
1686749031,14/6/2023,13:23:51,2023,6,14,10997,26.967,65.53,631.9,16.63,Sunny,0
1686750469,14/6/2023,13:47:49,2023,6,14,5951,31.651,79.26,675.97,2.05,Rainy,2
1686785296,14/6/2023,23:28:16,2023,6,14,13124,29.317,73.11,556.46,16.34,Rainy,2
1686830273,15/6/2023,11:57:53,2023,6,15,8315,29.369,84.5,584.78,5.66,Rainy,2
1686857613,15/6/2023,19:33:34,2023,6,15,11047,25.944,62.26,654.57,9.64,Stormy,1
1686861694,15/6/2023,20:41:35,2023,6,15,11086,32.531,78.02,677.95,12.35,Sunny,0
1686903756,16/6/2023,08:22:37,2023,6,16,5795,30.668,62.13,588.14,3.67,Rainy,2
1686918917,16/6/2023,12:35:18,2023,6,16,4387,29.72,72.54,608.6,6.43,Sunny,0
1686974906,17/6/2023,04:08:27,2023,6,17,5004,27.316,80.76,561.85,8.74,Stormy,1
1687034562,17/6/2023,20:42:43,2023,6,17,2276,29.913,66.02,565.72,14.03,Rainy,2
1687062765,18/6/2023,04:32:46,2023,6,18,14226,29.194,60.09,666.06,4.12,Rainy,2
1687106995,18/6/2023,16:49:56,2023,6,18,5898,31.049,90.9,558.02,4.34,Stormy,1
1687138446,19/6/2023,01:34:06,2023,6,19,3608,28.448,71.3,614.86,8.77,Stormy,1
1687187128,19/6/2023,15:05:28,2023,6,19,4419,27.854,83.89,669.97,9.89,Stormy,1
1687188172,19/6/2023,15:22:52,2023,6,19,9606,32.182,79.86,572.66,15.74,Stormy,1
1687199150,19/6/2023,18:25:50,2023,6,19,13337,26.66,78.58,675.6,9.55,Stormy,1
1687208637,19/6/2023,21:03:58,2023,6,19,12307,29.478,84.26,664.69,18.29,Stormy,1
1687216324,19/6/2023,23:12:04,2023,6,19,12317,32.708,90.96,659.15,10.41,Rainy,2
1687221653,20/6/2023,00:40:54,2023,6,20,9313,32.634,67.02,590.47,8.21,Stormy,1
1687223421,20/6/2023,01:10:21,2023,6,20,11404,26.674,86.89,570.08,7.38,Rainy,2
1687223564,20/6/2023,01:12:45,2023,6,20,2802,32.244,92.26,629.81,9.55,Rainy,2
1687228791,20/6/2023,02:39:52,2023,6,20,11478,24.63,84.75,671.76,16.03,Sunny,0
1687243098,20/6/2023,06:38:18,2023,6,20,3687,30.533,88.94,561.45,1.5,Rainy,2
1687267711,20/6/2023,13:28:32,2023,6,20,10841,30.057,86.54,642.39,11.75,Rainy,2
1687280799,20/6/2023,17:06:40,2023,6,20,7552,30.24,81.4,612.97,6.24,Stormy,1
1687289068,20/6/2023,19:24:28,2023,6,20,4447,26.361,86.35,583.98,17.15,Stormy,1
1687299439,20/6/2023,22:17:19,2023,6,20,1489,27.197,63.62,572.46,12.2,Rainy,2
1687318064,21/6/2023,03:27:44,2023,6,21,4623,30.548,63.76,560.91,3.52,Sunny,0
1687345880,21/6/2023,11:11:21,2023,6,21,3527,30.264,76.47,592.54,1.47,Sunny,0
1687493161,23/6/2023,04:06:01,2023,6,23,14813,31.072,89.14,592.84,16.69,Stormy,1
1687497044,23/6/2023,05:10:44,2023,6,23,12983,29.572,65.9,636.85,11.24,Stormy,1
1687522302,23/6/2023,12:11:42,2023,6,23,11121,27.978,82.69,573.66,14.74,Rainy,2
1687553501,23/6/2023,20:51:42,2023,6,23,12777,26.708,83.88,673.9,17.12,Rainy,2
1687570143,24/6/2023,01:29:03,2023,6,24,7156,30.132,94.84,585.66,5.63,Rainy,2
1687598056,24/6/2023,09:14:16,2023,6,24,10133,26.898,67.57,570.51,8.7,Sunny,0
1687620992,24/6/2023,15:36:33,2023,6,24,6867,31.244,91.12,576.66,14.33,Rainy,2
1687627630,24/6/2023,17:27:11,2023,6,24,12409,28.637,83.1,615.04,11.04,Sunny,0
1687642607,24/6/2023,21:36:48,2023,6,24,985,32.657,63.27,639.27,12.3,Rainy,2
1687665651,25/6/2023,04:00:52,2023,6,25,3701,32.254,68.46,570.64,4.22,Rainy,2
1687689425,25/6/2023,10:37:05,2023,6,25,13741,32.957,60.36,581.67,7.76,Rainy,2
1687819806,26/6/2023,22:50:07,2023,6,26,12552,29.89,94.43,613.81,8.27,Sunny,0
1687836282,27/6/2023,03:24:42,2023,6,27,7906,28.532,60.05,583.41,10.97,Stormy,1
1687843340,27/6/2023,05:22:20,2023,6,27,11692,31.34,84.17,682.07,4.84,Rainy,2
1687844218,27/6/2023,05:36:58,2023,6,27,6337,32.106,76.48,565.83,5.65,Rainy,2
1687876129,27/6/2023,14:28:49,2023,6,27,10268,25.692,77.12,679.02,14.88,Rainy,2
1687903535,27/6/2023,22:05:36,2023,6,27,3747,28.303,83.73,570.08,11.14,Stormy,1
1687924655,28/6/2023,03:57:36,2023,6,28,10269,28.646,84.87,602.91,14.36,Rainy,2
1687932222,28/6/2023,06:03:42,2023,6,28,4071,29.5,92.83,571.02,2.33,Rainy,2
1687946006,28/6/2023,09:53:26,2023,6,28,14535,27.759,87.74,595.62,10.67,Sunny,0
1687970969,28/6/2023,16:49:30,2023,6,28,1593,27.467,92.29,562.45,6.01,Stormy,1
1688005968,29/6/2023,02:32:49,2023,6,29,2361,27.996,64.26,605.54,8.47,Sunny,0
1688019177,29/6/2023,06:12:57,2023,6,29,11059,27.854,92.62,566.79,6.18,Sunny,0
1688031888,29/6/2023,09:44:49,2023,6,29,3642,32.821,75.88,604.99,2.24,Stormy,1
1688063746,29/6/2023,18:35:47,2023,6,29,2672,28.892,63.46,568.65,0.69,Rainy,2
1688084880,30/6/2023,00:28:01,2023,6,30,14395,29.224,61.54,636.28,16.8,Sunny,0
1688101613,30/6/2023,05:06:54,2023,6,30,4806,26.835,66.47,668.62,13.38,Stormy,1
1688159255,30/6/2023,21:07:35,2023,6,30,10266,27.388,71.47,591.64,3.19,Rainy,2
1688173074,1/7/2023,00:57:54,2023,7,1,13042,32.991,68.41,598.67,18.28,Stormy,1
1688182938,1/7/2023,03:42:19,2023,7,1,1664,28.689,65.55,564.71,2.49,Stormy,1
1688190696,1/7/2023,05:51:37,2023,7,1,5083,27.029,83.66,634.18,8,Sunny,0
1688206744,1/7/2023,10:19:05,2023,7,1,12432,26.014,84.62,671.6,9.6,Stormy,1
1688246902,1/7/2023,21:28:23,2023,7,1,12563,30.171,66.65,563.59,17.7,Stormy,1
1688274162,2/7/2023,05:02:42,2023,7,2,4077,32.636,75.59,636.5,18.8,Sunny,0
1688312711,2/7/2023,15:45:12,2023,7,2,9945,29.777,77.37,669.31,10.85,Rainy,2
1688314749,2/7/2023,16:19:10,2023,7,2,9556,27.945,70.1,614.2,17.38,Stormy,1
1688364233,3/7/2023,06:03:53,2023,7,3,8800,32.414,73.51,666.41,10.7,Sunny,0
1688371928,3/7/2023,08:12:09,2023,7,3,1805,26.448,78,555.14,6.2,Sunny,0
1688458403,4/7/2023,08:13:23,2023,7,4,4928,26.163,94.94,617.96,11.53,Sunny,0
1688459090,4/7/2023,08:24:50,2023,7,4,8809,29.625,77.95,578.47,10.12,Sunny,0
1688497286,4/7/2023,19:01:26,2023,7,4,5223,32.131,87.63,595.53,9.33,Stormy,1
1688506566,4/7/2023,21:36:07,2023,7,4,7595,25.83,68.75,589.79,2.06,Rainy,2
1688523391,5/7/2023,02:16:31,2023,7,5,3184,28.581,82.58,602.5,6.34,Sunny,0
1688545607,5/7/2023,08:26:48,2023,7,5,13142,25.365,71.68,674.72,17.27,Rainy,2
1688555979,5/7/2023,11:19:40,2023,7,5,7435,31.913,90.87,584.25,4.96,Sunny,0
1688590130,5/7/2023,20:48:50,2023,7,5,14303,31.976,86.89,558.97,8.29,Sunny,0
1688590597,5/7/2023,20:56:38,2023,7,5,13630,26.101,72.02,664.53,18.17,Stormy,1
1688593923,5/7/2023,21:52:04,2023,7,5,9286,24.524,65.22,583.72,11.34,Stormy,1
1688682536,6/7/2023,22:28:57,2023,7,6,9868,27.223,66.52,627.49,14.77,Rainy,2
1688692069,7/7/2023,01:07:49,2023,7,7,13538,27.422,74.63,670.43,3.06,Stormy,1
1688702456,7/7/2023,04:00:56,2023,7,7,11637,30.529,88.24,626.92,18.6,Rainy,2
1688714301,7/7/2023,07:18:21,2023,7,7,10214,25.92,87.98,606.36,6.7,Rainy,2
1688798106,8/7/2023,06:35:06,2023,7,8,13567,30.635,63.29,568.86,7.14,Stormy,1
1688808568,8/7/2023,09:29:29,2023,7,8,5883,32.24,70.49,599.25,5.49,Sunny,0
1688822300,8/7/2023,13:18:20,2023,7,8,4836,30.759,80.29,674.81,5.48,Sunny,0
1688852059,8/7/2023,21:34:19,2023,7,8,5963,25.642,72.35,675.11,19.89,Rainy,2
1688855207,8/7/2023,22:26:47,2023,7,8,7208,32.306,60.35,634.67,1.77,Rainy,2
1688870279,9/7/2023,02:37:59,2023,7,9,3386,25.736,65,623.44,12.19,Rainy,2
1688876422,9/7/2023,04:20:22,2023,7,9,4666,26.061,87.13,556.55,0.47,Rainy,2
1688927828,9/7/2023,18:37:09,2023,7,9,3775,27.701,89.7,672.73,16.6,Stormy,1
1688960154,10/7/2023,03:35:54,2023,7,10,6432,29.842,69.28,567.2,19.02,Rainy,2
1688961010,10/7/2023,03:50:10,2023,7,10,14374,26.749,89.06,634.5,5.34,Sunny,0
1688985818,10/7/2023,10:43:39,2023,7,10,1363,30.736,75.06,594.61,10.93,Sunny,0
1689047167,11/7/2023,03:46:07,2023,7,11,7137,26.441,76.78,575.1,6.47,Rainy,2
1689059263,11/7/2023,07:07:43,2023,7,11,11936,28.951,85.26,632.6,6.05,Rainy,2
1689066162,11/7/2023,09:02:42,2023,7,11,11925,28.957,63.56,671.85,16.29,Rainy,2
1689091313,11/7/2023,16:01:53,2023,7,11,14346,32.517,88.53,677.85,18.18,Sunny,0
1689094025,11/7/2023,16:47:05,2023,7,11,7147,26.206,74.4,640.85,4.41,Rainy,2
1689226525,13/7/2023,05:35:26,2023,7,13,9171,25.183,86.27,674.92,8.53,Rainy,2
1689251999,13/7/2023,12:40:00,2023,7,13,10720,29.08,93.65,590.08,6.61,Stormy,1
1689260980,13/7/2023,15:09:41,2023,7,13,8610,25.252,94.38,566.02,3.89,Rainy,2
1689267515,13/7/2023,16:58:36,2023,7,13,946,29.835,63.28,631.1,2.51,Stormy,1
1689279782,13/7/2023,20:23:03,2023,7,13,11900,24.8,74.95,617.49,8.16,Rainy,2
1689288891,13/7/2023,22:54:52,2023,7,13,6801,30.812,60.08,557.4,5.72,Sunny,0
1689325745,14/7/2023,09:09:06,2023,7,14,3036,28.68,71.22,555.03,15,Stormy,1
1689368633,14/7/2023,21:03:54,2023,7,14,14530,32.672,77.32,570.48,1.83,Rainy,2
1689401016,15/7/2023,06:03:36,2023,7,15,13325,26.754,74,680.78,6.96,Rainy,2
1689403833,15/7/2023,06:50:34,2023,7,15,12591,31.358,94.28,635.91,12.03,Stormy,1
1689417705,15/7/2023,10:41:46,2023,7,15,1279,24.564,60.24,593.68,19.27,Stormy,1
1689422682,15/7/2023,12:04:43,2023,7,15,3895,30.779,60.68,592.71,1.48,Stormy,1
1689443406,15/7/2023,17:50:06,2023,7,15,14237,29.392,74.12,678.96,2.94,Stormy,1
1689444562,15/7/2023,18:09:23,2023,7,15,13240,25.999,65.34,620.17,17.43,Stormy,1
1689462087,15/7/2023,23:01:27,2023,7,15,3561,28.393,68.71,555.6,4.67,Stormy,1
1689584083,17/7/2023,08:54:43,2023,7,17,10664,30.376,92.18,663.84,15.42,Rainy,2
1689594752,17/7/2023,11:52:33,2023,7,17,9499,26.609,90.7,555.44,14.05,Rainy,2
1689597486,17/7/2023,12:38:06,2023,7,17,5281,25.515,93.47,643.21,7.2,Sunny,0
1689688224,18/7/2023,13:50:24,2023,7,18,13559,29.191,64.69,633.7,7.8,Sunny,0
1689698523,18/7/2023,16:42:04,2023,7,18,9613,27.414,82.2,594.75,4.09,Stormy,1
1689703064,18/7/2023,17:57:44,2023,7,18,9198,25.6,65.05,657.92,17.3,Rainy,2
1689703839,18/7/2023,18:10:40,2023,7,18,945,26.199,76.95,610.04,6.92,Stormy,1
1689723581,18/7/2023,23:39:42,2023,7,18,11440,27.75,80.44,563,17.54,Sunny,0
1689732432,19/7/2023,02:07:12,2023,7,19,12941,28.171,75.14,569.58,0.7,Rainy,2
1689802691,19/7/2023,21:38:12,2023,7,19,2298,26.674,78.9,585.79,8.42,Rainy,2
1689827989,20/7/2023,04:39:50,2023,7,20,8271,28.886,79.96,674.93,9.47,Stormy,1
1689841377,20/7/2023,08:22:57,2023,7,20,12430,31.771,70.41,676.87,14.76,Rainy,2
1689841478,20/7/2023,08:24:38,2023,7,20,4246,26.516,84.98,652.32,7.44,Stormy,1
1689985787,22/7/2023,00:29:48,2023,7,22,5105,27.393,72.97,592.19,13.18,Rainy,2
1690047404,22/7/2023,17:36:44,2023,7,22,5911,31.118,80.07,625.55,0.91,Stormy,1
1690131412,23/7/2023,16:56:52,2023,7,23,9962,25.33,66.5,655.35,18.87,Rainy,2
1690156213,23/7/2023,23:50:13,2023,7,23,2351,25.406,90.23,650.78,15.26,Rainy,2
1690157751,24/7/2023,00:15:52,2023,7,24,12469,30.079,61.62,616.25,0.71,Rainy,2
1690172713,24/7/2023,04:25:14,2023,7,24,5900,31.344,90.82,615.1,0.48,Sunny,0
1690190304,24/7/2023,09:18:24,2023,7,24,13541,32.46,71.42,678.25,4.03,Sunny,0
1690200855,24/7/2023,12:14:16,2023,7,24,10048,26.816,66.66,604.86,2.16,Sunny,0
1690339553,26/7/2023,02:45:54,2023,7,26,6801,27.695,66.39,646.31,10.51,Sunny,0
1690412913,26/7/2023,23:08:34,2023,7,26,5029,24.563,76.11,677.3,0.33,Sunny,0
1690444968,27/7/2023,08:02:49,2023,7,27,10155,29.68,94.45,648.18,3.47,Rainy,2
1690463813,27/7/2023,13:16:54,2023,7,27,6787,31.597,72.71,614.59,17.16,Stormy,1
1690554780,28/7/2023,14:33:01,2023,7,28,3955,29.668,74.41,611.39,5.07,Stormy,1
1690586126,28/7/2023,23:15:26,2023,7,28,8671,28.177,87.96,652.87,4.32,Sunny,0
1690609819,29/7/2023,05:50:20,2023,7,29,4218,30.166,65.74,636.87,2.82,Sunny,0
1690742775,30/7/2023,18:46:16,2023,7,30,4230,29.013,93.16,668.99,9.51,Stormy,1
1690748304,30/7/2023,20:18:24,2023,7,30,3234,30.383,87.6,681.59,9.98,Sunny,0
1690760401,30/7/2023,23:40:01,2023,7,30,6473,27.503,63.44,663.6,4.2,Rainy,2
1690770743,31/7/2023,02:32:24,2023,7,31,2730,27.197,68.34,670.74,14.94,Sunny,0
1690853668,1/8/2023,01:34:29,2023,8,1,3590,25.306,94.4,614.59,9.73,Rainy,2
1690878224,1/8/2023,08:23:44,2023,8,1,5804,24.538,79.05,659.6,12.56,Rainy,2
1690884688,1/8/2023,10:11:29,2023,8,1,7109,27.86,89.03,562.55,19.43,Stormy,1
1690893226,1/8/2023,12:33:46,2023,8,1,10146,30.87,72,590.85,17.37,Sunny,0
1690945708,2/8/2023,03:08:29,2023,8,2,8484,31.986,88.32,561.31,10.46,Rainy,2
1690954579,2/8/2023,05:36:20,2023,8,2,13170,31.901,89.17,573.57,4.95,Rainy,2
1691012754,2/8/2023,21:45:55,2023,8,2,3495,30.279,60.99,652.88,5.16,Stormy,1
1691138652,4/8/2023,08:44:13,2023,8,4,13475,27.598,85.45,562.42,11.06,Stormy,1
1691151588,4/8/2023,12:19:49,2023,8,4,9789,25.28,92.37,613.52,6.4,Rainy,2
1691173532,4/8/2023,18:25:33,2023,8,4,5221,30.966,82.35,573.78,14.04,Stormy,1
1691186626,4/8/2023,22:03:47,2023,8,4,10411,25.636,82.21,592.79,7.23,Sunny,0
1691196463,5/8/2023,00:47:43,2023,8,5,2293,28.214,87.32,623.27,9.53,Stormy,1
1691260071,5/8/2023,18:27:51,2023,8,5,11432,24.983,87.9,581.48,17.84,Rainy,2
1691277341,5/8/2023,23:15:41,2023,8,5,7132,32.533,84.84,612.78,18.27,Stormy,1
1691278388,5/8/2023,23:33:08,2023,8,5,12705,29.572,65.81,683.78,13.4,Sunny,0
1691364473,6/8/2023,23:27:53,2023,8,6,11701,26.802,84.78,679.45,16.85,Rainy,2
1691410102,7/8/2023,12:08:22,2023,8,7,7145,30.059,77.92,673.43,14.36,Rainy,2
1691427229,7/8/2023,16:53:49,2023,8,7,12706,26.691,78.21,666.63,6.15,Rainy,2
1691459138,8/8/2023,01:45:38,2023,8,8,4703,32.006,73.04,627.16,0.25,Sunny,0
1691467204,8/8/2023,04:00:04,2023,8,8,7800,25.622,69.96,659.12,19.45,Stormy,1
1691468367,8/8/2023,04:19:27,2023,8,8,10665,32.553,77.65,587.72,8.87,Sunny,0
1691472877,8/8/2023,05:34:38,2023,8,8,8238,28.35,66,640.66,2.11,Rainy,2
1691475990,8/8/2023,06:26:31,2023,8,8,7156,30.147,80.52,616.96,19.43,Rainy,2
1691516249,8/8/2023,17:37:29,2023,8,8,5334,27.271,72.96,622.85,5.84,Stormy,1
1691551067,9/8/2023,03:17:47,2023,8,9,12474,26.152,86.84,600.02,17.69,Rainy,2
1691553070,9/8/2023,03:51:10,2023,8,9,5510,28.703,73.88,634.28,2.02,Stormy,1
1691572534,9/8/2023,09:15:35,2023,8,9,10034,25.96,79.9,574.7,12.26,Rainy,2
1691603482,9/8/2023,17:51:22,2023,8,9,13720,25.184,94.4,657.8,3.9,Rainy,2
1691635120,10/8/2023,02:38:40,2023,8,10,14355,32.205,66.09,616.19,4.72,Rainy,2
1691694778,10/8/2023,19:12:59,2023,8,10,9875,32.69,88.79,609.14,3.46,Stormy,1
1691703496,10/8/2023,21:38:16,2023,8,10,12333,24.959,68.56,608.4,4.24,Rainy,2
1691706373,10/8/2023,22:26:13,2023,8,10,6901,28.272,83.72,583.85,9.57,Stormy,1
1691756187,11/8/2023,12:16:27,2023,8,11,2688,32.942,70.19,576.76,12.36,Rainy,2
1691769779,11/8/2023,16:03:00,2023,8,11,4217,24.941,66.98,623.57,7.86,Stormy,1
1691827270,12/8/2023,08:01:10,2023,8,12,2612,31.254,68.07,561.7,18.19,Stormy,1
1691876814,12/8/2023,21:46:55,2023,8,12,13580,28.016,80.23,635.11,10.58,Sunny,0
1691891450,13/8/2023,01:50:50,2023,8,13,6731,31.92,64.53,608.72,1.94,Stormy,1
1691901409,13/8/2023,04:36:49,2023,8,13,8389,27.634,86.84,621.2,6.37,Rainy,2
1691907923,13/8/2023,06:25:24,2023,8,13,5441,28.419,62.02,634.28,15.83,Sunny,0
1691927460,13/8/2023,11:51:00,2023,8,13,12772,31.711,73.52,656.73,3.3,Rainy,2
1692050173,14/8/2023,21:56:13,2023,8,14,1847,28.732,72.78,568.65,12.4,Sunny,0
1692063207,15/8/2023,01:33:27,2023,8,15,4004,26.803,61.12,613.42,1.46,Stormy,1
1692133959,15/8/2023,21:12:40,2023,8,15,10648,24.828,66.96,648.82,13.91,Rainy,2
1692185005,16/8/2023,11:23:25,2023,8,16,13167,32.78,92.37,670.98,0.22,Rainy,2
1692233197,17/8/2023,00:46:37,2023,8,17,7176,27.928,69.04,579.83,3.35,Stormy,1
1692273394,17/8/2023,11:56:34,2023,8,17,2909,25.946,83.73,661.27,2.43,Rainy,2
1692275847,17/8/2023,12:37:28,2023,8,17,12495,32.642,61.72,682.21,12.81,Stormy,1
1692297369,17/8/2023,18:36:09,2023,8,17,12261,32.969,73.25,555.99,15.4,Rainy,2
1692312354,17/8/2023,22:45:54,2023,8,17,7518,27.822,64.62,601.27,15,Stormy,1
1692323954,18/8/2023,01:59:15,2023,8,18,3044,31.037,75.93,560.93,6.78,Rainy,2
1692381794,18/8/2023,18:03:15,2023,8,18,12411,24.655,70.53,675.86,2.68,Sunny,0
1692398072,18/8/2023,22:34:32,2023,8,18,9439,26.369,81.16,563.22,2.05,Rainy,2
1692402007,18/8/2023,23:40:07,2023,8,18,1443,24.506,83.36,605.64,17.97,Sunny,0
1692456039,19/8/2023,14:40:39,2023,8,19,14961,25.784,76.93,646.25,11.44,Rainy,2
1692458543,19/8/2023,15:22:24,2023,8,19,5099,31.478,81.15,566.38,18.21,Sunny,0
1692476058,19/8/2023,20:14:18,2023,8,19,1514,29.366,88,610.24,8.62,Sunny,0
1692490680,20/8/2023,00:18:01,2023,8,20,3304,29.102,80.97,583.27,17.23,Sunny,0
1692518059,20/8/2023,07:54:19,2023,8,20,1989,32.737,81.75,640.23,12.26,Stormy,1
1692546828,20/8/2023,15:53:49,2023,8,20,6292,30.923,89.27,602.36,14.85,Rainy,2
1692554855,20/8/2023,18:07:36,2023,8,20,2382,25.975,72.72,677.4,7.15,Stormy,1
1692555799,20/8/2023,18:23:20,2023,8,20,13271,29.457,70.82,615.1,1.05,Stormy,1
1692603965,21/8/2023,07:46:06,2023,8,21,14079,25.191,73.52,610.5,4.25,Rainy,2
1692642598,21/8/2023,18:29:59,2023,8,21,7162,27.832,62.07,599.6,3.9,Rainy,2
1692662072,21/8/2023,23:54:32,2023,8,21,726,31.789,69.4,616.17,8.84,Sunny,0
1692772176,23/8/2023,06:29:36,2023,8,23,2162,27.248,70.97,555.2,8.26,Stormy,1
1692799829,23/8/2023,14:10:30,2023,8,23,9639,32.607,77.07,642.45,5.62,Rainy,2
1692805996,23/8/2023,15:53:17,2023,8,23,9986,29.764,67.69,620.57,3.37,Rainy,2
1692817375,23/8/2023,19:02:55,2023,8,23,12243,27.111,60.03,635.18,5.82,Sunny,0
1692901963,24/8/2023,18:32:44,2023,8,24,10189,25.516,93.83,621.76,6.31,Stormy,1
1692909750,24/8/2023,20:42:31,2023,8,24,8155,27.352,94.1,661.85,16.86,Stormy,1
1692927338,25/8/2023,01:35:38,2023,8,25,10532,25.619,66.19,630.59,7.62,Sunny,0
1692966580,25/8/2023,12:29:41,2023,8,25,5928,30.484,86.09,611.76,7.67,Rainy,2
1693038873,26/8/2023,08:34:34,2023,8,26,11855,31.012,68.74,604.32,2.02,Sunny,0
1693063707,26/8/2023,15:28:28,2023,8,26,13239,25.531,82.86,608.46,17.85,Rainy,2
1693068725,26/8/2023,16:52:06,2023,8,26,6372,24.534,89.03,615.82,4.22,Stormy,1
1693103615,27/8/2023,02:33:36,2023,8,27,6305,27.443,90.07,646.88,9.79,Stormy,1
1693143349,27/8/2023,13:35:49,2023,8,27,11538,30.523,65.94,598.3,4.13,Sunny,0
1693176507,27/8/2023,22:48:28,2023,8,27,774,26.686,90.65,649.95,17.15,Rainy,2
1693192333,28/8/2023,03:12:13,2023,8,28,3241,24.712,88.31,569.01,3.95,Sunny,0
1693209171,28/8/2023,07:52:51,2023,8,28,2674,25.907,77.22,628.22,1.09,Stormy,1
1693244864,28/8/2023,17:47:45,2023,8,28,4302,30.672,94.81,606.72,18.8,Stormy,1
1693255278,28/8/2023,20:41:18,2023,8,28,8328,25.672,83.47,633.31,19.88,Stormy,1
1693282864,29/8/2023,04:21:05,2023,8,29,10626,32.36,87.13,619.93,2.49,Rainy,2
1693341411,29/8/2023,20:36:51,2023,8,29,8395,27.734,69.98,556.88,2.98,Sunny,0
1693344525,29/8/2023,21:28:46,2023,8,29,3996,27.17,61.43,672.86,6.7,Stormy,1
1693366835,30/8/2023,03:40:36,2023,8,30,8046,25.229,64.81,561.2,14.55,Stormy,1
1693397267,30/8/2023,12:07:47,2023,8,30,11642,30.283,94.35,682.43,6.81,Stormy,1
1693444030,31/8/2023,01:07:10,2023,8,31,10925,28.094,84.1,581.81,5.19,Stormy,1
1693444792,31/8/2023,01:19:53,2023,8,31,6330,27.643,77.33,649.41,16.51,Stormy,1
1693449372,31/8/2023,02:36:12,2023,8,31,14683,26.611,73.02,676.05,5.91,Rainy,2
1693463618,31/8/2023,06:33:39,2023,8,31,11241,29.923,77.8,593.94,0.87,Sunny,0
1693466707,31/8/2023,07:25:08,2023,8,31,3881,27.326,69.52,623.11,0.2,Rainy,2
1693493328,31/8/2023,14:48:48,2023,8,31,6411,32.899,94.2,596.36,0.95,Sunny,0
1693508335,31/8/2023,18:58:55,2023,8,31,1872,30.18,74.6,638.79,8.58,Stormy,1
1693511380,31/8/2023,19:49:40,2023,8,31,7809,32.825,69.91,593.39,10.28,Stormy,1
1693520661,31/8/2023,22:24:22,2023,8,31,1258,32.028,72.57,659.52,2.35,Sunny,0
1693571350,1/9/2023,12:29:10,2023,9,1,3590,28.016,64.45,555.73,3.77,Stormy,1
1693617490,2/9/2023,01:18:10,2023,9,2,1074,29.499,71.64,560.9,16.62,Stormy,1
1693622710,2/9/2023,02:45:11,2023,9,2,6570,31.974,65.74,668.74,1.52,Rainy,2
1693693359,2/9/2023,22:22:39,2023,9,2,8166,28.419,80.86,566.61,11.04,Rainy,2
1693752301,3/9/2023,14:45:01,2023,9,3,802,32.052,89.83,671.64,17.71,Rainy,2
1693813535,4/9/2023,07:45:36,2023,9,4,8216,25.116,71.71,643.18,13.16,Stormy,1
1693825890,4/9/2023,11:11:31,2023,9,4,5602,27.03,69.87,596.89,16.2,Rainy,2
1693853425,4/9/2023,18:50:25,2023,9,4,10351,26.375,88.18,570.13,12.38,Rainy,2
1693927596,5/9/2023,15:26:37,2023,9,5,14012,28.659,89.63,671.61,15.19,Rainy,2
1693938338,5/9/2023,18:25:38,2023,9,5,9063,28.844,89.58,623.78,4.24,Stormy,1
1693938970,5/9/2023,18:36:11,2023,9,5,746,31.142,82.43,663.1,14.35,Sunny,0
1693966176,6/9/2023,02:09:36,2023,9,6,13734,27.067,75.19,644.97,2.95,Stormy,1
1693971164,6/9/2023,03:32:44,2023,9,6,12685,26.803,66.96,556.65,8,Stormy,1
1693977738,6/9/2023,05:22:19,2023,9,6,5371,29.037,90.06,650.42,3.61,Sunny,0
1694006931,6/9/2023,13:28:52,2023,9,6,872,25.297,70.89,624.93,10.71,Rainy,2
1694041844,6/9/2023,23:10:45,2023,9,6,4217,28.792,91.84,605.17,8.12,Rainy,2
1694090035,7/9/2023,12:33:55,2023,9,7,10703,28.026,63.99,671.02,18.82,Rainy,2
1694159460,8/9/2023,07:51:00,2023,9,8,11136,31.167,76.27,590.65,4.42,Rainy,2
1694170729,8/9/2023,10:58:50,2023,9,8,2124,28.993,68,657.41,10.2,Sunny,0
1694297100,9/9/2023,22:05:00,2023,9,9,11339,27.3,79.6,593.61,17.48,Sunny,0
1694318898,10/9/2023,04:08:19,2023,9,10,9746,27.448,71.85,674.81,7.99,Sunny,0
1694326616,10/9/2023,06:16:57,2023,9,10,11793,26.125,75.42,649.7,9.97,Rainy,2
1694377192,10/9/2023,20:19:52,2023,9,10,14270,29.427,70.27,633.33,16.03,Sunny,0
1694382718,10/9/2023,21:51:59,2023,9,10,11459,31.44,79.53,651.26,19.4,Sunny,0
1694387442,10/9/2023,23:10:42,2023,9,10,11728,29.63,68.13,635.63,9.27,Rainy,2
1694397990,11/9/2023,02:06:31,2023,9,11,12631,32.118,84.73,609.6,16.24,Stormy,1
1694431646,11/9/2023,11:27:27,2023,9,11,3753,24.584,87.08,663.31,13.36,Sunny,0
1694451383,11/9/2023,16:56:23,2023,9,11,4300,27.081,72.4,616.09,10.65,Sunny,0
1694457351,11/9/2023,18:35:51,2023,9,11,11000,25.567,88.68,644.71,16.47,Rainy,2
1694464875,11/9/2023,20:41:16,2023,9,11,12721,32.985,87.92,590.81,0.29,Sunny,0
1694500560,12/9/2023,06:36:01,2023,9,12,5044,24.728,76.11,647.79,7.31,Rainy,2
1694510814,12/9/2023,09:26:55,2023,9,12,3919,25.131,68.52,649.97,19.53,Sunny,0
1694517823,12/9/2023,11:23:44,2023,9,12,12505,28.883,87.19,601.1,9.15,Rainy,2
1694541517,12/9/2023,17:58:38,2023,9,12,4258,32.487,94.87,641.79,16.27,Sunny,0
1694542588,12/9/2023,18:16:29,2023,9,12,2755,24.974,77.38,678.89,0.29,Stormy,1
1694628713,13/9/2023,18:11:54,2023,9,13,3715,26.048,88.1,574.88,8.11,Stormy,1
1694673246,14/9/2023,06:34:06,2023,9,14,8664,29.772,62.83,572.29,2.04,Rainy,2
1694689588,14/9/2023,11:06:29,2023,9,14,1083,26.108,87.84,627.03,7.43,Sunny,0
1694716021,14/9/2023,18:27:01,2023,9,14,2691,29.081,74.94,647.98,8.14,Rainy,2
1694763705,15/9/2023,07:41:46,2023,9,15,6249,29.453,65.02,581.82,16.25,Stormy,1
1694775630,15/9/2023,11:00:31,2023,9,15,2505,31.265,64.4,681.42,12.78,Rainy,2
1694872970,16/9/2023,14:02:51,2023,9,16,8694,32.37,81.73,615.93,2.19,Stormy,1
1694922409,17/9/2023,03:46:49,2023,9,17,8144,27.863,66.82,665.94,18.77,Rainy,2
1694938358,17/9/2023,08:12:38,2023,9,17,14168,27.951,91.78,561.76,9.7,Stormy,1
1694969983,17/9/2023,16:59:44,2023,9,17,2740,26.671,71.44,599.74,10.47,Sunny,0
1694971152,17/9/2023,17:19:12,2023,9,17,13475,25.235,62.19,643.01,2.22,Stormy,1
1694983302,17/9/2023,20:41:42,2023,9,17,11968,24.755,88.53,640.03,2.35,Sunny,0
1694984494,17/9/2023,21:01:34,2023,9,17,2909,26.87,61.5,558.84,13.85,Rainy,2
1695001745,18/9/2023,01:49:06,2023,9,18,10627,25.923,69.94,607.34,3.89,Stormy,1
1695030276,18/9/2023,09:44:36,2023,9,18,12292,32.892,84.68,638.14,13.6,Sunny,0
1695055672,18/9/2023,16:47:53,2023,9,18,5689,26.256,66.21,612.01,7.84,Stormy,1
1695057099,18/9/2023,17:11:39,2023,9,18,13128,26.915,87.19,660.85,12.86,Stormy,1
1695069687,18/9/2023,20:41:28,2023,9,18,2030,29.688,77.2,571.96,17,Sunny,0
1695095610,19/9/2023,03:53:31,2023,9,19,14646,24.652,89.83,630.86,14.51,Sunny,0
1695106349,19/9/2023,06:52:29,2023,9,19,5329,27.62,91.02,574.1,9,Stormy,1
1695109864,19/9/2023,07:51:05,2023,9,19,8006,31.843,83.02,640.62,17.97,Stormy,1
1695110392,19/9/2023,07:59:52,2023,9,19,14814,26.454,66.89,560.17,8.21,Rainy,2
1695128067,19/9/2023,12:54:27,2023,9,19,1763,30.967,91.48,665.25,10.64,Stormy,1
1695171321,20/9/2023,00:55:21,2023,9,20,2594,26.717,75.02,678.95,15.73,Stormy,1
1695176228,20/9/2023,02:17:08,2023,9,20,8690,25.757,82.79,563.1,15.95,Rainy,2
1695212334,20/9/2023,12:18:54,2023,9,20,11949,27.549,94.42,683.46,4.3,Sunny,0
1695243275,20/9/2023,20:54:35,2023,9,20,11315,28.982,90.24,577.05,5.82,Sunny,0
1695276311,21/9/2023,06:05:11,2023,9,21,12814,24.998,94.25,576.79,11.25,Sunny,0
1695312884,21/9/2023,16:14:45,2023,9,21,4994,30.342,73.8,664.8,3.37,Stormy,1
1695331551,21/9/2023,21:25:52,2023,9,21,12526,28.225,73.74,582.63,5.65,Rainy,2
1695415998,22/9/2023,20:53:19,2023,9,22,11027,32.416,72.66,618.58,10.92,Sunny,0
1695438289,23/9/2023,03:04:49,2023,9,23,8111,24.563,94.75,650.75,12.93,Rainy,2
1695458643,23/9/2023,08:44:04,2023,9,23,11444,28.988,93.19,614.29,3.95,Sunny,0
1695487409,23/9/2023,16:43:29,2023,9,23,10415,31.582,66.46,563.1,5.29,Rainy,2
1695503853,23/9/2023,21:17:34,2023,9,23,11195,25.171,82.89,617.5,9.13,Stormy,1
1695506147,23/9/2023,21:55:47,2023,9,23,4291,29.102,77.93,680.1,12.71,Sunny,0
1695549072,24/9/2023,09:51:12,2023,9,24,10247,27.055,82.24,606.08,17.76,Rainy,2
1695563996,24/9/2023,13:59:57,2023,9,24,11857,29.44,67.48,651.18,3,Stormy,1
1695604362,25/9/2023,01:12:42,2023,9,25,1852,30.141,83.23,572.03,3.7,Sunny,0
1695611705,25/9/2023,03:15:06,2023,9,25,6882,31.522,61.83,626.22,8.42,Sunny,0
1695622887,25/9/2023,06:21:28,2023,9,25,7689,25.822,76.46,590.82,8.16,Stormy,1
1695652588,25/9/2023,14:36:29,2023,9,25,9865,30.077,68.19,634.93,1.55,Stormy,1
1695657996,25/9/2023,16:06:37,2023,9,25,14433,26.158,93.3,596.86,2.06,Sunny,0
1695736280,26/9/2023,13:51:20,2023,9,26,14641,25.626,84.93,574.88,12.72,Rainy,2
1695818233,27/9/2023,12:37:13,2023,9,27,5493,30.746,77.58,680.41,12.62,Rainy,2
1695872337,28/9/2023,03:38:57,2023,9,28,2541,29.767,62.27,629.16,0.3,Stormy,1
1695902778,28/9/2023,12:06:19,2023,9,28,7749,27.953,89.03,574.4,1.58,Sunny,0
1695908978,28/9/2023,13:49:39,2023,9,28,7206,26.713,83.47,594.97,11.45,Stormy,1
1695910084,28/9/2023,14:08:04,2023,9,28,9468,32.724,62.45,564.74,9.39,Sunny,0
1695933043,28/9/2023,20:30:43,2023,9,28,10629,31.861,70.88,641.66,6.04,Rainy,2
1695966311,29/9/2023,05:45:11,2023,9,29,13920,25.217,76.35,644.1,2.17,Rainy,2
1695972718,29/9/2023,07:31:59,2023,9,29,13662,27.538,65.92,634.59,11.22,Rainy,2
1696023202,29/9/2023,21:33:22,2023,9,29,5767,25.456,86.04,671.72,14.98,Stormy,1
