length,width,num_of_containers,num_of_perishable_containers,num_of_hazadous_containers,arrival_date,arrival_time ,IMO,company,offloading_duration,average_price_of_containers,origin,destination
42.69,24.74,3156,1307,68,0,20:05,8664310,Hirthe-Bradtke,17.74,27.42,Spain,Argentina
123.5,30.44,11425,861,1256,0,2:56,6847985,Bayer LLC,20.14,9.91,Peru,Mauritius
87.37,27,2276,848,362,0.000694444,1:08,2518866,Schroeder-VonRueden,23.43,33.74,Indonesia,Morocco
130.87,28.3,4384,586,1232,0.002083333,21:08,8940675,Gibson LLC,3.85,32.52,China,Russia
164.38,10.4,8206,1382,1130,0.004166667,5:12,2325488,Gibson-Schamberger,29.01,27.89,Indonesia,China
81.06,27.79,4222,611,93,0.004861111,3:41,9191459,Cassin-Stark,7.22,12.94,China,Indonesia
103.55,27.91,4550,65,169,0.004861111,6:58,6353553,Reinger Inc,12.79,24.88,Brazil,China
94.33,9.64,11628,1325,1141,0.005555556,17:34,2275466,"Terry, Mante and Runte",23.91,33.81,Russia,Thailand
64.58,15.32,10874,318,955,0.007638889,17:27,3757956,"Jakubowski, Ernser and Kohler",19.88,39.2,Ecuador,Kazakhstan
174.68,30.25,9985,161,1314,0.007638889,18:09,9633222,Champlin-Willms,20.92,27.42,China,Croatia
74.15,20.02,7733,1410,1057,0.009027778,18:03,8243341,"Balistreri, Hackett and Cremin",15.43,38.27,Peru,Poland
117.92,29.7,8665,658,256,0.009722222,5:15,5980093,Sauer LLC,34.84,29.74,Israel,Portugal
61.43,18.98,5569,1453,1281,0.010416667,20:06,4412894,Mayert Group,24.87,11.31,Philippines,Mexico
38.87,11.85,7153,861,534,0.011805556,21:50,7276424,Hoppe-Buckridge,4.22,34.83,Indonesia,Canada
68.14,21.69,6451,735,25,0.014583333,15:51,5606513,Yost and Sons,20.38,23,France,Japan
116.87,17.97,3116,845,554,0.014583333,16:57,3236648,Flatley and Sons,39.04,33.37,Portugal,China
100.21,16.66,804,141,1188,0.016666667,16:36,2190290,Daugherty-Barton,40.78,5.05,Mauritius,Norway
57,15.01,14532,1401,222,0.01875,8:18,7946804,Koch Inc,15.27,8.04,Guam,Serbia
40.34,29.83,4922,1176,47,0.019444444,3:54,6651284,Ritchie LLC,22.62,23.66,Russia,China
138.51,15.06,7404,90,350,0.020833333,6:55,2868854,Wisoky and Sons,5.5,7.09,China,Russia
89.89,27.69,7204,1080,441,0.021527778,16:05,3827871,Bins-Ullrich,24.32,29.67,China,Japan
50.33,26.16,4437,548,1500,0.022222222,22:33,2238659,Zulauf LLC,32.96,17.79,Ukraine,Brazil
175.22,31.11,14852,632,147,0.022916667,22:59,7189418,"Romaguera, Vandervort and Kris",34.9,29.57,Philippines,China
133.63,11.18,5985,1151,447,0.023611111,3:25,6417313,Runolfsdottir LLC,22.3,10.45,Thailand,Argentina
161.29,29.71,1810,717,1480,0.024305556,17:41,2053920,Crooks Inc,26.83,41.86,Russia,China
142.49,14.58,4002,92,193,0.026388889,15:58,7351457,O'Kon Inc,27.77,11.1,Brazil,Thailand
138.11,23.64,996,1236,1144,0.027777778,8:18,4277086,"Ortiz, Will and Zboncak",6.79,13.7,China,China
134.18,23.26,9299,100,129,0.03125,17:55,8274055,Champlin-Carroll,35.98,34.51,Peru,Brazil
46.63,23.85,13268,848,120,0.031944444,8:01,9187148,Kling-Rice,28.23,14.89,China,Philippines
140.17,30.07,5317,1224,92,0.036805556,13:18,8888675,"Krajcik, Gottlieb and Larson",17.49,41.2,France,Mauritania
105.01,22.43,5892,430,324,0.038888889,1:05,5213538,Marquardt and Sons,38.2,6.72,Canada,Russia
132.6,20.12,7890,1456,315,0.038888889,17:33,8351199,"Ferry, Walter and Kshlerin",11.64,41.66,Russia,United States
93.07,26.9,7343,313,105,0.038888889,10:42,4811122,McClure-Kessler,33.65,8.06,United States,Indonesia
43.59,30.64,14319,1240,672,0.039583333,13:05,3480962,"Ratke, Goldner and Jacobson",37.28,13.97,Japan,Brazil
148.16,21.03,2870,41,136,0.039583333,3:14,6822728,Langworth-Gottlieb,28.41,24.31,North Korea,United States
97.13,31.73,11036,876,626,0.040277778,17:39,9017222,Schimmel Group,5.51,19.52,Poland,Taiwan
155.44,12.71,3922,1099,248,0.040277778,0:02,7077803,Oberbrunner LLC,12.83,23.92,Colombia,Finland
131.33,12.02,8216,584,1338,0.041666667,19:18,7149495,"Koelpin, Hayes and Crona",15.28,11.06,Colombia,Poland
84.49,27.12,5129,912,498,0.04375,13:43,3749143,Ward-Metz,40.19,39.72,France,Philippines
92.93,11.98,4533,546,787,0.04375,20:30,4787315,Friesen-Lesch,18.26,7.81,France,Palestinian Territory
54.05,18.07,10601,318,1070,0.044444444,22:29,8846508,Mitchell-McClure,38.8,25.1,Syria,China
50.92,19.76,10417,223,1222,0.045138889,14:51,8928897,"Goldner, Nicolas and Ankunding",21.41,39.43,Sweden,Mexico
155.85,30.39,13046,112,453,0.045833333,3:45,5294715,Bogisich Group,25.61,16.84,Ukraine,Antigua and Barbuda
77.13,27.6,8944,110,584,0.045833333,19:28,3074092,Schiller LLC,22.05,14.51,China,Indonesia
89.57,17.66,14298,706,850,0.046527778,19:32,4241890,Spencer and Sons,28.87,34.85,Indonesia,Indonesia
150.47,24.77,12849,1161,542,0.047222222,15:25,4270486,Rohan Group,21.36,24.91,Mexico,Indonesia
114.06,18.6,7922,698,552,0.048611111,22:30,7681839,Kautzer Group,21.91,38.22,Tuvalu,Estonia
54.19,28.63,9352,584,1262,0.048611111,3:31,5318932,"Bogan, Mosciski and Crooks",17.45,37.23,Philippines,Indonesia
55.69,17.74,10475,109,1049,0.048611111,18:45,9337793,Waters Inc,28.6,25.48,China,France
72.22,27.35,11028,1216,1159,0.049305556,21:48,2271916,"Maggio, Predovic and Hoppe",33.95,32.71,Indonesia,Russia
40.6,19.56,7842,1409,1433,0.05,10:18,8898972,Treutel Group,40.1,5.35,China,Spain
175.29,23.11,10556,723,100,0.050694444,8:08,7357668,Waelchi LLC,12.43,37.72,Brazil,Philippines
129.6,10.04,9402,613,1097,0.052083333,14:36,4587952,Collier Group,36.38,31.59,Russia,Mauritius
51.18,9.58,889,38,1052,0.052777778,10:13,8463702,"Schinner, Heidenreich and Monahan",4.87,4.85,Indonesia,Finland
38.74,24.82,2744,228,295,0.054166667,15:19,2901160,Ebert-Frami,23.91,25.5,Uganda,Philippines
119.38,25.42,14684,678,1366,0.054166667,12:17,4369739,Feeney Inc,19.74,5.89,Mexico,Greece
156.57,13.7,11395,406,72,0.054861111,10:14,4087359,Roob Group,24.94,9.28,Portugal,Russia
111.2,30.2,5027,1374,1285,0.054861111,17:25,9565242,Reynolds-Schultz,38.38,30.31,Kosovo,China
72.9,17.83,4118,1163,313,0.054861111,5:25,3052595,Leffler Group,7.97,30.76,Mexico,Philippines
35.96,21.4,6346,1086,1499,0.05625,2:27,4594328,Dare Inc,12.59,14.93,Ecuador,Ecuador
46.09,30.51,5911,647,821,0.056944444,1:00,8375513,Marquardt Inc,10.53,40.52,Greece,Pakistan
132.05,21.42,8802,287,212,0.059722222,21:27,5775303,"Gorczany, O'Connell and Langworth",24.49,32.45,Japan,Ethiopia
58.87,32.92,7777,1058,1346,0.059722222,0:38,7298683,Champlin Inc,21.55,41,Azerbaijan,Russia
154.57,21.62,7373,840,392,0.060416667,23:30,4740358,Halvorson Inc,24.64,8.49,Czech Republic,Ukraine
47.3,28.67,12165,776,895,0.060416667,0:46,7233441,Lockman-Gleason,24.18,30.49,China,China
87.16,18.34,14886,425,1477,0.0625,0:41,7311403,Yundt Inc,22,7.2,Portugal,Brazil
72.83,12.56,13308,1288,92,0.063194444,15:07,5782611,Legros Inc,13.27,14,Vietnam,Philippines
102.69,31.65,9813,38,784,0.063194444,4:38,2296817,"Wilkinson, Jacobs and Mosciski",24.82,30.87,Netherlands,China
116.2,22.17,11908,393,1034,0.063194444,12:55,5827964,Labadie LLC,12.54,11.77,China,China
79.11,19.43,2907,689,1011,0.063194444,17:15,4652738,"Glover, Stanton and Watsica",22.75,27.37,Albania,Ukraine
173.93,26.32,7802,1154,943,0.065277778,8:07,3242223,Gibson Inc,36.52,29.46,United States,China
50.68,32.62,1533,281,895,0.067361111,0:08,2289076,Pfannerstill-Prosacco,18.32,31.69,Indonesia,China
152.17,18.41,9417,587,1024,0.068055556,21:40,9816217,Abshire-Oberbrunner,27.65,6.48,Uzbekistan,Russia
141.05,21.61,6666,679,477,0.068055556,15:28,5300188,"Feil, Prosacco and Koelpin",13.51,40.96,South Africa,Indonesia
72.89,12.61,12512,689,1122,0.06875,8:45,7846219,Lehner-Heller,8.16,3.02,China,Tajikistan
55.39,29.09,3753,284,185,0.070138889,23:44,3717493,Simonis and Sons,39.98,33.1,China,Russia
74.26,29.47,14402,941,1464,0.072222222,3:00,5466839,"Fisher, Pouros and Mayert",27.89,22.04,China,Chile
47.52,27.17,5520,546,347,0.072916667,19:06,6547685,Braun LLC,23.32,34.62,Germany,China
67.09,28.88,7007,68,211,0.074305556,20:14,7752012,Block and Sons,3.03,27.41,Indonesia,Greece
34.94,10.37,7869,765,835,0.075,8:50,5758206,Langworth Inc,13.14,30.74,Vietnam,Macedonia
41.03,11.84,14208,591,307,0.075,19:37,4261342,Baumbach-Hills,7.2,24.6,Philippines,France
163.64,28.9,4965,1215,1027,0.076388889,14:03,8741144,Osinski-MacGyver,34.34,29.56,Philippines,Mexico
142.21,28.35,13048,1037,561,0.079861111,23:49,9079539,"Cassin, Effertz and Deckow",19.76,41.79,China,Brazil
36.26,12.07,13286,715,776,0.081944444,2:15,8097991,Rolfson LLC,41.11,27.74,Laos,Iran
168.42,30.29,4627,1214,265,0.082638889,20:45,9757514,Effertz-Weissnat,27.17,10.19,Iran,Liberia
136.01,29.11,9326,1097,127,0.084027778,11:59,6971744,"Armstrong, Trantow and Willms",22.22,11.36,Finland,China
105.63,31.71,8728,565,1436,0.084722222,9:40,4147969,Mante-Cummings,10.2,29.56,Portugal,Ukraine
111.66,19.31,6289,828,1205,0.086111111,14:57,2472002,Bogisich-Bernhard,41.21,18.16,China,South Africa
122.01,25.99,1796,314,197,0.0875,17:07,3974005,MacGyver-Dach,14.61,34.63,Tanzania,Finland
99.88,11.03,10807,709,708,0.0875,20:22,7731972,"Cole, Ziemann and Schuppe",34.14,18.78,China,Philippines
42.8,28.53,4650,901,625,0.088194444,18:37,8246610,Stoltenberg-Grimes,12.45,22.47,Indonesia,Russia
33.4,21.41,13584,282,1100,0.088194444,19:33,3935777,Wintheiser-Bauch,28.9,40.83,China,China
155.14,12.72,2871,1446,1491,0.090277778,10:07,9824505,Williamson-Nienow,29.84,6.74,Poland,Malaysia
74.69,9.33,13892,1212,1156,0.093055556,16:29,6698602,"Collier, Lakin and Gutkowski",32.91,22.94,Philippines,New Zealand
64.72,14.3,13540,1095,501,0.096527778,23:39,8958822,Hammes LLC,30.15,33.37,Russia,Ecuador
33.56,19.1,10739,209,814,0.097222222,9:25,9536661,"Mayert, Weimann and Reilly",23.6,20.96,Poland,Sri Lanka
169.32,11.88,7402,600,1167,0.097916667,3:51,2327315,"Hoeger, Dooley and Watsica",8.19,26.16,Thailand,Thailand
177.2,14.59,6636,573,1219,0.098611111,2:54,9186845,"Heaney, Altenwerth and Schoen",12.35,18.9,Peru,China
140.86,18.88,11119,435,1463,0.099305556,2:59,6556516,Tromp-Mohr,6.91,18.19,Thailand,Bosnia and Herzegovina
56.02,25.36,8727,1309,465,0.099305556,20:03,2805166,"Gutmann, Keebler and Konopelski",3.28,7.68,Indonesia,Vietnam
116.19,19.06,2847,576,393,0.099305556,4:33,4244965,"Padberg, Monahan and Veum",36.98,21.51,France,Jamaica
169.54,18.34,13831,1497,114,0.100694444,15:40,5152346,"Zieme, Boehm and Kunze",15.17,3.77,Peru,Indonesia
82.42,24.26,9516,618,254,0.104166667,23:17,5486874,Bergstrom-Treutel,26.68,16.1,Indonesia,Macedonia
41.55,11.75,6217,1061,1223,0.104166667,15:52,9125778,"Kulas, Kohler and Beer",33.06,39.09,Colombia,Switzerland
125.48,17.82,1270,948,1002,0.104166667,18:03,3647189,"Considine, Weimann and Gorczany",9.11,36.34,China,Japan
143.7,27.57,14135,494,1170,0.104861111,23:55,2950288,Williamson Inc,3.27,20.51,Cameroon,Czech Republic
108.77,29.28,10673,1267,618,0.105555556,23:24,8556317,Cruickshank-Weimann,40.35,15.47,Indonesia,Ukraine
138.15,11.31,12190,1411,978,0.10625,4:17,9954783,"Sawayn, Mraz and Wyman",10.77,26.31,China,China
111.2,31.88,8227,40,308,0.108333333,11:02,4943942,Koss LLC,31.48,40.95,Indonesia,Mongolia
84.58,32.23,8661,38,105,0.111805556,16:27,8580929,"Kovacek, O'Keefe and Murphy",32.18,37.87,Poland,Canada
123.1,22.35,1159,306,999,0.111805556,22:40,8904567,Bashirian-Haley,25.32,13.23,Greece,Peru
48.5,30.79,7518,763,763,0.1125,12:10,4643619,Hammes-Runte,16.16,26.2,Palestinian Territory,Uzbekistan
115.51,11.41,14366,283,1140,0.1125,8:52,9697200,Hickle Inc,29.74,26.24,Indonesia,Russia
83.08,10.13,11280,416,623,0.113194444,2:36,2364735,"Sawayn, Batz and Schaden",7.84,12.11,Ethiopia,Vietnam
170.32,30.86,3346,1469,1198,0.113888889,0:45,9188107,Beatty LLC,4.67,10.27,China,Brazil
158.78,20.4,4162,712,1142,0.115972222,13:05,3652147,"Herzog, Schumm and Jacobs",31.45,16.35,Afghanistan,China
48.76,29.03,13286,130,1296,0.11875,11:20,4541821,Larkin-Witting,10.74,32.2,Lesotho,Honduras
94.15,33,9419,825,53,0.119444444,14:15,9686670,Lind Inc,36.41,28.68,Thailand,China
151.08,12.14,3845,1286,719,0.122916667,14:37,4265949,"Shields, Huels and Considine",14.22,14.59,Greece,Ukraine
169.18,21.35,13356,441,1176,0.123611111,0:48,2750793,Ondricka Group,11.53,16.4,Brazil,Greece
103.37,16.95,2107,1308,1226,0.123611111,21:19,4601505,Okuneva-Sauer,9.33,38.14,Russia,China
146.11,15.7,4488,1109,539,0.125,2:13,9464360,"Parisian, Aufderhar and Stroman",15.34,27.2,China,Colombia
137.32,32.03,8880,889,537,0.125694444,18:20,5860238,Connelly-Harvey,16.8,30.42,Portugal,Thailand
139.23,25.33,8491,736,414,0.126388889,18:42,9798765,"Beatty, Windler and Orn",10.29,32.65,Thailand,Brazil
177.23,15.88,704,720,826,0.127083333,10:48,7287080,Lesch-Hudson,11.45,8.88,China,Ukraine
104.12,22.31,8488,597,1136,0.127777778,15:08,4897815,"Johnson, Lemke and Hammes",32.2,39.26,Germany,China
61.99,28.75,4338,1129,1141,0.127777778,10:52,2839906,Rohan and Sons,23.81,14.58,Indonesia,China
55.64,15.03,9295,524,39,0.129166667,9:23,5826001,Nikolaus LLC,16.62,4.53,Greece,Indonesia
170.34,11.01,5573,694,908,0.129861111,20:02,9889917,"Bogisich, Kessler and Stark",5.52,35.12,Indonesia,China
56.45,24.49,3322,317,1028,0.130555556,17:09,5724677,Berge-Dare,36.63,24.66,Peru,Brazil
78.27,15.62,9514,590,175,0.131944444,23:06,2736189,"Hilpert, Dibbert and Ziemann",25.38,23.68,Palestinian Territory,Sierra Leone
146.89,23.75,12993,724,187,0.132638889,3:39,9671640,Bogisich-Bergstrom,5.89,24.71,Ukraine,Russia
40.35,24.29,4863,1373,48,0.134722222,14:07,3356504,Schamberger Inc,6.16,13.8,Canada,Canada
152.34,19.67,11231,217,1290,0.135416667,1:59,4864773,"Collins, Lindgren and Pfeffer",19.95,22.77,China,Zimbabwe
67.68,14.68,13560,348,851,0.135416667,1:21,3100933,"Kuphal, Schmeler and Kautzer",23.88,6.57,Portugal,China
139.94,17.84,5537,603,905,0.136111111,20:23,5547946,Miller-Roob,13.3,38.9,Indonesia,Cuba
108.83,10.93,1506,858,377,0.1375,3:22,9779758,Krajcik-Altenwerth,4.86,20.45,Indonesia,Portugal
72.79,17.28,6672,80,1257,0.138194444,20:05,7871736,Thiel-Lubowitz,27.83,40.53,Mexico,Zambia
75.56,16.75,4075,1209,536,0.138888889,22:09,4890821,Kihn Inc,32.89,3.5,Honduras,Portugal
134.26,9.85,4716,327,404,0.140277778,0:17,8083158,"Will, Rutherford and Rohan",37.07,30.42,Sweden,Latvia
43.61,18.43,13710,450,107,0.140972222,16:56,5918179,Harber Group,37.88,14.47,Argentina,China
34.2,27,8583,1461,1391,0.14375,20:38,9334390,"Wuckert, Daniel and Jacobs",41.21,3.64,Ukraine,Brazil
118.4,17.57,5322,577,1416,0.144444444,2:35,7900592,Schultz LLC,32.49,18.47,Syria,Tunisia
116,18.77,4501,1354,852,0.144444444,1:34,6857938,Harvey Group,9.03,34.48,Somalia,Azerbaijan
123.62,13.58,685,912,1155,0.146527778,14:27,8668988,"Bergnaum, Zboncak and Emmerich",20.52,29.32,Greece,Brazil
92.3,28.63,8035,782,1476,0.146527778,5:58,3188112,Gottlieb Group,33.61,29.96,Latvia,Greece
70.2,14.34,1175,420,461,0.147916667,7:53,9264018,Hegmann Group,39.09,21.15,China,Indonesia
151.36,16.03,13202,1161,47,0.147916667,9:14,8336684,Blanda Inc,36.76,26.37,Argentina,Poland
128.4,10.26,6879,25,1148,0.151388889,18:26,5607029,"Satterfield, Robel and White",25.86,10.68,Russia,Luxembourg
49.45,13.4,7194,579,476,0.151388889,19:09,9453044,"Lakin, Daniel and Douglas",31.81,15.96,Germany,Indonesia
49.18,30.95,9318,1228,338,0.152083333,8:04,4177496,Hauck-Schaden,8.27,12.39,China,Indonesia
114.92,30.69,2701,718,1141,0.153472222,5:03,7566691,Effertz LLC,39.58,27.35,Syria,Madagascar
133.86,23.19,10848,1121,1076,0.154166667,18:46,6258710,Mills and Sons,33.44,4.45,Guinea,Czech Republic
68.99,25.03,9434,953,1429,0.154166667,12:43,8019715,"Hickle, Bergnaum and Kerluke",28.36,11.29,Ghana,Argentina
145.66,13.43,9582,1115,490,0.154861111,15:54,7596892,"Gleichner, Wolff and Murphy",8.85,20.02,United States,Mali
170.29,26.05,1803,837,143,0.154861111,6:55,2853344,Thiel Group,29.91,17.31,Portugal,Peru
33.67,17.64,10552,1303,121,0.155555556,10:12,3336441,Hirthe-Rolfson,17,37.66,Honduras,Czech Republic
111.52,27,8032,98,716,0.155555556,18:22,8242776,Toy Inc,12.31,16.68,South Africa,Russia
55.41,24.31,12407,1085,643,0.15625,11:19,6337523,Ziemann-Denesik,10.14,15.09,South Africa,Portugal
48.52,16.69,3712,717,819,0.15625,8:25,7646301,Stark Inc,24.86,27.91,Philippines,China
37.35,12.16,4768,43,991,0.156944444,14:08,3471054,Rice-Ryan,16.74,24.84,United States,Argentina
84.45,17.07,13928,110,775,0.157638889,17:31,6680133,"Schulist, Johnston and Ernser",16.44,34.1,Philippines,China
79.45,27.53,13063,775,751,0.159027778,10:33,2865129,Farrell LLC,27.85,36.51,Vietnam,China
170.13,25.53,5562,1488,91,0.161805556,1:35,3927782,Howell Group,23.05,7.41,Hong Kong,Russia
168.05,22.3,5340,850,338,0.1625,0:49,6687285,"Hand, Rice and Hand",14.74,32.43,Russia,China
152.58,18.52,10327,767,564,0.163888889,19:56,3872670,Waters Group,8.51,11.18,China,Poland
128.99,31.91,14192,1350,936,0.166666667,18:22,3481168,Luettgen Inc,3.53,28.93,Argentina,Hungary
46.84,27.7,7442,965,672,0.167361111,16:32,2202924,Armstrong LLC,29.1,20.23,Namibia,Peru
68.46,15.4,6063,565,730,0.168055556,15:19,6354278,Kertzmann Group,9.89,17.97,Gambia,Finland
141.09,9.98,13709,1367,566,0.168055556,21:34,3977905,Stark LLC,3.44,9.12,Kenya,Croatia
119.75,30.31,8731,518,961,0.16875,22:03,5412275,Sanford-Farrell,19.82,40.25,Portugal,Egypt
158.67,31.6,9353,973,532,0.170138889,16:55,7835350,Smitham-Morar,7.23,21.2,Finland,China
92.53,31.57,14653,966,1338,0.174305556,15:03,2507804,"Oberbrunner, White and Bergnaum",25.02,18.63,China,Indonesia
168.22,24.35,9052,1311,210,0.176388889,20:00,3738437,Robel-Gibson,10.35,9.68,Indonesia,China
61.05,11.96,11867,141,908,0.176388889,5:35,4786932,"Ryan, Mosciski and Kessler",10.62,19.89,Greece,China
137.44,9.99,10699,307,769,0.180555556,10:53,9968610,Rosenbaum-Hyatt,35.08,38.2,China,Greece
80.45,20.89,857,1174,55,0.182638889,6:26,7231061,Lesch Inc,7.49,14.18,China,Ukraine
126.14,11.54,8143,1169,824,0.182638889,0:33,7710403,McClure and Sons,29.44,10.17,Colombia,China
161.91,15.8,9548,152,1335,0.184027778,7:31,4601683,"Wolff, Hand and Mosciski",33.31,35.59,China,Eritrea
100.69,31.75,9771,1296,859,0.184722222,22:02,9542187,Mohr-Kessler,9.81,24.14,China,Serbia
64.93,10.91,2205,826,873,0.186111111,7:08,8511298,Altenwerth-Murphy,4.16,26.82,Cyprus,Ireland
130.92,25.09,13693,54,274,0.188888889,2:23,9150091,Legros Group,9.88,41.56,Philippines,China
158.06,29.78,3978,845,1322,0.188888889,19:27,2703361,Hudson-Abshire,35.58,34.15,China,Peru
128.75,16.42,8757,1344,295,0.189583333,19:36,7711713,"Willms, Hauck and Bayer",14.35,4.85,Serbia,Vietnam
36.85,11.53,6628,683,835,0.189583333,14:38,2668427,"Klein, Will and Wuckert",26.11,9.81,China,Czech Republic
140.41,23.53,10354,455,1319,0.189583333,12:00,3763524,Abbott Inc,39.26,41.63,China,Northern Mariana Islands
171.92,25.88,5546,335,851,0.189583333,12:59,6850030,Corwin Group,16.65,4.21,China,China
88.78,30,4384,140,1281,0.190972222,4:41,9556684,"Mosciski, Gutkowski and Barton",14.69,7.3,China,Poland
91.31,10.76,2178,1056,68,0.190972222,19:32,7128886,"Schaefer, Wolf and Haley",15.9,4.04,France,Russia
141.24,11.67,4569,693,1022,0.190972222,21:15,3997562,Bins-Schuster,18.42,37.77,Slovenia,Estonia
129.51,18.31,14311,1301,376,0.191666667,13:42,9842782,Bergnaum Inc,8.02,25.44,China,China
144.29,22.23,12013,896,402,0.192361111,12:27,4040931,"Hegmann, Daniel and Schmitt",27.21,20.63,Brazil,Norway
59.53,9.57,11793,714,161,0.193055556,9:37,9339414,"Baumbach, Donnelly and Kiehn",23.14,31.02,China,Uzbekistan
94.24,25.37,10833,395,262,0.194444444,11:28,7932360,Hyatt LLC,12.82,4.92,Indonesia,Indonesia
85.06,31.78,7102,720,1251,0.195138889,2:20,9951090,"Wyman, Kreiger and Medhurst",24.83,22.89,Brazil,Germany
106.6,20.54,4910,367,188,0.195138889,8:25,7126777,"Lakin, Hackett and Maggio",32.85,11.86,Indonesia,Sweden
93.71,33.19,3659,566,103,0.199305556,2:35,7382906,Fadel-Harber,5.15,9.26,Japan,Russia
158.87,16.81,1603,908,383,0.199305556,23:23,3754164,Block-Mosciski,38.38,18.01,Finland,United States
48.91,17.43,12551,986,695,0.199305556,11:28,5478954,Mayer-Lubowitz,28.24,28.87,Greenland,Macedonia
36.25,11.9,13409,966,1382,0.199305556,4:36,8825972,Casper-Wilkinson,12.43,26.41,Indonesia,Russia
78.45,11.59,13894,371,727,0.2,11:44,9509518,Weimann-Schumm,4.66,11.9,Mexico,Philippines
66.11,17.44,8677,610,382,0.201388889,11:57,6959146,"Hettinger, Torphy and Kuhlman",16.18,32.08,Russia,United States
91.01,20.55,3989,1228,978,0.201388889,10:51,8154615,Pagac Group,32.34,12.5,China,China
132.53,25.79,13238,439,136,0.202777778,5:57,2561009,Howell LLC,36.65,11.16,Argentina,Albania
124.32,22.62,11662,22,1005,0.204166667,3:43,7288352,Hessel-Koss,11.99,24.83,Poland,Portugal
35.46,30.38,8246,1357,140,0.204861111,12:40,5095078,"Hand, Rowe and Murray",7.08,27.83,Indonesia,China
104.21,18.95,2836,465,555,0.20625,20:26,8049762,Kling and Sons,15.82,23.39,Norway,Tanzania
92.03,18.26,11075,1306,35,0.211111111,21:49,7851882,"Moen, Cole and Boyle",17.35,16.54,Russia,Argentina
149.34,19.23,6281,227,346,0.211111111,22:23,4206762,"Blanda, Effertz and Crooks",9.33,24.53,China,Thailand
100.89,26.59,6824,1341,904,0.211805556,0:31,9685248,Deckow-Doyle,34.8,28.85,Sweden,Russia
170.52,21.24,5020,1438,1082,0.2125,6:08,9244976,"Grant, Ebert and Nader",22.21,5.07,Philippines,China
155.56,15.05,13987,1301,455,0.213888889,3:04,6205695,"Feil, Howell and Tromp",22.73,30.7,Poland,Greece
122.02,10.46,5691,799,1164,0.213888889,5:46,4607701,"Jones, Barrows and Kessler",7.52,10.25,Poland,Albania
127.13,31.05,7400,1419,328,0.213888889,7:27,3881417,Hackett-Dietrich,11.91,4.61,Mauritius,Russia
144.19,29.7,13223,1361,633,0.215277778,23:57,7886032,Marvin LLC,10.37,34.4,Indonesia,Colombia
126.17,13.41,14883,1413,1261,0.216666667,5:14,3485778,"Hegmann, Mitchell and Steuber",7.69,6.38,China,Mexico
134.62,11.35,8153,1475,1359,0.217361111,4:39,8276604,Sawayn-Lehner,8.52,23.84,Russia,Nigeria
58.59,32.6,11140,424,1183,0.217361111,22:01,9478273,Wyman Group,39.77,13.76,China,Norway
144.88,11.66,1097,432,1172,0.220833333,14:17,2624822,Kling-Dibbert,20.71,18.56,Ireland,Indonesia
167.85,13.1,14966,152,961,0.220833333,3:29,9613057,Schulist-Roberts,41.43,28.75,Bosnia and Herzegovina,China
112.86,20.12,13024,246,1428,0.220833333,8:56,4069570,Gislason-Haag,28.15,8.08,Tanzania,Venezuela
76.34,16.27,12556,473,1109,0.222916667,14:48,7355795,Nikolaus-Hermiston,33.59,15.07,Indonesia,Poland
172.16,24.35,10890,1249,291,0.223611111,4:38,4019929,"Beier, Jerde and Lynch",40.64,39.15,Ukraine,Portugal
131.25,24.96,10402,770,731,0.225,5:23,8543689,Corkery-Marquardt,23.5,17.06,Ireland,Russia
57.86,18.43,5543,606,450,0.225,9:25,9109821,"Olson, Metz and Nolan",18,25.39,Sweden,China
117.7,15.36,10373,1399,1139,0.226388889,19:29,2945599,Purdy-Hegmann,11.42,33.67,Syria,Brazil
99.53,15.08,4558,1142,373,0.226388889,4:20,3450099,Romaguera-Deckow,40.95,3.13,Indonesia,Russia
48.49,24.13,5755,917,1430,0.227777778,9:14,2391756,Kunde Group,18.32,21.55,Russia,Indonesia
145.86,32.22,13625,411,869,0.227777778,19:16,2918283,Lowe Group,18.71,39.09,Syria,Nigeria
165.74,17.53,9747,85,661,0.228472222,3:56,8766489,Spencer-Erdman,12.75,31.87,Serbia,Poland
77.92,27.14,9693,229,1057,0.229166667,13:57,8754614,Corkery-Reilly,5.5,21.02,Peru,United States
38.04,29.85,8236,1246,1348,0.230555556,21:25,4231131,"Walter, Koelpin and Lebsack",27.5,41.1,Sweden,China
141.2,20.95,8612,770,562,0.233333333,19:10,2789058,"Moen, Swaniawski and Lemke",18.34,33.94,Brazil,United Arab Emirates
175.25,25.4,8869,1161,811,0.234027778,15:57,5004522,"Bergnaum, Mitchell and Turner",16.72,35.59,China,Lithuania
104.89,20.21,6777,38,904,0.234027778,3:01,2813338,"Conroy, Flatley and Dickens",36.87,3.11,China,Argentina
110.1,31.32,9508,343,505,0.235416667,23:13,6350225,"Brakus, Rohan and Dietrich",22.76,30.48,Brazil,Ukraine
93.12,24.55,14535,1159,573,0.236805556,20:05,8141386,Murazik-Gorczany,3.51,14.47,Syria,France
77.6,29.51,6960,255,187,0.2375,16:23,8122036,"Roob, Jast and Ratke",18.54,24.54,United States,China
52.87,26.73,6691,27,101,0.2375,18:54,7304050,Stark Group,8.2,16.04,Laos,Senegal
115.02,17.73,8715,740,182,0.2375,6:48,7528025,Funk-Will,33.18,33.77,Indonesia,China
153.51,16.4,7536,422,236,0.238194444,11:26,6961700,Klocko-Rempel,3.48,25.72,China,Peru
85.36,28.46,2776,936,539,0.238194444,18:49,6321549,"Durgan, Lehner and Stehr",4.16,24.81,United States,China
96.62,15.46,13823,1050,97,0.239583333,12:49,5233897,Parker-Kovacek,31.66,33.2,Ukraine,Slovenia
54.49,24.61,5678,664,501,0.240277778,11:51,2958769,"Medhurst, Goldner and Torp",6.84,11.28,Palestinian Territory,Brazil
136.3,12.32,671,1215,701,0.241666667,12:11,4921131,"Schneider, Hills and Barrows",39.19,10.42,China,China
80.49,28.48,14363,1431,471,0.24375,23:02,4307239,Grimes Inc,30.73,16.39,Brazil,Afghanistan
44.59,17.61,8593,873,630,0.244444444,23:27,4255047,Ziemann-Rempel,29.8,19.23,South Korea,Japan
162.77,14.38,1373,733,1066,0.245833333,2:44,8478373,Hilpert LLC,8.18,6.62,Ecuador,Philippines
44.14,21.27,10011,466,404,0.245833333,23:42,9457542,Keeling-Zemlak,29.45,27.45,Indonesia,China
125.58,29.77,14837,269,183,0.250694444,23:34,2360267,"Hodkiewicz, Davis and Davis",26.72,28.26,China,Philippines
104.74,19.48,8285,918,658,0.251388889,10:51,5147029,"Luettgen, Champlin and McDermott",27.48,8.55,Azerbaijan,China
62.92,12.77,2289,211,651,0.252083333,13:43,9224887,"Kuphal, Raynor and Kulas",23.71,9.48,Russia,China
154.37,27.88,725,1212,1443,0.252083333,2:01,3491707,Hilll-D'Amore,27.08,24.63,Indonesia,Brazil
149.68,23.74,12516,51,730,0.253472222,2:03,4586295,"Kuhn, Gusikowski and Dickinson",41.84,30.35,Russia,Philippines
103.22,14.59,8471,84,1022,0.253472222,15:08,2463260,Ebert Inc,6.77,32.83,Syria,Philippines
162.15,10.54,10650,1260,1218,0.253472222,10:32,8286157,Smith LLC,3.14,20.92,Indonesia,China
32.99,17.41,1050,518,180,0.253472222,23:13,9749627,Kirlin and Sons,29.31,3.39,Argentina,Guatemala
159.87,26.02,11671,854,1038,0.253472222,20:45,9810100,Barton-Hahn,20.38,17.34,Turkmenistan,United States
144.33,13.09,7578,327,344,0.253472222,11:22,9692852,Hyatt-O'Hara,38.79,31.7,Russia,South Africa
100.89,16.63,14043,1218,1236,0.254166667,8:53,4330859,"Steuber, Aufderhar and Ward",17.11,14.26,China,China
63.68,14.87,11162,156,157,0.254166667,17:30,3750554,Johnston Group,33.51,17.16,Mexico,Finland
166.68,15.89,8386,942,959,0.254166667,23:37,8418092,"Macejkovic, Ratke and Senger",5.12,34.55,China,China
169.69,27.08,2470,860,130,0.254861111,16:12,9970128,Mueller and Sons,9.48,13.04,Indonesia,Philippines
175,12.73,13202,817,1102,0.256944444,5:20,5941953,Kiehn-Goldner,40.74,8.05,China,Argentina
48.88,13.47,11032,1495,128,0.257638889,0:53,6489672,Berge-Upton,28.15,14.13,Czech Republic,France
121.66,14.38,8158,1101,1336,0.261805556,20:42,5903416,Pacocha and Sons,14.14,19.87,Ukraine,China
41.84,20.49,3061,72,1393,0.2625,6:39,9692165,Schneider-Ortiz,24.76,24.23,China,France
73.83,15.12,10979,625,711,0.263888889,12:37,7690687,Cartwright Inc,29.62,14.48,Azerbaijan,Sweden
125.05,23.7,2102,276,1119,0.265277778,21:49,6352564,"Wunsch, O'Kon and Rath",7.36,3.22,Jordan,Poland
117.67,17.79,8686,1184,163,0.265972222,21:15,5867821,Lang-Dicki,26.32,26.59,Indonesia,Sweden
54.46,16.64,9753,40,444,0.266666667,15:18,6654092,Frami LLC,3.67,5.6,Brazil,China
168.32,18,13998,1085,450,0.266666667,7:49,6824101,"Keebler, Schinner and Mann",34.95,39.86,France,China
130.02,20.85,9954,532,252,0.267361111,7:14,3795766,Heaney-Hickle,9.39,19.16,United States,Dominican Republic
166.25,14.55,13944,912,1441,0.26875,15:43,2468983,Dare-Abbott,34.24,38.68,Sweden,China
52.64,32.46,11227,262,1160,0.270833333,14:21,9092141,"Swift, Glover and Wunsch",18.85,39.32,Indonesia,United States
128.41,9.5,4329,349,886,0.276388889,0:51,3487492,Volkman and Sons,22.44,15.23,Uganda,Greece
170.59,32.24,6682,86,1072,0.276388889,21:34,4762542,Hegmann-Jaskolski,31.01,21.09,Brazil,Brazil
130.25,16.66,11964,1178,561,0.279861111,23:00,4928512,"Schmitt, Kshlerin and Kiehn",35.38,15.81,Egypt,Indonesia
147.79,16.52,5122,429,63,0.279861111,19:12,3059227,Beer and Sons,41.36,19.97,Cuba,China
93.66,23.14,12207,943,1036,0.280555556,16:56,5823542,"Cummerata, Smitham and Sauer",35.1,30.7,Argentina,Brazil
62.34,18.81,7901,404,559,0.28125,2:40,5998571,Doyle-Heaney,40.02,33.83,Peru,Indonesia
113.95,24.73,7216,1464,538,0.282638889,9:45,9709273,"Bayer, Jakubowski and O'Kon",21.99,29.82,Indonesia,Nigeria
87.28,25.25,7297,1038,1137,0.284027778,6:01,2885660,"Thiel, Krajcik and Wyman",21.53,3.08,Indonesia,Russia
69.58,32.39,10204,661,1022,0.284722222,18:04,4097951,Jerde Inc,24.49,8.04,Malaysia,Ukraine
148.33,31.58,13201,1267,1389,0.284722222,22:31,2700774,"Lakin, Borer and Weissnat",10.24,12.82,Poland,Indonesia
93.08,22.51,3350,1421,387,0.285416667,9:21,6828474,Haag-Price,21.08,37.92,Syria,Philippines
128.23,31.18,12758,348,1121,0.286111111,13:43,7036831,"Luettgen, Streich and Farrell",35.81,34.84,Albania,Philippines
156.43,19.76,5233,1474,230,0.286805556,5:06,3141294,Heathcote LLC,40.42,19.38,Russia,Cape Verde
117.76,17.69,13939,320,1412,0.288194444,21:34,4982593,Crona-VonRueden,17.63,15.77,Indonesia,China
40.37,22.93,3874,856,733,0.288888889,15:59,7564958,Kreiger and Sons,24.77,40.02,Russia,Poland
100.68,20.35,7639,1245,816,0.288888889,13:23,4517749,Bednar-Donnelly,24,17.96,Portugal,Indonesia
169.29,27.79,4220,126,749,0.288888889,11:17,9884403,Gottlieb-Watsica,37.32,37.9,Indonesia,Switzerland
71.43,20,3529,1481,1323,0.290277778,7:27,7461788,Reichel-Konopelski,4.69,22.64,China,Venezuela
47.62,10.58,719,499,364,0.291666667,14:46,9936734,Pfannerstill-Crooks,20.6,40.45,Nepal,Philippines
47.88,28.52,9798,1278,1398,0.291666667,15:17,8144040,Gleichner and Sons,6.52,33.52,Thailand,Philippines
143.79,18.39,10307,197,733,0.292361111,21:02,8891933,"Koelpin, Schinner and Dooley",14.66,3.13,Thailand,Chile
98.59,19,14832,1191,952,0.293055556,0:56,9116995,"Jenkins, Stamm and Treutel",5.49,24.28,Sweden,China
52.42,20.07,10653,133,47,0.29375,20:12,6168893,Deckow-Wyman,15.96,18.25,China,Indonesia
173.64,15.82,5689,1018,24,0.294444444,6:51,6021172,Heidenreich-Gerhold,13.9,22.24,Niger,Indonesia
59.81,30.43,6896,1044,773,0.297222222,15:04,2610845,Ryan and Sons,41.79,14.72,Peru,Sweden
126.4,27.37,10947,1228,431,0.299305556,7:17,7213791,Schumm-Witting,14.66,24.15,Japan,Nigeria
67.89,16.1,6404,755,757,0.300694444,21:35,5026355,Swaniawski-Ebert,23.38,24.48,Czech Republic,Argentina
148.69,9.73,6705,1328,944,0.302083333,15:53,4721243,Balistreri-Leuschke,28.35,27.52,Philippines,China
145.48,21.86,9210,728,423,0.302777778,5:57,7956320,Bayer-Flatley,9.46,8.27,Czech Republic,Venezuela
72.97,15.64,6183,1397,845,0.304166667,1:56,4739747,"Kilback, Balistreri and Trantow",26.55,19.47,China,Russia
96.89,19.46,12471,922,1238,0.304166667,20:31,3954394,MacGyver Group,10.87,26.22,Guatemala,Mexico
107.89,19.38,1884,458,1235,0.304861111,6:14,7441324,"Fay, Kutch and Schoen",14.28,7.87,China,Nigeria
47.76,18.04,11312,234,953,0.305555556,7:07,4724417,Reinger-Romaguera,37.36,40.03,Portugal,France
127.26,25.44,4660,607,106,0.306944444,9:46,2253222,Hoppe-Schroeder,3.23,5.48,China,Argentina
135.61,19.65,13107,729,169,0.307638889,1:45,2442578,Herzog LLC,10.53,15.05,Norway,Bulgaria
79.38,14.39,5284,972,869,0.3125,9:29,5645204,"Streich, Thiel and Rohan",4.78,21.47,China,Nicaragua
66.86,14.6,10122,498,671,0.313194444,16:25,7780334,McKenzie-Daniel,7.21,41.99,Sudan,United States
162.31,16.3,13935,1352,359,0.314583333,15:13,7797818,Johnston and Sons,29.9,5.43,Peru,Serbia
82.05,10.08,2160,709,1295,0.314583333,8:29,7751855,Hodkiewicz Group,35.22,28.87,Vietnam,Portugal
88.09,14.33,10025,49,1493,0.315972222,20:09,3907359,Doyle-Olson,3.65,26.05,Slovenia,Turkmenistan
131.27,15.76,4688,347,818,0.317361111,22:50,5428725,Pfeffer-Zulauf,19.64,8.7,Guinea,China
145.29,23.58,5719,39,1183,0.31875,5:26,4766064,Mitchell-Murray,18.57,14.9,Russia,Indonesia
71.7,18.23,4712,120,1235,0.320833333,9:15,4495526,Lesch Inc,13.44,6.89,China,South Africa
131.58,9.68,6409,575,589,0.321527778,6:41,7896702,Little-Nienow,20.44,9.88,Peru,Mexico
100.92,11.37,1816,38,844,0.323611111,13:41,6744680,Cormier LLC,27.41,21.11,Philippines,Portugal
86.96,27.12,5939,642,225,0.323611111,7:58,8883560,Senger Group,15.37,14.5,Greece,Peru
141.96,32.73,3961,323,572,0.325,16:26,8984710,Tromp and Sons,23.08,24.13,Azerbaijan,Indonesia
94.48,27.53,10794,1140,21,0.325,17:02,9147384,"Murray, Dickinson and Price",17.98,36.69,Sudan,Russia
38.05,24.58,1991,1113,1125,0.327083333,22:06,6863532,Beatty Group,5.17,36.9,Russia,Venezuela
36.85,30.54,13896,88,246,0.327083333,12:53,2521826,Satterfield-McLaughlin,23.35,24.61,Maldives,Sweden
126.12,30.31,12881,145,827,0.329166667,14:53,2790672,Mitchell-Lind,3.8,6.67,Russia,Honduras
173.12,30.44,3251,936,982,0.329166667,6:53,7707189,Luettgen Group,26.66,18.09,Brazil,France
164.01,13.35,9144,695,378,0.329861111,14:37,4275324,Sporer-Barton,23.97,18.44,China,United States
52.43,23.43,4562,440,1360,0.330555556,21:30,5103985,Durgan LLC,6.63,5.66,Indonesia,Macedonia
74.1,9.71,9293,1302,204,0.330555556,19:06,8786030,Pfeffer-Walker,40.19,9.27,Bulgaria,China
173.35,12.52,11596,1433,710,0.333333333,19:39,3919901,Hayes-Kuhic,19.15,25.95,China,Finland
150.59,25.05,12851,1152,889,0.334722222,11:22,7967317,Yundt-Murray,28.61,13.24,Poland,China
123.48,12.3,6762,354,872,0.3375,22:00,5342675,Beer-Farrell,13.61,15.51,Indonesia,China
95.56,13.71,14872,1139,1049,0.340972222,22:49,9245846,"Collier, Dietrich and Cartwright",3.96,38.17,Greece,Indonesia
169.98,27.02,2635,1157,265,0.340972222,6:37,9821848,Kautzer-Spinka,7.99,31.55,Portugal,China
157.72,21.15,14673,119,530,0.341666667,5:23,3626992,"Grant, Reichel and Zemlak",19.05,9.17,China,Czech Republic
165.5,21.45,9213,101,832,0.342361111,14:07,5800655,Mueller-Huel,13.56,34.38,France,France
131.23,19.38,12457,711,1129,0.344444444,21:48,3934387,Bosco and Sons,30.39,9.49,China,Brazil
129.48,29.81,10813,1188,573,0.345138889,11:43,7983741,Shanahan-Schumm,27.94,23.87,France,Brazil
44.5,32.04,7139,865,1395,0.345138889,6:11,4583966,Homenick Inc,17.67,41.28,Colombia,Norway
147.87,21.34,6503,393,1331,0.348611111,3:09,8837824,Ziemann LLC,27.2,19.88,China,Philippines
49.41,21.37,14624,1284,108,0.350694444,0:48,9138710,Bruen-Kshlerin,6.08,15.1,Indonesia,China
53.07,32.1,14442,545,231,0.351388889,2:58,5188335,"Ebert, Kub and DuBuque",4.82,4.4,Thailand,Brazil
85.45,29.08,8281,1397,1387,0.352777778,17:19,6663342,Strosin Group,3.65,11.83,Indonesia,Indonesia
89.96,28.73,3458,464,252,0.353472222,18:30,6849010,"Crona, Jaskolski and Macejkovic",34.94,37.32,Poland,China
57.88,14.36,6918,1201,622,0.354166667,9:47,3277605,Jast-Corwin,3.33,24.57,Honduras,Russia
132.43,19.67,10153,111,23,0.354861111,4:16,6084621,"Marks, Altenwerth and Graham",10.84,12.42,Mexico,Czech Republic
44.06,15.11,4685,313,578,0.355555556,14:58,3950302,"Kreiger, Crooks and Bergnaum",38.21,16.04,Norway,China
59.42,18.74,9783,442,1247,0.35625,1:31,9134423,"Goldner, Wiza and Daugherty",26.36,39.02,Russia,Ivory Coast
133.8,14.11,14905,1004,1030,0.356944444,7:52,5002456,"Donnelly, Frami and Schimmel",11.53,12.98,Finland,China
135,28.52,5218,165,232,0.357638889,2:07,3896037,Franecki Inc,6.3,36.43,Philippines,Russia
178.3,25.39,5900,596,247,0.3625,1:50,4036680,Jacobs-Bechtelar,13.52,7.23,Peru,Philippines
82.51,26.7,3781,175,250,0.363194444,11:08,7362471,Bergstrom LLC,23.03,25.06,Netherlands,Indonesia
120.89,29.03,1912,187,437,0.363194444,12:21,3249508,Gerlach-Conn,29.35,15.39,China,Brazil
176.69,20.68,4683,1366,520,0.364583333,22:28,7030985,"Konopelski, Olson and Quigley",3.72,16,Bangladesh,Russia
139.85,21.56,14418,450,1139,0.364583333,0:57,5439801,"Lockman, Padberg and Legros",14.35,25.4,Croatia,Philippines
99.64,14.88,919,703,1091,0.365277778,1:48,8166933,"Medhurst, Mraz and Schowalter",16.41,8.01,Armenia,South Africa
43.98,29.97,4033,422,304,0.365277778,2:59,6873985,Beahan and Sons,15.48,38.02,Indonesia,United States
67.36,22.79,3240,1382,1143,0.365972222,14:04,2068605,Schneider-Klein,7.1,16.79,Indonesia,Czech Republic
63.79,10.77,2561,496,1145,0.365972222,21:59,5159246,"Blick, Tillman and Donnelly",15.87,35.27,Russia,Czech Republic
85.31,26.43,8641,1006,1106,0.366666667,8:26,7859747,"Crooks, Olson and Goodwin",23.9,24.02,Philippines,Philippines
104.25,18.8,669,220,1292,0.367361111,3:43,5688445,"Hoeger, Ondricka and Schulist",34.74,22.53,United States,Argentina
42.84,15.82,12177,222,1073,0.36875,10:25,8002777,Jerde Inc,41.24,40.05,Portugal,China
140.39,29.18,13453,615,609,0.36875,19:21,8331489,Jacobs Inc,32.15,26.99,China,Spain
61.32,32.51,8680,918,911,0.36875,15:50,7327186,Jones and Sons,24.97,22.07,Kenya,Greece
151.26,30.99,4538,894,823,0.369444444,3:00,4141954,Keeling and Sons,20.31,16.67,Russia,Portugal
102.28,21.41,4655,271,360,0.371527778,12:44,8693745,Aufderhar-Bins,7.85,35.85,Portugal,Brazil
83.62,25.77,6585,77,786,0.371527778,10:24,5786133,"Bahringer, Bailey and Satterfield",24.09,15.24,Philippines,China
86.64,17.41,2751,624,428,0.371527778,23:49,3074277,Jacobi-Romaguera,18.91,35.69,Norway,China
77.1,27.01,3334,426,941,0.372222222,8:29,9018166,Rodriguez-Dickens,36.04,14.6,China,China
108.99,28.8,7226,368,1364,0.372222222,8:39,9504331,"Johnson, Ferry and Jones",19.21,41.03,Pakistan,Syria
163.61,18.12,4007,1303,397,0.375,19:48,4372442,Bernhard-Stehr,23.83,20.58,Mexico,Indonesia
111.2,32.32,1901,650,883,0.377083333,9:06,6921921,King-Rath,41.16,30.9,United States,Czech Republic
36.73,12.04,8324,621,1204,0.378472222,7:12,6157488,Walter-Gleason,36.34,23.97,Indonesia,Sweden
151.22,22.31,2124,418,697,0.382638889,9:10,7899324,Legros-Lindgren,39.17,38.33,China,Czech Republic
174.76,31.98,5923,1446,1405,0.385416667,9:26,3177185,"Tromp, Kunde and Ruecker",19.53,21.58,Ivory Coast,China
109.05,32.9,12572,1434,438,0.386111111,9:20,8177292,Beahan-Mayer,29.24,32.52,Sweden,Indonesia
117.07,17.22,9283,490,286,0.3875,0:39,7125684,"Tromp, Moore and Brown",16.88,19.77,Paraguay,Indonesia
84.2,31.36,13460,1172,905,0.3875,7:10,5372004,"Kunze, Keeling and Bailey",41.68,41.32,Bosnia and Herzegovina,Indonesia
35.35,11.17,12706,517,1034,0.388194444,7:00,9090014,Leuschke-Simonis,21.63,9.78,Czech Republic,Russia
144.48,28.03,5583,339,1363,0.388888889,15:20,5106384,Haley Inc,4.06,5.01,China,Philippines
88.86,24.22,11904,846,35,0.388888889,7:20,9386457,Will-Skiles,3.55,16.56,Poland,China
176.73,29.37,8144,1457,755,0.390277778,15:57,2984864,Mosciski-Sauer,26.32,38.72,China,Indonesia
40.05,24.81,10013,1114,294,0.390972222,16:03,4299915,"Mraz, Lockman and Gleichner",38.5,35.82,Panama,Ukraine
72.81,11.66,14061,1373,318,0.391666667,10:09,6941382,Kreiger-Roberts,11.45,20.54,China,Kazakhstan
97.1,29.68,9179,1158,1132,0.391666667,8:25,3017724,"Doyle, Osinski and Beatty",18.17,32.06,Indonesia,Brazil
168.33,21.34,11127,1292,507,0.392361111,6:14,5971024,Hauck-Feeney,11.25,3.49,Argentina,Saudi Arabia
110.8,24.65,9994,987,529,0.393055556,12:59,3713795,Cronin-Watsica,17.19,9.03,China,China
147.99,29.09,1447,178,1295,0.393055556,6:39,2660509,"Reynolds, Heathcote and DuBuque",12.6,20.36,Ecuador,Ukraine
67.39,17.74,6110,1352,772,0.393055556,14:04,4668168,Bogisich-Heathcote,40.53,8.74,Sweden,Comoros
128.5,17.83,5193,813,978,0.393055556,14:50,4808938,"O'Hara, Stark and Gislason",37.05,30.85,Philippines,Philippines
176.27,30.8,1224,1251,940,0.395833333,14:54,7886645,Rempel-Bogan,36.57,11.86,Canada,Thailand
66.23,16.64,11060,1175,787,0.399305556,16:52,8546132,Kautzer Group,27.66,34.13,Indonesia,China
167.19,15.98,13868,605,1129,0.400694444,13:00,6964751,Oberbrunner Group,28.81,19.69,Philippines,United Kingdom
82.25,11.76,7047,288,435,0.402083333,14:46,9560843,Langworth LLC,10.63,18.19,Somalia,China
66.12,19.59,5679,352,1239,0.403472222,10:55,5992636,Spencer and Sons,17.08,38.9,Indonesia,China
118.68,33.06,14773,855,368,0.403472222,15:36,5983281,Lind LLC,14.59,41.02,United States,Argentina
87.36,18.08,4190,28,726,0.403472222,10:52,2457333,"Schoen, Schumm and O'Reilly",30.89,36.27,Indonesia,United States
61.77,28.31,6974,1302,956,0.404166667,4:15,6067785,Rau and Sons,11.37,19.1,Russia,Indonesia
131.73,11.8,4999,543,1077,0.404166667,0:23,3476492,Wintheiser-Herzog,19.13,31.78,Gabon,Colombia
108.6,25.45,10959,596,133,0.404861111,5:11,5133680,Moore-Crooks,23.08,17.96,China,Brazil
143.05,25.24,8941,893,184,0.405555556,18:28,2666218,"Oberbrunner, Baumbach and Marquardt",27.1,28.59,Norway,China
161.98,31.51,14005,709,849,0.405555556,20:39,7358392,Lockman Group,24.76,18.06,China,Philippines
85.56,30.35,1517,1281,195,0.409027778,19:34,8986515,"Lemke, Ratke and Treutel",6.91,27.5,Sweden,Czech Republic
45.85,32.23,8385,1444,351,0.409722222,0:20,2502655,"Mann, Friesen and DuBuque",25.82,17.92,Nigeria,Niger
69.49,25.91,5409,1464,468,0.411805556,10:40,9245734,"Wisozk, Hoeger and Dicki",27.91,14.75,Canada,China
74.63,28.64,1672,911,326,0.413194444,13:46,6169009,"Lowe, Feeney and Mitchell",17.67,3.54,Indonesia,Greece
72.41,13.78,11495,365,304,0.414583333,15:08,4534500,Monahan-Crona,35.59,25.88,Indonesia,Philippines
171.3,11.73,7587,1478,1443,0.414583333,20:56,5308839,Bradtke-Feil,16.63,22.26,United Kingdom,Chile
145.59,29.91,14839,59,508,0.415972222,22:01,6439671,Witting-Lemke,37.67,18.84,Bangladesh,Mali
130.99,32.24,3812,1273,353,0.416666667,22:45,6475006,Wiza-Goyette,15.39,18.43,Ireland,France
86.84,10.87,3301,1011,536,0.418055556,11:49,5662492,Kessler Inc,8.73,20.57,Czech Republic,Brazil
142.82,30.34,3906,232,1292,0.41875,15:05,6571988,"Gleason, Lebsack and Zieme",37.5,10.89,China,Brazil
166.41,10.28,4224,1230,955,0.419444444,14:17,5507319,D'Amore and Sons,20.81,6.33,Honduras,China
55.04,26.95,8410,1092,901,0.420833333,13:19,6979603,Rice LLC,29.28,34.21,China,Honduras
170.82,10.97,2223,1199,399,0.420833333,6:52,9326185,Abbott Inc,14.56,38.88,Poland,China
77.08,22.7,12730,988,1476,0.422222222,11:20,3198201,Brakus Inc,41.13,20.13,Philippines,China
125.76,13.8,11462,399,999,0.422222222,16:58,4319279,Wilderman-Pollich,34.02,14.03,Portugal,United States
54.72,33.05,11441,1466,1358,0.422222222,15:54,6524829,Runolfsdottir-Kilback,36.98,19.28,China,Philippines
119.47,26.56,9669,677,100,0.422916667,3:00,7778503,Kulas-Roberts,29.63,26.19,China,Indonesia
113.82,14.96,8638,898,702,0.424305556,19:47,8035844,Stamm Inc,32.54,18.13,France,China
167.77,19.21,8250,581,48,0.424305556,9:01,2746019,Wilkinson Group,17.01,34.72,Russia,Jamaica
149.46,26.94,4327,216,902,0.424305556,17:50,9181767,"Howe, Jacobi and Streich",32.73,40.07,Finland,Indonesia
174.93,29.22,14270,242,1056,0.425694444,1:27,6615244,"Toy, Cormier and Keeling",41.07,28.81,United States,Philippines
171.53,9.82,6706,816,1170,0.426388889,17:41,3669765,Boehm Inc,37.73,25.32,Indonesia,China
108.27,19.52,13349,728,948,0.429861111,16:55,7272158,"Schimmel, Lehner and Zulauf",25.18,11.65,Sweden,Czech Republic
82.6,14.22,14144,779,583,0.43125,5:18,2202309,"Hammes, Veum and Paucek",21.19,20.68,Indonesia,Venezuela
35.15,23,2072,988,802,0.431944444,12:20,3434816,Oberbrunner-Wolff,25.27,38.7,Czech Republic,Portugal
170.91,12.69,5433,618,208,0.432638889,1:48,6424837,Wuckert Inc,10.45,39.85,Philippines,Indonesia
173.62,10.56,12343,1284,1418,0.432638889,19:10,8269327,Reilly-Rogahn,31.12,6.65,Colombia,Finland
51.23,16.15,7878,839,697,0.434027778,9:59,2687525,Kautzer Inc,33.26,24.93,Libya,China
89.83,32.94,12228,115,118,0.434722222,15:30,8546934,Rohan-Shanahan,21.78,22.78,China,Canada
148.87,20.03,12681,771,869,0.438888889,22:20,2944776,Erdman Group,20.25,20.76,Honduras,Peru
40.9,24.34,2662,84,698,0.439583333,13:32,8377468,Braun and Sons,39.41,3.55,France,Finland
49.57,17.31,6051,740,281,0.441666667,16:35,8292893,Cummings Group,30.24,23.63,Yemen,Indonesia
44.1,30.33,1185,1426,644,0.44375,8:05,7720841,"Kling, Christiansen and Fadel",14.82,13.44,Syria,China
52.95,13.72,4004,351,1329,0.445138889,11:12,8273308,Gerhold and Sons,31.64,25.55,China,Japan
139.66,26.33,7432,1351,733,0.445138889,0:27,2972329,Goldner LLC,17.72,21.2,Argentina,Indonesia
138.79,29.13,4499,611,1493,0.445833333,19:22,8787561,Schultz-Fisher,41.23,5.91,Mexico,China
104.24,24.74,9386,828,715,0.446527778,17:35,2359045,O'Conner Group,37.83,27.11,Germany,Azerbaijan
136.9,25.46,8574,89,756,0.446527778,21:42,5116196,"Bergstrom, Bradtke and Boehm",41.21,3.41,Slovenia,China
110.06,12.39,11684,337,631,0.447916667,21:02,4088802,"Nader, Rempel and Mraz",5.26,14.81,Mexico,China
61.91,26.01,10182,322,662,0.448611111,23:33,4021506,"Cartwright, Morar and Treutel",26.54,11.21,China,Tanzania
80.83,31.69,11922,162,391,0.450694444,4:25,4024947,Hand-Berge,8.18,7.98,Brazil,China
157.36,20.41,12896,521,254,0.452777778,0:23,2297401,Hansen Group,25.93,21.7,Mexico,Venezuela
94.84,16.15,7597,246,765,0.454166667,18:09,9860205,"Haag, Graham and Kertzmann",37.48,11.87,Indonesia,Germany
128.53,26.83,11368,742,729,0.454861111,23:22,3881799,Wisozk Inc,22.95,12.45,United States,Sweden
91.6,9.43,5913,934,258,0.455555556,19:37,2037617,"Dickinson, Wuckert and Friesen",26.23,36.84,Poland,Russia
178.43,28.43,4391,306,263,0.45625,14:47,9466528,Brakus Group,6.18,15.01,Chile,Czech Republic
94.94,27.87,11025,1431,559,0.458333333,7:41,4408047,"Trantow, Bernhard and MacGyver",10.71,18.37,Panama,China
93.46,28.75,11468,1483,1486,0.458333333,15:41,2552566,Kertzmann-Wunsch,12.83,37.14,Pakistan,Portugal
123.2,24.4,12862,173,355,0.460416667,0:13,9236676,Smitham-Crooks,41.66,14,Ukraine,Poland
47.38,16.83,1913,154,262,0.461111111,9:52,7301012,Satterfield and Sons,20.46,23.4,Nigeria,Russia
47.68,25.22,11146,1470,768,0.461805556,19:22,5169026,"Blick, Nikolaus and Howell",10.5,39.65,China,Poland
59.3,9.91,13389,1380,1242,0.461805556,21:08,5711495,"Mitchell, Feest and Moore",23.52,3.32,Canada,Brazil
69.32,15.1,14069,704,1264,0.463194444,8:29,9312676,Powlowski Group,20.04,8.63,Philippines,Laos
175.4,25.63,1754,588,578,0.464583333,17:46,3487783,"Gottlieb, Turner and Harber",14.17,28.45,Indonesia,Ukraine
116.08,19.46,8869,114,1387,0.465277778,19:15,5141037,Hettinger and Sons,15.41,31.25,France,China
134.43,27.87,14567,119,1301,0.465277778,2:53,9364667,"Monahan, Volkman and Doyle",34.78,36.62,China,Morocco
40.18,25.65,3451,1459,768,0.466666667,13:42,7020795,Morissette-Wyman,10.05,27.14,Nigeria,Peru
109.14,11.34,3616,1227,981,0.466666667,7:24,4589733,"Yundt, Buckridge and Cremin",25.84,27.33,China,France
121.2,33.05,7346,1377,188,0.467361111,19:30,5551400,Wisozk-Murazik,10.48,40.46,Colombia,Equatorial Guinea
68.68,20.14,8818,667,950,0.470833333,11:19,4393677,Bogan-D'Amore,4.55,31.68,Canada,South Africa
110.68,21.59,10947,1120,857,0.472916667,20:52,5160670,Strosin-Bogisich,41.04,4.26,Czech Republic,Indonesia
62.63,14.02,10956,1073,405,0.472916667,14:21,9882743,"Dibbert, Hand and Hickle",35.37,17.9,Russia,Albania
111.56,24.31,14986,321,180,0.474305556,15:49,9384752,"D'Amore, Stoltenberg and Bogan",5.8,16.31,China,Sweden
83.37,24.19,6078,1347,1412,0.474305556,21:58,9427319,Davis Inc,18.42,35.62,Iraq,Bolivia
162.76,13.25,2663,1257,693,0.475694444,23:25,4442950,Conroy and Sons,37.08,3.25,China,China
59.97,23.05,5200,629,1042,0.475694444,16:32,9668280,"Predovic, Mann and Schaefer",29.89,33.09,Netherlands,China
94.78,14.47,11528,174,118,0.476388889,16:51,9729462,Cole Inc,29.78,5.98,Slovenia,France
130.3,23.74,9447,1246,292,0.476388889,9:17,3578529,Weber-Armstrong,28.55,22.33,Poland,Thailand
136.52,27.28,3874,847,361,0.477083333,14:00,6462965,Steuber Inc,41.19,28.09,Indonesia,Philippines
86.62,23.71,4909,529,1417,0.478472222,14:52,2066555,"Lesch, Daniel and Cole",37.9,19.75,Indonesia,China
113.89,10.49,12617,651,1357,0.479861111,23:42,9565798,"Ortiz, Kihn and Witting",27.05,21.19,Poland,Indonesia
159.78,26.37,2592,1235,553,0.48125,6:45,4546360,Greenholt LLC,10.63,7.3,Lesotho,China
160.56,32.35,4786,414,152,0.48125,1:32,2706440,Grimes Inc,19.42,40.12,Indonesia,Indonesia
126.39,23.4,6085,727,80,0.481944444,2:33,8158835,Gutmann Inc,13.62,34.54,Japan,China
72.83,24.69,7086,1250,365,0.484722222,9:00,6089397,"Hyatt, Swift and Kessler",17.17,34.11,Nigeria,China
157.99,14.82,5204,1032,879,0.484722222,5:02,9611565,Daugherty Group,37.69,39.45,Poland,Argentina
131.33,24.37,14391,248,1469,0.484722222,9:22,2226295,Lynch Group,27.74,14.8,China,Brazil
112.54,28.97,3305,1052,1449,0.485416667,15:14,6064480,Kulas and Sons,6.78,35.32,Mozambique,Czech Republic
75.99,29.43,14522,965,551,0.485416667,13:13,9898632,"Berge, Mraz and DuBuque",6.34,6.12,Greece,China
96.15,30.35,10691,93,782,0.486805556,10:23,4689747,"Nicolas, Krajcik and Marks",19.98,18.32,Indonesia,Russia
99.23,13.46,9579,50,1011,0.488194444,23:27,3759862,Hand-Wunsch,16.77,18.82,Croatia,Russia
36.47,12.98,14525,990,1392,0.488194444,4:45,9653649,"Mueller, Bruen and Herman",12.33,25.05,China,Libya
163.26,14.16,9548,1141,607,0.488888889,0:45,2839330,Tromp-Goldner,24.96,21.3,New Zealand,Belarus
59.62,12.58,8703,1444,886,0.488888889,4:35,2594546,"Schmitt, Schowalter and Torphy",3.51,4.4,Indonesia,Indonesia
168.18,18.23,9653,1097,761,0.489583333,10:45,9751222,Wilderman and Sons,36.31,3.56,Argentina,China
109.92,17.16,10385,45,81,0.489583333,1:23,9676620,Pfeffer and Sons,31.99,7.95,Sweden,Brazil
134.68,32.19,13282,100,206,0.489583333,18:12,5409588,"Mosciski, Carroll and Borer",35.86,37.57,Peru,Indonesia
121.16,12.35,8274,569,1323,0.490277778,20:50,4228889,Corkery LLC,22.15,38.2,Japan,Indonesia
72.13,30.56,945,160,1171,0.490972222,6:14,8469271,"Nikolaus, Runolfsson and Rohan",30.37,38.86,Serbia,Philippines
79.07,17.75,13395,126,302,0.491666667,15:08,4272664,Wunsch-Bernier,21.03,39.55,Russia,China
132.16,27.41,13997,1282,889,0.494444444,20:59,2985859,Powlowski LLC,29.16,30.54,Venezuela,Republic of the Congo
166.05,29.39,8506,662,616,0.494444444,1:40,6370995,Leffler and Sons,39.87,18.13,China,Russia
145.99,9.75,6130,1236,752,0.495138889,8:50,5996008,Halvorson-Herman,13.28,11.51,Peru,Canada
47.82,13.91,3935,614,779,0.497222222,4:31,4192513,Simonis-Simonis,34.97,10.43,Japan,Philippines
92.36,28.5,14339,1253,140,0.497222222,23:16,5392060,"O'Conner, Koss and Erdman",8.02,38.39,Japan,China
136.76,14.43,13848,1101,1146,0.497222222,19:38,2485822,Kertzmann Inc,17.04,34.5,Philippines,United Arab Emirates
80.51,10.01,4013,1446,164,0.497916667,3:47,4621518,"Bode, Langosh and Hoeger",24.43,24.04,China,Malawi
146.17,22.51,14400,509,262,0.498611111,16:24,7546481,Koelpin-Bergnaum,13.41,21.89,China,Poland
41.54,10.12,4930,132,720,0.498611111,22:52,5733425,Miller-Abernathy,16.35,12.87,Thailand,Poland
51.05,14.23,4396,1314,68,0.5,13:08,6437157,Waelchi Inc,8.52,11.03,Ethiopia,China
175.87,15.18,5815,478,35,0.5,11:15,8122440,"Von, Dicki and Medhurst",5.62,18.07,Philippines,China
87.63,30.31,9226,537,1420,0.501388889,8:58,7686216,"Stehr, Lang and King",31.4,31.94,Philippines,China
133.67,12.49,10781,909,623,0.505555556,8:28,2783292,Halvorson and Sons,21.4,41.75,China,Botswana
87.31,14.05,12915,222,588,0.507638889,16:28,6924457,Renner LLC,22.24,11.76,Philippines,Indonesia
113.44,20.35,6293,1204,393,0.511805556,10:13,2057860,Moore-Rutherford,20.85,39.51,China,China
109.88,15.58,8957,1378,1388,0.5125,7:18,9251345,"Kuhn, Torphy and Koch",37.91,36.66,China,France
53.21,19.62,6813,994,298,0.515277778,21:41,3772587,Schmidt-Hodkiewicz,24.88,20.21,United States,China
77.71,13.12,10083,1022,432,0.515972222,1:57,8601126,"Cummings, Durgan and Hudson",32.34,18.71,Philippines,Kenya
125.04,11.41,780,1234,1049,0.51875,19:02,5302710,"Volkman, Leuschke and Pagac",34.15,27.43,Guatemala,Pakistan
80.47,29.55,5802,456,566,0.51875,18:44,7316406,Haag Group,6.83,7.37,Indonesia,Mexico
42.03,18.25,6277,367,505,0.519444444,12:20,5799414,Runolfsdottir Group,17.83,29.61,China,France
139.39,12.53,7791,1291,1187,0.519444444,7:48,4739766,Skiles Group,12.12,3.89,China,Brazil
175.54,29.76,1447,228,178,0.521527778,16:09,5778179,"Cassin, Considine and Harber",28.43,27.75,Cameroon,Indonesia
150.49,20.8,985,1285,680,0.522222222,20:10,4201169,Herzog-Donnelly,18.2,41.74,Russia,Israel
105.97,9.45,5736,450,451,0.522222222,17:38,5067787,Windler-Gleason,4.56,27.13,Peru,Sweden
116.88,11.48,9936,860,565,0.522916667,20:35,9770362,"Yost, Gottlieb and Barton",12.73,13.26,Colombia,France
175.78,30.69,13785,990,560,0.524305556,23:14,8606164,Spencer-Schultz,26.54,24.08,Czech Republic,Indonesia
107.72,27.07,6935,1350,1451,0.524305556,0:39,6933059,"Williamson, Torp and Pacocha",21.76,7.98,Namibia,Poland
148.14,10.9,6152,115,952,0.525694444,23:29,7823154,Aufderhar-Rohan,38.38,27.92,Estonia,France
176.43,23.4,13082,1336,276,0.527083333,12:42,7272720,Renner LLC,37.76,19.39,Mexico,Philippines
71.84,12.37,9321,480,402,0.527777778,20:20,4654257,"Boehm, Glover and Schuster",31.89,30.07,France,Bulgaria
172.06,18.33,2598,620,326,0.529861111,20:24,2445972,Doyle and Sons,30.07,17.15,Indonesia,Iran
76.66,12.41,5841,397,1288,0.53125,23:38,6551549,"Schmitt, O'Hara and Ferry",28.94,15.01,China,Indonesia
102.34,11.34,7648,1491,1465,0.53125,6:01,5695242,Armstrong Group,27.58,31.86,Philippines,Czech Republic
134,21.18,13243,341,1045,0.53125,21:49,7840642,Armstrong and Sons,12.3,34.68,Colombia,Philippines
41.02,14.93,2333,545,370,0.531944444,15:47,5655459,Dietrich Inc,15.26,20.18,Russia,Belarus
133.21,13.13,6357,134,1395,0.534722222,2:23,3904119,Schroeder Group,19.76,28.32,Cameroon,Portugal
147.8,14.54,14263,426,640,0.534722222,21:06,5832117,"Pouros, Heidenreich and Roberts",32.08,7.29,Peru,Norway
33.07,16.97,3316,1469,1420,0.538888889,22:56,6096491,"Braun, Ryan and Wolf",5.6,25.75,China,Canada
74.88,32.07,13075,784,1228,0.539583333,1:54,2645485,"Gottlieb, Grady and Barrows",16.83,32.91,Burkina Faso,Finland
146.76,19.25,11758,1410,1011,0.540972222,7:17,2846123,Stamm-Dietrich,6.21,7.72,France,China
151.81,17.77,12292,869,288,0.542361111,11:08,9915198,Sipes and Sons,16.61,34.77,China,China
145.22,26.86,9635,1339,1437,0.544444444,20:17,8908264,"Rodriguez, Powlowski and Ziemann",11.42,12.09,Sweden,China
152.62,24.84,5674,96,470,0.546527778,4:32,2346652,Ward-Kshlerin,6.34,40.23,Armenia,China
74.14,31.77,4092,505,273,0.546527778,6:08,3070408,Wilkinson-Maggio,10.84,34.17,Portugal,Montenegro
121.63,23.36,3989,27,1479,0.547916667,10:15,6119589,Vandervort-Stehr,38.64,25.36,Brazil,United States
178.85,18.83,5145,1384,1009,0.547916667,6:29,6695783,"Abernathy, Kirlin and Borer",7.72,38.05,Moldova,France
93.49,9.58,4749,125,929,0.549305556,17:58,5158797,Raynor LLC,17.46,8.83,Kosovo,Jamaica
141.05,24.7,10474,91,839,0.55,4:51,9494639,Schneider-Borer,26.28,22.23,Egypt,Colombia
164.67,27.72,7005,674,615,0.55,10:25,5405999,Jast LLC,18.89,39.45,Egypt,Philippines
36.98,22.75,13799,884,1012,0.550694444,6:10,8158309,Bayer-Dach,14.43,27.09,Honduras,Indonesia
101.57,31.07,7318,327,774,0.550694444,18:59,9744127,"Muller, Roob and Crooks",32.33,12.99,China,Russia
87.8,17,7280,1466,992,0.552083333,9:25,4453568,Monahan Group,6.13,19.64,Indonesia,Peru
43.09,20.24,11254,154,1495,0.552777778,11:24,2853866,"Morissette, Mueller and Wolff",36.6,5.59,Brazil,China
100.2,32.9,12381,1467,1400,0.554166667,1:31,7994854,Carter-Abshire,6.92,11.58,Costa Rica,Democratic Republic of the Congo
154.09,19.33,7755,1488,924,0.554861111,22:32,4827516,McDermott Group,18.63,17.19,Indonesia,Portugal
33.86,13.65,6298,1056,924,0.556944444,4:33,2084239,"Wolff, Torp and Wiegand",3.8,9.17,China,Sweden
168.69,31.63,2885,697,594,0.557638889,23:09,2818089,Bradtke Inc,5.23,28.19,Somalia,China
133.84,9.72,12664,73,670,0.558333333,19:10,5475749,"Carroll, Tremblay and Lindgren",16.21,33.34,Indonesia,China
162.5,32.87,9209,656,219,0.564583333,11:01,5044973,Feeney and Sons,33.01,25.27,Canada,Canada
88.59,9.5,5044,680,597,0.564583333,2:14,5869403,"Lehner, Herman and Friesen",38.16,22.17,Indonesia,Sierra Leone
53.65,13.61,10051,796,1123,0.565972222,21:32,7043999,Kris LLC,16.58,40.53,Sweden,Sweden
58.68,31.99,8521,552,750,0.567361111,6:50,2933270,Jacobs-Wisoky,3.22,18.77,Philippines,Libya
166.66,24.29,4681,60,1294,0.567361111,11:02,7842237,Bednar Inc,11.95,16.94,Czech Republic,China
137.29,13.89,4781,75,1143,0.567361111,2:16,7669129,Conroy-Tremblay,20.6,20.43,Mexico,Russia
137.11,31.85,3931,423,296,0.568055556,19:28,3753773,Gerlach-Cremin,24.1,32.23,Ireland,Panama
125.65,15.71,9076,109,1494,0.56875,12:13,3264749,"Blick, Hagenes and Thiel",13.03,30.68,Czech Republic,Croatia
142.03,26.94,3688,1202,1069,0.56875,11:47,2188366,Kunde Inc,20.41,34.68,Russia,Cuba
138.14,23.17,5974,252,1482,0.570833333,18:45,5850344,Smitham-Krajcik,17.01,41.66,Peru,Indonesia
125.01,16.94,3522,1193,1172,0.572916667,5:57,5834807,Deckow-Quitzon,34.69,23.79,South Africa,China
108.35,32.29,1885,1270,1200,0.574305556,15:38,6726332,Hartmann LLC,22.44,18.07,Philippines,Portugal
161.42,21.42,11768,974,1446,0.575694444,17:13,5502552,"Senger, Grimes and Pacocha",11.48,30.12,Indonesia,China
160.37,29.84,7953,711,776,0.575694444,22:23,8677596,Gerhold-Carroll,5.73,40.94,Canada,Argentina
84.9,30.59,7940,1201,1438,0.575694444,23:36,2236803,Hodkiewicz-O'Keefe,23.7,31.31,China,Finland
141.1,25.46,8989,281,544,0.577777778,12:15,2352847,Lowe-Roberts,39.06,19.87,Democratic Republic of the Congo,Thailand
138.65,11.74,1083,1166,131,0.577777778,0:32,8702543,Schuppe-Pacocha,34.63,15.57,Bangladesh,China
66.46,14.74,7663,1315,1338,0.579166667,22:58,6249417,Steuber-Dare,36.07,18.5,Honduras,Indonesia
135.94,30.22,6320,1100,136,0.58125,19:15,4248496,Blick LLC,3.22,8.41,China,Sweden
177.22,28.01,1749,181,1314,0.581944444,20:42,2408814,Dach Inc,9.87,21.7,Israel,Indonesia
35.88,22.47,7315,1450,1193,0.581944444,22:41,2741749,Botsford Inc,25.33,41.48,Philippines,Colombia
137.37,23.27,3949,911,1051,0.583333333,13:22,9427757,Kemmer Group,16.74,19.4,Canada,Venezuela
167.39,25.77,12784,1121,34,0.584722222,5:35,5416731,Block Group,29.28,39.47,Azerbaijan,Indonesia
66.98,19.05,14720,1280,773,0.586111111,22:51,9125392,Johnston and Sons,3.38,34.1,Bulgaria,China
98.58,32.6,9908,68,1406,0.586805556,13:23,4216393,"Nienow, Koch and Gottlieb",32.07,16.12,Japan,Indonesia
108.44,32.15,14528,470,346,0.586805556,5:48,4676756,Corkery LLC,11.88,27.18,Russia,Kenya
40.68,28.96,13156,892,1169,0.5875,10:14,6754410,Murray-Stamm,39.58,21.8,Indonesia,Iran
61.71,17.13,7305,814,1302,0.5875,3:59,8348029,Beahan-Shanahan,12.28,27.23,China,Indonesia
35.86,16.92,12222,955,1072,0.588194444,20:38,3319017,Yundt LLC,35.77,31.8,United States,China
132.06,11.67,14252,401,545,0.588888889,3:20,2578097,Kuhn-McCullough,26.93,37.12,Philippines,Germany
114.92,12.83,8028,1333,44,0.589583333,17:16,8745112,Koss-Russel,29.73,26.9,Philippines,China
90.23,31.68,3431,527,1011,0.589583333,14:14,8393726,"Ernser, Keeling and Kiehn",18.74,17.38,Brazil,Canada
87.25,16.15,9120,442,471,0.593055556,7:46,3381165,Dicki-Waters,31.81,20.16,China,Russia
56.73,33.14,12227,207,1349,0.594444444,3:23,4045662,"Schinner, Roberts and Collier",33.77,25.79,Indonesia,Syria
165.38,13.58,11361,353,164,0.596527778,17:55,6052818,"Lakin, Waters and Mraz",12.8,18.86,Kazakhstan,North Korea
44.05,23.05,4213,63,800,0.599305556,14:05,8323763,Kilback-Sporer,4.28,27.7,Indonesia,Croatia
134.14,25.24,6755,471,1291,0.599305556,9:31,2137891,Kshlerin-Cruickshank,18.51,26.72,Russia,France
57.27,31.78,14893,860,722,0.6,6:27,6088198,"Kautzer, Wunsch and Robel",10.45,26.46,China,Czech Republic
122,18.42,5105,225,467,0.600694444,7:01,7169850,Parisian LLC,41.22,14.94,China,Indonesia
63.13,16.14,11407,98,607,0.600694444,10:04,2518774,Schulist and Sons,32.96,10.77,China,Thailand
50.7,30.11,8139,1035,1122,0.601388889,5:07,7196913,Raynor-Kling,9.45,25.72,Indonesia,Argentina
43.09,25.17,10392,1012,607,0.602083333,16:24,2404644,Corwin-Schulist,8.95,19.65,Philippines,Venezuela
53.68,17.89,11713,1201,1352,0.60625,7:00,2721170,"Crona, Goldner and Dooley",31.04,29.31,Pakistan,Argentina
107.99,12.3,2735,193,346,0.60625,17:42,2149288,Kuvalis and Sons,34.79,4.61,Kazakhstan,Indonesia
81.18,9.24,10462,250,1148,0.606944444,9:40,2291266,Goodwin-Ortiz,26.32,26.11,Bosnia and Herzegovina,China
158.28,15.68,6328,1420,758,0.609027778,21:45,2480386,"Kovacek, Kshlerin and Denesik",5.76,19.59,Colombia,Poland
83.13,25.44,9870,1396,136,0.611805556,10:24,3294789,Vandervort-Frami,16.96,23.4,Brazil,China
121.21,20.23,9097,737,859,0.6125,17:01,7588650,Cartwright Inc,5.63,31.56,United States,Philippines
152.06,20.28,7787,1235,659,0.613194444,3:43,3656202,Swift-Harris,10,13.82,Brazil,Philippines
155.72,10.6,8133,1450,566,0.615277778,15:34,6535666,Abshire-Prohaska,27.5,16.25,Poland,France
90.37,31.77,1286,26,365,0.615277778,16:19,6280631,Ratke-Runolfsson,33.88,31.95,Vietnam,Chile
166.36,27.99,10019,95,123,0.615972222,22:19,8441243,Cole-Toy,39.56,22.62,Sweden,Brazil
108.65,28.49,5852,539,1428,0.615972222,15:29,4168762,Koepp and Sons,11.69,39.67,Greece,Cuba
124.52,23.88,7864,1224,1125,0.615972222,12:15,2843500,Considine LLC,27.19,13.13,Canada,China
72.8,31.05,4074,787,816,0.617361111,20:56,6707124,Mann-Jerde,34.96,27.32,Puerto Rico,France
83.86,23.16,12311,120,271,0.617361111,6:29,2822920,"Osinski, Schuppe and Rice",19.82,18.34,Poland,Mexico
76.92,20.62,1283,562,1115,0.617361111,20:01,9766614,Bergnaum-Satterfield,38.32,24.81,South Africa,Russia
124.71,16.85,7801,504,69,0.619444444,4:56,4873690,Kuvalis-Hagenes,26.05,16.44,Ukraine,Russia
155.6,15.49,997,1395,672,0.619444444,16:11,3791513,"Carroll, Zulauf and Kreiger",11.38,27.1,Brazil,Russia
52.94,21.27,1681,349,344,0.620833333,11:30,6395582,"Schmitt, Breitenberg and Shanahan",31.11,24.2,China,United States
168.72,15.48,14448,698,1249,0.621527778,9:27,4313424,"Mohr, Jaskolski and Goldner",39.56,4.41,Russia,Brazil
144.13,31.24,10902,1027,1366,0.625,13:09,5561141,"Bashirian, Luettgen and Goldner",40.87,40.06,Philippines,Syria
169.83,10.79,7323,586,367,0.629861111,17:58,2995276,"Schmeler, Zieme and Conroy",13.58,5.12,Albania,Philippines
80.71,19.72,4063,965,654,0.630555556,14:35,7049406,Jakubowski Inc,31.29,26.4,Burundi,Canada
173.18,26.65,4835,1270,892,0.630555556,16:06,2159566,"Aufderhar, Hansen and McKenzie",29.64,41.54,Nicaragua,Peru
102.11,17.2,14274,294,795,0.63125,15:24,3808963,Considine-Rosenbaum,6.17,22.87,Brazil,Indonesia
66.16,28.53,9033,829,717,0.63125,18:45,4547451,Kunze Inc,33.16,39.93,Greece,China
98.21,12.35,13019,1363,1274,0.63125,2:46,2999038,Nolan-Zboncak,16.42,32.42,Iran,Indonesia
46.81,27.77,11018,985,560,0.631944444,16:03,8462223,"Paucek, Shields and Morar",11.87,38.93,China,Greece
78.02,20.03,3733,1049,875,0.634027778,12:05,8114206,"Hamill, Kulas and Stamm",10.1,3.04,Poland,Afghanistan
110.55,18.93,6214,63,230,0.636111111,8:24,7558249,Kutch-Sauer,40.18,39.83,Indonesia,Russia
160.34,23.05,2565,542,1251,0.636805556,22:20,9958421,"Homenick, Kovacek and Becker",39.7,13.37,Cuba,Portugal
95.98,31.6,3181,1305,664,0.638194444,4:22,2763241,"Wisoky, Batz and Halvorson",23.1,20.7,Philippines,Philippines
174.54,19.29,3728,464,1116,0.638888889,10:25,9730774,Nitzsche and Sons,35.13,23.93,Philippines,Indonesia
164.4,25.96,7032,1405,1486,0.639583333,12:00,8285092,"Abbott, Ebert and Gutmann",36.32,11.99,China,Bulgaria
78.69,13.26,10548,1125,703,0.640277778,0:34,4744835,"Terry, Auer and Batz",14.7,8.39,China,Poland
70.14,24.37,10898,968,102,0.641666667,9:46,4749906,Nicolas LLC,40.71,28.56,Indonesia,Bulgaria
130.38,30.36,7693,1372,940,0.642361111,4:25,2839848,Gislason-Spinka,34.69,34.91,Portugal,France
90.94,22,11802,1189,1336,0.64375,13:09,7544481,Klocko-Morar,40.97,16.35,Argentina,Switzerland
152.82,18.26,12834,93,971,0.645833333,11:31,8649468,"Legros, Fisher and Wilkinson",34.39,39.48,China,Philippines
35.76,29.78,10048,1088,1208,0.645833333,14:25,2189853,Batz LLC,38.25,31.68,Israel,Cameroon
135.75,9.67,7225,1451,1374,0.645833333,8:20,9934367,Murray-Goodwin,13.29,19.93,Philippines,Malaysia
91.28,14.37,3659,770,257,0.648611111,5:01,2238944,Feest Group,36,12.97,China,China
145.9,31.07,3563,102,34,0.649305556,20:08,2996811,Schneider LLC,32.84,37.92,Indonesia,China
67.9,26.47,1254,342,148,0.65,10:35,2357222,Kilback-Torphy,3.01,12.02,Belarus,Indonesia
99.25,15.71,7878,1325,1021,0.652083333,21:00,9042479,Dietrich Group,30.52,9.39,Russia,Iceland
67,24.06,11550,1292,1278,0.654166667,14:19,9141738,Altenwerth-Jakubowski,17.91,24.58,Mexico,Palestinian Territory
65.88,14.73,2362,1336,933,0.65625,3:06,7406700,Welch Inc,32.87,33.18,Philippines,Indonesia
153.67,20.79,13064,1381,245,0.656944444,16:21,5471049,Metz-Stark,34.01,39.53,Nigeria,Ethiopia
57.65,29.5,2766,1117,870,0.659722222,4:15,4697166,Conn Group,34.98,32.45,Philippines,Macedonia
48.31,25.49,10101,977,398,0.659722222,19:09,4417078,Kreiger Group,12.8,27.04,Portugal,Ukraine
107.78,13.63,5148,1211,1462,0.660416667,10:24,4354838,"Crooks, Stamm and Howell",19.59,24.62,China,Indonesia
122.67,25.16,9615,1060,289,0.660416667,1:45,6889857,"Jacobs, Schmidt and Kiehn",30.54,26.73,Costa Rica,Indonesia
78.68,30.97,2686,782,365,0.660416667,20:06,7133026,Hettinger Group,13.01,3.18,Thailand,Costa Rica
166.45,31.66,11405,836,1146,0.661111111,23:54,7788566,"Cartwright, Auer and Jaskolski",14.83,11.35,Poland,Russia
55.25,32.2,6085,1098,639,0.661805556,0:32,5399717,"Veum, Parisian and Witting",15.67,29.56,Bermuda,China
78.24,19.83,1203,1386,752,0.663888889,22:39,3473701,Bartell Inc,26.19,26.04,Brazil,Russia
86.8,21.58,3449,1363,785,0.664583333,11:33,6912906,"Boehm, Balistreri and Stanton",14.93,17.88,Sweden,Nigeria
162.09,21.09,4980,62,910,0.664583333,1:01,3849053,Bernhard LLC,9.18,10.04,Venezuela,China
151.88,31.88,13744,1045,736,0.665972222,13:15,2042583,Stamm LLC,8.4,18.91,China,Russia
92.34,19.83,2633,976,297,0.666666667,14:34,3906104,Veum Group,26.83,5.42,Czech Republic,Pakistan
57.39,19.04,14831,1371,1293,0.667361111,0:15,9573519,Leffler-Deckow,32.84,11.5,China,Poland
152.9,10.28,2306,1344,1044,0.668055556,0:08,5069026,Gorczany-Williamson,39.68,23.21,China,Sweden
92.49,20.48,3465,1149,893,0.66875,3:21,2260239,Kreiger-Ankunding,10.7,32.82,Luxembourg,Mexico
76.77,27.41,6075,1448,202,0.669444444,21:52,8356941,Corkery Group,33.19,21.57,Peru,United States
125.83,21.17,13056,615,196,0.669444444,15:30,2607562,"Yost, Rath and Schowalter",39.7,40.43,Indonesia,Philippines
126.09,20.95,4389,50,610,0.669444444,1:34,8429121,Smitham LLC,10.88,23.47,China,Russia
139.09,30.34,9296,263,729,0.669444444,7:05,2826464,"Mayer, Walker and Cronin",23.97,41.67,China,China
99.89,31.41,3667,253,1193,0.670833333,4:14,2910497,Bernier-Carter,35.1,22.51,China,Brazil
66.04,29.76,4248,1105,736,0.670833333,4:05,3643412,"Rath, Fahey and Leuschke",5.67,32.19,Vietnam,China
93.71,26.01,14671,895,810,0.673611111,4:52,9693043,"Hackett, Veum and Weimann",30.95,8.49,Japan,Colombia
40.92,30.55,5129,1416,1383,0.676388889,6:09,8279251,Kohler Group,29.2,7.32,China,China
36.6,20.51,8396,1399,1305,0.677083333,21:00,2978925,"Nitzsche, Stroman and Wisozk",11.69,30.67,Burkina Faso,Poland
156.42,31.56,4095,1246,1399,0.677777778,12:07,3060781,Carroll-Hand,29.97,37.7,Indonesia,Peru
44.14,18.15,8658,1221,373,0.678472222,14:51,5233905,"Dare, Hilll and Reynolds",18.21,26.69,Brazil,Brazil
163.09,26.67,13256,726,1065,0.679861111,6:04,4700285,"Fahey, Oberbrunner and Douglas",10.1,16.16,Russia,Vietnam
101.6,28.2,8296,280,203,0.680555556,12:04,4953417,Upton-Graham,25.21,7.36,Indonesia,China
96.1,18.67,778,322,316,0.680555556,0:41,8138764,Prosacco-Steuber,23.12,40.4,Poland,Indonesia
46.94,23.58,8679,133,521,0.68125,5:49,2974726,Altenwerth-Lebsack,4.06,38.5,Indonesia,Portugal
157.67,17.65,7783,620,811,0.682638889,11:50,9262476,"Breitenberg, Crona and Cassin",3.59,9.93,China,China
152.88,17.88,5137,772,750,0.684722222,8:19,9027723,"Kiehn, Mayert and Johns",28.95,9.36,South Africa,Brazil
104.51,26.28,11813,1275,336,0.685416667,19:06,5956063,Heaney Group,24.07,26.45,China,China
139.94,22.57,7834,893,202,0.685416667,13:28,2192170,Rogahn and Sons,18.67,31.7,Thailand,Indonesia
134.44,15.38,1873,705,1262,0.686111111,14:02,7404577,Fahey Group,39.93,16.57,Japan,United States
116.37,30.03,12292,871,624,0.686111111,23:29,8982876,"Purdy, Bosco and Hackett",3.35,5.27,China,Philippines
42.14,13.04,13089,1364,836,0.686111111,5:03,2816644,Weissnat-Kemmer,7.81,37.2,Argentina,China
166.6,26.78,10845,891,1342,0.686111111,0:20,3086607,Jakubowski Inc,10.39,27.42,South Korea,Philippines
100.45,32.28,4032,1308,593,0.6875,11:21,7563004,Kessler-Johnson,31.79,14.15,Bosnia and Herzegovina,Mongolia
147.44,14.82,2040,691,1342,0.6875,1:52,7363509,"Ortiz, Kuhlman and Pagac",11.78,4.24,Russia,Chile
34.33,28.14,14412,132,516,0.688194444,9:22,4755442,Rogahn Group,4.15,33.77,United States,France
149.41,23.65,10770,328,75,0.688194444,8:03,8535161,Gleichner-Dickens,9.96,34.69,Philippines,Czech Republic
157.35,24.31,12009,1128,1144,0.688194444,3:27,9583333,Yost Inc,41.71,29.16,Sweden,United States
161.15,11.83,6852,1167,845,0.688888889,19:31,5750933,Mitchell-Klocko,32.57,7.78,China,China
62.27,32.28,1274,1151,1437,0.690277778,17:24,8017473,Fahey-Nikolaus,31.53,20.35,Israel,Russia
158.8,28.05,1385,529,604,0.691666667,21:32,6067976,Fritsch-Oberbrunner,34.7,14.74,China,China
176.56,31.56,10007,148,1004,0.691666667,4:02,9993690,"Ritchie, Koss and King",7.77,12.91,Bulgaria,China
173.29,10.9,12150,1430,679,0.692361111,22:39,4443127,"Denesik, Morissette and Braun",22.61,5.58,Philippines,France
40.9,12.47,10157,1391,84,0.692361111,5:35,8207788,Harris Group,14.11,35.83,Philippines,Philippines
55.52,23,8704,204,1389,0.693055556,12:47,8056957,Skiles-Mraz,11.33,12.64,Peru,China
107.95,24.45,7507,321,930,0.693055556,19:24,2813307,Schmitt-Predovic,5.54,27.99,China,Saint Kitts and Nevis
121.62,28.88,12343,553,25,0.69375,13:57,8628361,Hane-Nolan,8.93,14.14,Poland,Indonesia
134.9,31.14,3715,850,56,0.695138889,3:56,6052089,"Willms, Gulgowski and White",41.52,30.97,Sweden,Russia
117.77,16.74,12217,35,439,0.696527778,21:20,9975341,"Hyatt, Wunsch and Russel",10.4,32.62,Ukraine,China
80.27,14.45,8364,225,568,0.698611111,1:05,6007081,Tromp Inc,9.92,21.66,Indonesia,China
151.45,19.61,5827,1235,1275,0.698611111,11:56,4998029,McCullough-Schiller,40.87,26.06,Venezuela,China
131.63,11.04,12373,1052,1430,0.698611111,4:11,3828575,Schaden-Corkery,32.49,34.2,Russia,Sweden
173.65,9.8,3967,762,1061,0.699305556,23:28,5307211,"Cruickshank, Cremin and Roob",17.33,26.3,Vietnam,Uzbekistan
146.52,26.83,1091,1169,903,0.7,14:10,9296346,"Becker, Harvey and Schmitt",34.25,13.18,Canada,Vietnam
171.89,17.14,12911,1042,267,0.7,10:14,5428498,McDermott-McKenzie,17.08,3.77,China,Mexico
38.4,12.3,10874,1257,835,0.702083333,11:36,7060306,Nicolas-Auer,27.06,34.09,China,Brazil
125.89,16.45,4618,446,1148,0.702083333,3:03,2681016,Leuschke Group,23.11,16.41,Syria,Philippines
60.19,28.76,1116,314,1394,0.702083333,12:42,9038993,Lockman Inc,35.74,12.81,United States,Ivory Coast
135.5,23.28,11686,291,283,0.702083333,5:37,3309213,Volkman-Goodwin,16.78,29.28,United States,Bulgaria
55.38,17.31,3003,330,42,0.704166667,5:33,2448893,Howell LLC,14.67,35.27,Indonesia,Malaysia
140.5,17.46,5859,196,48,0.706944444,12:24,4142793,Casper and Sons,15.28,7.72,Argentina,Argentina
85.22,24.64,5823,1455,719,0.707638889,3:39,3439535,"Rutherford, Bergnaum and Bogisich",24.93,10.58,China,Jamaica
149.26,11.15,7223,356,1262,0.707638889,11:36,7400899,Ortiz-Lockman,24.06,3.99,United Kingdom,South Africa
63.89,21.7,4159,130,823,0.709722222,18:10,8955995,Lueilwitz-Howell,39.58,30.06,China,Ukraine
158.28,26.9,11274,82,519,0.710416667,3:17,9747723,Kilback Inc,33.28,23.6,Uganda,Ukraine
168.63,32.22,8956,1204,360,0.713888889,12:15,2888392,"Altenwerth, Dach and Hand",34.74,4.07,Montenegro,China
37.49,25.72,5931,769,118,0.720138889,5:50,7288268,"Murphy, Bernhard and Sawayn",33.63,21.45,Indonesia,Guatemala
115.65,14.62,13915,803,145,0.720833333,8:36,3340085,Wintheiser-Terry,16.07,9.63,Sweden,Venezuela
104.78,23.92,14423,1063,93,0.723611111,0:31,8068984,O'Kon-Kling,5.68,15.52,Malta,Madagascar
83.28,29.68,1960,505,1168,0.727083333,4:53,8733015,Jast-Kovacek,3.53,29.39,Central African Republic,Ukraine
137.85,20.7,8772,1215,948,0.727083333,0:54,5437067,Goodwin Inc,27.57,32.49,Greece,Sweden
110.19,32.67,8640,788,1382,0.727777778,20:45,5258774,Bergstrom-Schuster,21.38,9.14,Czech Republic,Indonesia
143.9,19.03,13315,1335,819,0.727777778,8:02,9641772,Ullrich-Roberts,19.7,13.14,Norway,United States
72.59,29.6,5547,474,1008,0.730555556,14:41,6497194,Daugherty-Shields,13.55,24.3,Portugal,Democratic Republic of the Congo
34.67,15.65,7153,427,74,0.731944444,17:07,8419619,"Rowe, Ryan and Klocko",35.81,35.56,Qatar,France
110.93,20.02,2579,1455,1454,0.731944444,18:55,3734738,Douglas Inc,36.12,31.03,Sweden,Russia
70.92,10.97,13544,1153,1252,0.733333333,8:26,5410357,King-Bailey,30.13,7.34,Colombia,Canada
124.99,21.39,9222,171,468,0.734722222,16:29,9860746,Beahan Inc,4.61,25.93,China,France
65.11,13.3,11241,1385,787,0.735416667,14:47,4648513,Kemmer-Cummerata,35.51,9.71,China,"Bonaire, Saint Eustatius and Saba "
67.14,16.21,4780,1110,611,0.7375,4:50,8649145,McGlynn-Cole,26.39,28.75,Russia,Sweden
96.06,14.1,9813,455,1441,0.7375,20:05,5980047,"Thiel, Hahn and Trantow",30.37,14.72,China,China
127.13,13.65,12033,1469,1442,0.739583333,0:35,6255516,Rutherford-Erdman,22.96,24.83,Netherlands,Indonesia
104.12,16.92,4256,1057,1412,0.739583333,12:19,2371993,Orn Group,37.22,4.82,Brazil,Japan
167.94,21.53,14381,649,1421,0.739583333,6:21,2799505,"Dickinson, Ward and Sawayn",20.72,4.04,United States,Ethiopia
135.4,9.98,10050,1284,93,0.740972222,12:50,2381101,Corkery and Sons,13.96,26.42,Russia,Portugal
46.28,10.91,7736,1112,446,0.740972222,10:47,7716986,"Lynch, Cummings and Oberbrunner",41.21,8.61,Macedonia,Ireland
167.39,23.53,6577,1092,202,0.741666667,3:55,3662581,"Satterfield, Collins and Stanton",18.07,19.53,Argentina,Colombia
63.52,25.87,812,947,1147,0.741666667,20:57,7843846,Kshlerin-Runolfsson,7.01,18.49,Indonesia,Chad
97.47,28.4,10336,323,404,0.74375,6:59,7551203,Flatley-Wuckert,28.41,25.44,Czech Republic,Bolivia
40.32,26.54,1026,593,1459,0.747222222,23:30,2420381,Ortiz LLC,38.55,25.63,Croatia,South Africa
153.15,27.82,8463,224,666,0.747222222,18:36,7806146,Cummerata-Abernathy,28.53,17.2,Syria,Latvia
68.14,14.94,14195,1224,599,0.749305556,8:51,5255612,Runte-Emmerich,20.55,33.92,Albania,Indonesia
32.88,15.76,14630,1401,414,0.75,6:20,9687771,"Carter, Medhurst and Dietrich",31.89,32.86,Poland,Bangladesh
113.38,9.31,759,380,457,0.750694444,9:34,5383860,Cole-Blick,17.28,23.12,Portugal,Azerbaijan
150.38,15.67,5766,810,1489,0.751388889,19:01,7465756,Rolfson LLC,21.87,38.54,Dominican Republic,Poland
152.62,21.32,7149,1496,878,0.752083333,16:53,6691221,"Fisher, Hudson and Reichert",18.45,33.55,Vietnam,Turkmenistan
148.28,21.87,7030,1206,426,0.753472222,16:39,4727394,"Leuschke, Mitchell and Corkery",23.5,14.32,Indonesia,Greece
32.84,27.17,10203,688,621,0.753472222,22:09,3833820,Pacocha and Sons,3.39,18.47,Guatemala,Brazil
95.46,32.62,7363,350,647,0.754166667,0:44,4487394,O'Keefe-Larkin,19.74,8.04,El Salvador,Finland
51.66,23.51,11082,135,452,0.754861111,11:07,3130694,"Mann, Brown and Stehr",23.32,10.03,Indonesia,Kazakhstan
87.96,31.11,5218,1339,712,0.75625,23:28,5209952,Gottlieb Inc,33.43,9.47,Greece,Montenegro
65.38,24.96,4732,1233,557,0.756944444,8:34,9425890,"McClure, Effertz and Schoen",25.72,24.75,Indonesia,China
82.91,31.35,4912,1021,679,0.757638889,16:47,9257437,"Goyette, Mertz and Romaguera",12.71,10.75,Peru,Philippines
54.92,17.88,12235,882,1436,0.759027778,23:18,9646102,Block Inc,5.81,15.26,Honduras,Indonesia
77.32,21.59,10033,95,393,0.759722222,21:54,5599868,Mertz Inc,12.43,30.15,China,Philippines
126.29,24.04,12687,1236,541,0.759722222,3:09,8060841,Kovacek-Gutkowski,27.27,29.52,Suriname,China
34.94,24.2,2165,370,921,0.759722222,8:28,2230900,Davis LLC,13.45,17.73,Philippines,France
95.34,26.1,13987,34,578,0.760416667,22:50,6071293,Schuster Inc,19.04,3.48,Guatemala,United States
159.11,10.95,9723,1417,329,0.761111111,19:34,4055798,Bruen-Effertz,23.52,25.19,Poland,Japan
134.76,24.47,4338,1404,31,0.763888889,22:57,9304709,Nolan LLC,7.96,22.9,Ukraine,China
128.31,18.25,11237,702,885,0.763888889,17:54,7917975,Effertz and Sons,28.73,18.91,China,Luxembourg
37.15,21.55,6399,448,1422,0.765972222,22:57,4536577,Jacobson and Sons,11.82,12.46,Poland,Japan
126.58,27.41,6358,236,1195,0.766666667,22:38,2367626,Ryan-Weissnat,31.36,18.14,Indonesia,Philippines
47.43,22.69,9768,426,91,0.767361111,16:47,5627604,Adams-Quitzon,30.96,9.08,Kazakhstan,Mauritania
64.92,17.17,997,489,1221,0.767361111,12:24,8433418,Blick Group,30.64,14.76,Uzbekistan,Yemen
104.3,26.21,2962,1409,321,0.767361111,1:23,9259880,Wiegand LLC,23.63,7.52,Morocco,Portugal
53.36,13.62,12581,36,1004,0.770138889,2:16,5301936,"Dicki, Crooks and Halvorson",41,12.46,Saudi Arabia,France
49.67,32.93,8974,1164,1375,0.770833333,5:08,9283611,"Toy, Prosacco and Donnelly",19.11,23.66,Russia,Indonesia
118.37,23.52,825,1185,421,0.773611111,3:29,8088130,Watsica-Walker,32.34,16.15,Slovenia,Poland
166.07,24.09,3521,345,903,0.774305556,16:18,2742150,Kilback-Schultz,20.99,38.68,Sweden,Portugal
89.18,22.75,11404,608,1098,0.776388889,1:52,7663067,"Green, Osinski and Ward",5.68,40.07,Czech Republic,Bolivia
64.48,29.09,12028,606,961,0.777083333,1:10,8603493,Lueilwitz-Schuster,22.74,29.51,China,Kosovo
108.4,10.59,8872,122,749,0.779166667,13:04,3622178,"Ritchie, Steuber and Bailey",28.1,6.73,Colombia,Burundi
38.65,16.42,9991,1211,1356,0.78125,21:42,7270077,Parker LLC,31.49,39.09,Colombia,China
62.47,24.45,10391,1130,1026,0.783333333,2:00,8822160,"Bechtelar, Gerhold and Auer",14.37,37.5,Colombia,France
162.02,25.36,1071,826,44,0.784722222,6:52,4276503,"Botsford, Gibson and Nikolaus",12.12,36.57,Peru,Indonesia
93.98,26.92,10858,927,838,0.784722222,9:45,3868143,"King, Gusikowski and Rice",10.68,31.39,Poland,Philippines
41.19,29.21,13418,458,814,0.785416667,0:54,2831633,Farrell-McClure,40.04,4.03,China,China
167.47,26.8,14780,462,540,0.788194444,17:23,8134601,Ferry LLC,29.91,40.18,China,Ukraine
91.24,22.28,11443,378,1241,0.789583333,2:08,8026773,Fay Inc,28.25,17.12,China,Portugal
84.49,20.69,13008,532,1133,0.790972222,17:40,3525948,"Wisoky, Von and Lubowitz",11.53,23.63,Indonesia,Indonesia
48,31.45,10125,1453,370,0.791666667,1:54,3367071,"Price, Hand and Hoeger",6.5,38.55,Nigeria,Nigeria
139.45,19.85,8714,1267,673,0.792361111,1:39,9932025,Lakin Group,21.32,15.17,China,Sierra Leone
147.53,10.26,12022,894,821,0.796527778,13:59,5928014,Heaney-Bode,21.17,16.94,China,China
37.88,13.15,11636,75,1210,0.796527778,3:44,4008765,McClure-Crist,4.13,14.54,Mexico,Greece
35.89,30.81,2528,1456,1478,0.797222222,14:39,8001523,"Gutkowski, Quitzon and Stracke",15.96,41.92,Yemen,Afghanistan
96.3,9.68,8312,69,1160,0.798611111,21:48,5388685,Bechtelar Group,15.16,30.27,China,China
136.16,14.28,4597,896,1147,0.798611111,6:38,4120550,Larson-Wunsch,6.1,40.25,United States,Indonesia
48.06,23.05,11761,1445,215,0.798611111,19:04,5366723,Ondricka-Koelpin,22.1,36.15,Colombia,China
107.62,30.74,13928,1283,110,0.799305556,7:03,5426241,Boehm Inc,5.62,13.7,Thailand,Brazil
62.9,29.21,3538,196,479,0.799305556,9:13,3357720,Braun-Frami,28.09,18.99,Netherlands,Sweden
177.45,32.81,5549,48,140,0.801388889,12:15,7425884,"Orn, Swift and D'Amore",5.09,39.77,Croatia,Macedonia
127.35,22.67,10168,1272,134,0.801388889,9:25,6655140,Olson and Sons,7.02,39.41,Poland,France
65.12,13.85,12562,122,684,0.801388889,6:53,3938624,"Crist, Botsford and Conroy",9.98,34.24,Bulgaria,Iran
142.3,14.71,4264,575,588,0.802777778,14:08,2129582,Farrell Inc,29.01,19.75,Uzbekistan,China
33.47,27.42,2206,315,1211,0.803472222,12:42,2204697,"West, Morar and Hyatt",6.89,4.17,Cuba,Sweden
108.22,25.85,13077,1365,1499,0.804861111,3:11,5876623,"Stanton, Hyatt and Torp",12.03,23.31,Poland,China
123.88,9.45,4552,541,1451,0.805555556,16:02,5293265,Kuvalis-Schimmel,29.53,8.79,Montenegro,United States
40.6,31.25,2316,813,734,0.807638889,6:18,8326044,Stroman-Kessler,18.72,21.06,Bulgaria,China
47.97,28.41,9403,1180,995,0.809722222,20:07,6690352,Daugherty Inc,17.67,35.64,Nigeria,Finland
114.5,26.19,4367,974,179,0.811111111,22:43,2603539,"Brekke, Bosco and Jast",7.19,8.6,Azerbaijan,Philippines
93.3,9.27,3480,1019,1377,0.813194444,8:26,4344176,"O'Keefe, Kihn and Heathcote",25.45,4.94,Ukraine,Netherlands
169.15,23.41,4501,615,211,0.813888889,22:49,4144992,Dickinson-Flatley,41.71,18.7,Mexico,Canada
114.49,15.99,9296,523,408,0.815277778,3:51,9491017,Jones Inc,29.67,12.34,Zimbabwe,China
166.56,28.34,11043,175,1127,0.815972222,15:43,8764355,Zboncak-Treutel,8.5,16.06,Sweden,China
96.54,14.06,8507,1177,1479,0.817361111,9:30,7136792,Luettgen-Nienow,36.17,33.61,Portugal,Brazil
94.74,32.09,12958,913,1066,0.822916667,3:18,5841504,Kub-Dietrich,26.76,32.71,Kenya,Indonesia
54.62,31.88,1962,961,887,0.824305556,22:12,3093537,Emard and Sons,30.32,41.59,Norway,Democratic Republic of the Congo
77.32,29.51,11937,269,1201,0.824305556,17:07,3696538,"Cassin, Herzog and Sipes",34.27,5.54,China,Vietnam
142.31,16.65,4833,316,1096,0.825694444,23:45,3519473,Prosacco Group,16.58,31.1,Indonesia,Norway
112.62,12.53,13853,272,820,0.826388889,19:29,4256028,"Cummerata, Harris and Bahringer",16.79,12.83,Poland,United Arab Emirates
105.66,18.43,2548,256,966,0.827777778,21:23,2850982,Wolf-Keeling,35.42,8.54,Indonesia,Jamaica
142.86,23.16,6951,104,691,0.827777778,3:55,2980054,Herzog-Bauch,8.45,6.49,Indonesia,China
47.38,32.34,7035,744,111,0.829166667,12:58,9830921,Trantow-McLaughlin,4.2,4.67,Morocco,Vietnam
107.86,33.04,1665,217,639,0.829861111,11:55,5959170,Runolfsson-Gerhold,29.1,4.38,Poland,South Africa
153.16,16.21,10893,116,824,0.829861111,11:08,4081661,Swift-Welch,31.77,36.17,Brazil,China
170.27,24.15,1040,362,504,0.830555556,16:05,3794268,"Boyle, Rodriguez and VonRueden",8.7,29.46,Finland,China
155.58,10.96,4841,520,279,0.830555556,18:14,6900201,Mayert Inc,16.1,11.44,Philippines,Indonesia
69.39,21.66,11194,34,1249,0.830555556,23:10,9153602,"Reinger, Bernhard and Haley",18.34,37.06,Bolivia,China
133.45,31.07,5941,623,1259,0.83125,0:19,2079035,Bayer-Rolfson,39.22,35.68,Philippines,China
89.3,14.18,13817,955,1412,0.83125,10:44,5482852,"Kovacek, Dietrich and Bernier",14.02,26.93,United States,Russia
173.99,11.12,6461,437,533,0.83125,15:33,5363854,Jerde and Sons,26.54,18.53,Philippines,China
51.4,10,2674,109,305,0.832638889,21:57,6380843,Koepp-Bechtelar,38.4,35.47,China,Greece
85.36,21.42,4417,357,771,0.835416667,2:40,5183155,Howe-Kovacek,32.75,30.62,Brazil,Poland
92.74,14.89,2328,1490,931,0.839583333,14:07,3942624,Toy-Jones,22.26,20.24,Russia,Botswana
121.51,15.26,1810,1167,584,0.840972222,13:33,8801434,Cartwright Inc,40.91,28.84,Greece,Kiribati
164.89,29.16,843,118,1467,0.841666667,4:07,3521651,Rosenbaum-Rowe,25.3,12.31,China,Philippines
138.03,29.84,1090,408,443,0.841666667,9:48,9738824,"Dickens, Kilback and Fadel",5.66,25.79,Iran,Colombia
92.46,19.9,2515,66,491,0.843055556,19:48,6662398,"Pagac, Reichel and King",35.08,7.78,Kosovo,Indonesia
55.37,30.48,14893,1174,1116,0.843055556,20:37,5510916,Carter LLC,21.19,8.33,Indonesia,Philippines
131.75,18.41,7953,958,582,0.84375,18:05,7474242,Carroll Inc,30.59,11.64,Russia,South Africa
68.51,19.73,3758,1420,317,0.84375,18:19,7420529,Kreiger Group,36.59,25.58,Malaysia,Vietnam
139.82,31.38,2947,297,1455,0.845138889,19:07,9332546,Wisozk and Sons,26.01,9.9,Finland,France
104.93,19.55,7162,893,553,0.847222222,0:40,9595039,"Kreiger, Johnson and Ritchie",4.36,17.04,China,Thailand
96.82,14.14,5218,257,1170,0.847916667,9:24,5491621,Huel-Padberg,15.82,12.65,China,Finland
166.24,24.91,10717,747,615,0.848611111,20:47,3987479,Fadel LLC,10.11,10.74,China,Bolivia
75.31,25.39,12637,1370,229,0.848611111,15:44,2433916,Berge-Kling,15.28,37.33,Philippines,Indonesia
60.96,25,5910,78,815,0.850694444,4:28,3722236,"Dooley, Lynch and Von",23.02,20.99,Luxembourg,Indonesia
96.32,18.3,5962,1420,932,0.851388889,9:50,6321760,Jakubowski LLC,32.95,39.83,Russia,China
150.63,16.52,5690,636,268,0.851388889,10:22,5879287,"Schimmel, Ullrich and Champlin",20.39,16.31,United Kingdom,Honduras
58.05,24.77,8810,883,220,0.851388889,20:06,6365161,Corkery Inc,22.11,12.19,China,Philippines
124.79,9.84,4679,825,1015,0.852083333,14:32,3020654,Schroeder-Kulas,17.55,17.62,Mauritius,China
57.64,25.59,7769,605,100,0.852083333,12:01,3880500,Hessel-Rutherford,20.56,39.57,Netherlands,Indonesia
112.64,24.37,8788,990,1097,0.853472222,18:54,5377860,Kulas Group,25.03,34.21,Albania,Kazakhstan
36.15,9.89,8575,955,105,0.854861111,13:37,6556744,Bogisich Inc,25.97,19.11,Sweden,Ukraine
133.07,16.28,4911,651,139,0.856944444,2:35,6533016,Crooks-Hegmann,33.61,22.78,Japan,Yemen
79.41,25.1,8227,792,399,0.856944444,1:05,3604529,Dickens-Leffler,33.61,19.16,Italy,Brazil
50.73,14.32,9783,654,282,0.856944444,0:18,4883620,"Powlowski, Ziemann and Rowe",26.02,23.22,Russia,China
116.45,12.47,5523,121,266,0.857638889,17:14,9603054,Huels Inc,30.76,4.19,China,Moldova
77.92,21.31,6053,305,839,0.857638889,13:29,6216080,"Johnston, Miller and Christiansen",27.62,11.42,Czech Republic,China
34.47,32.12,9790,160,972,0.858333333,5:07,4566593,"Dietrich, Treutel and Abernathy",29.97,24.42,China,Russia
178.07,30.13,10166,606,1069,0.859027778,15:10,3413155,"Smitham, Maggio and Spinka",19.23,36.63,China,Morocco
151.5,27.64,8148,400,518,0.859722222,5:11,4812676,"Botsford, Ratke and Harvey",36.11,39.8,Indonesia,Slovenia
64,9.67,10102,324,1114,0.860416667,10:59,3993650,Wintheiser-Hermiston,40.95,29.99,Philippines,Brazil
81.25,21,14849,1380,876,0.860416667,14:52,7502677,Dietrich Inc,33.67,24.14,Chile,China
41.14,23.65,10954,191,450,0.861111111,10:02,4446677,Waelchi Group,29.9,40.96,Uruguay,China
72.77,32.25,10393,75,985,0.861111111,0:05,3670313,Grady Group,31.21,22.88,Palestinian Territory,Poland
160.92,20.28,14264,1220,1312,0.861805556,5:47,9799193,Lubowitz-Mueller,38.95,25.96,Sweden,Brazil
127.4,16.41,9670,490,214,0.864583333,7:46,9647174,"Lehner, Sipes and Stehr",10.38,16.54,Russia,Indonesia
143.49,11.51,11595,1005,712,0.865972222,6:53,7072378,"Stehr, Dach and Toy",12.4,5.57,Honduras,China
48.67,30.32,3927,967,1206,0.865972222,21:44,6861660,Lubowitz Inc,36.41,16.17,China,Greece
113.58,32.5,6811,205,911,0.866666667,14:50,5351972,"Emard, Rolfson and Davis",11.82,17.06,Morocco,United States
173.29,31.98,11208,123,1218,0.866666667,5:03,7244868,"Graham, Stokes and Kozey",32.34,9.81,Philippines,China
167.81,30.33,10099,791,325,0.867361111,17:48,7558865,Batz Group,13.24,12.6,Croatia,France
41.8,27.51,2700,510,970,0.867361111,6:22,6959653,Spinka-Aufderhar,33.37,24.78,Sweden,Turkey
164.09,27.44,7139,587,562,0.867361111,11:17,4123707,Gibson-Flatley,11.73,21.2,Russia,Ukraine
76.68,21.51,6896,1363,736,0.870833333,20:53,8155488,"Medhurst, Conn and Kling",33.66,15.34,Croatia,China
129.79,16.46,3511,790,695,0.872916667,0:48,6093397,Hayes and Sons,19.08,39.17,South Korea,Kosovo
87.91,19.96,13958,65,890,0.873611111,22:09,4865579,Heller and Sons,28.87,19.31,Netherlands,Venezuela
84.35,29.39,743,1463,1117,0.875,6:04,4886116,Borer-Green,21.89,31.2,Vietnam,China
120.4,16.09,12608,1330,261,0.877083333,14:15,8268453,Mraz-Satterfield,8.23,37.04,China,China
138.35,11.61,13639,1003,1440,0.878472222,7:41,9362265,"Buckridge, Daugherty and Witting",7.85,26.66,Indonesia,Peru
36.53,30.08,2870,1443,715,0.878472222,9:20,2865531,Thiel and Sons,23.43,41.93,United States,Greece
91.53,21.8,14051,1146,767,0.878472222,21:46,2273043,Braun and Sons,14.26,3.32,Tanzania,Philippines
35.74,26,11298,123,712,0.879166667,7:33,5349911,Nolan-Schowalter,14.67,17.1,Norway,Sweden
98.87,13.94,13158,629,1307,0.880555556,6:34,6921457,Wilkinson Group,12.57,27.38,China,Poland
41.56,19,14951,154,1431,0.88125,16:44,3437671,Wunsch Group,25.67,13.28,China,China
99.35,24.11,13222,1046,1087,0.881944444,19:06,6657040,Grady and Sons,29.52,13.28,Brazil,China
91.59,29.01,2352,1270,682,0.882638889,1:54,6105918,Ward-Nicolas,34.97,38.89,China,Saudi Arabia
172.98,25.99,8476,1422,144,0.883333333,17:12,7221086,Purdy LLC,24.58,11.1,Afghanistan,France
62.82,20.24,7812,936,500,0.884027778,6:13,8433196,Harber Group,5.54,13.63,China,Thailand
128.27,13.96,5430,322,116,0.884722222,6:39,6837205,Mann-Bechtelar,20.79,23.1,Philippines,Japan
127.92,12.32,2498,779,837,0.885416667,3:37,4325807,Reinger-Gorczany,19.94,15.64,Cuba,Russia
56.69,31.43,8733,1410,966,0.886111111,4:13,4125735,"Smith, Kemmer and King",38.58,6.69,Portugal,China
71.53,20.69,3501,158,359,0.888194444,8:22,2741716,Block-Johns,9.35,7.07,China,Tanzania
49.93,19.48,14655,372,369,0.888888889,1:52,2430749,Veum-Kihn,32,38.03,Philippines,Seychelles
131.72,32.18,6268,934,876,0.888888889,9:49,9282579,O'Keefe Inc,24.11,36.53,Iceland,Indonesia
156.3,31.73,6564,841,125,0.890277778,21:34,2222788,Oberbrunner-Towne,15.86,27.08,Japan,Croatia
71.87,31.75,12386,835,462,0.890277778,7:26,9174560,Treutel-Bins,28.14,27.97,Canada,Colombia
160.79,17.49,4217,1390,630,0.890972222,4:29,8989338,"Swift, Murphy and Kutch",34.44,11.46,Indonesia,Czech Republic
56.96,20.34,13394,1425,117,0.893055556,15:59,9561155,Hessel-Crona,24.3,14.24,Brazil,China
98.15,28.39,4405,1066,186,0.895138889,5:39,8327175,"Zboncak, Parisian and Kling",26.77,25.93,Poland,China
134.12,32.03,10848,655,1136,0.895833333,5:03,6141131,"Herman, Kreiger and Lind",26.02,31.22,Poland,China
95.87,25.16,3935,908,997,0.896527778,22:12,4184335,Douglas-Cassin,9.32,15.12,Ukraine,Indonesia
79.02,32.78,6581,1015,104,0.896527778,9:47,5501608,Bosco-Bins,41.62,5.68,Finland,China
53.12,27.48,6054,1333,727,0.897916667,18:12,5383418,Von-Spencer,41.52,10.6,Malaysia,Russia
87.4,10.23,2781,1411,926,0.898611111,0:17,9528742,Lebsack and Sons,36.96,21.93,Mexico,Comoros
91.44,13.72,10827,961,360,0.899305556,12:54,2856478,"Runolfsdottir, Bednar and Streich",39.73,37.57,Guadeloupe,Philippines
155.46,29.21,6770,347,1171,0.900694444,18:17,2760035,Nolan Group,36.45,36.38,Azerbaijan,Indonesia
65.53,27.02,11257,1019,407,0.902083333,0:49,8968555,McClure-Rodriguez,14.99,41.21,Peru,Sweden
73.1,19.87,8886,816,604,0.902083333,4:47,6618471,Schneider and Sons,9.86,39.83,Portugal,China
110.19,17.59,13432,1354,1008,0.903472222,12:50,6488000,Kling-Pagac,5.02,18.07,Philippines,China
107.36,30.96,14113,771,1484,0.903472222,21:46,4797334,Ferry Group,31.6,16.92,Poland,Philippines
89.02,27.59,10479,588,77,0.904166667,16:21,9839693,Bailey Group,38.26,37.26,Russia,China
46.48,27.83,6879,1287,1049,0.904166667,21:06,6834575,Corwin-Labadie,18.39,27.72,Philippines,Togo
119.14,16.04,10435,1485,941,0.904861111,17:42,3890590,"Denesik, Ryan and Kiehn",9.07,41.23,Iran,China
104.56,17.05,14282,126,1241,0.904861111,22:07,4379738,Pfeffer Inc,34.32,4.53,Guinea,Russia
94.11,17.57,7422,491,341,0.905555556,19:04,4471266,Reichert and Sons,20.32,35.14,Brazil,Uruguay
106.45,22.77,9085,853,918,0.907638889,21:41,5177625,Blick-Wuckert,35.95,10.86,Poland,China
139.8,30.93,13386,1420,1292,0.909722222,11:46,6767573,Cassin and Sons,40.5,15.71,China,Nigeria
78.76,21.85,1059,1042,1309,0.913194444,11:53,7951771,Luettgen-O'Hara,16.85,7.5,China,Portugal
146.33,20.47,2210,427,760,0.913194444,10:46,8521060,Lesch and Sons,37.89,20.51,Indonesia,South Africa
86.13,20.93,6669,561,1417,0.914583333,0:35,7150978,"Kemmer, Hoppe and Douglas",5.27,21.47,Japan,Pakistan
82.93,14.5,3231,981,442,0.914583333,5:19,4983837,Kreiger-Goyette,16.31,25.13,Indonesia,China
68.2,22.36,11081,561,721,0.915277778,0:33,5050809,Crist-Sporer,25.17,7.49,Ivory Coast,Norway
98.08,28.48,4136,70,892,0.916666667,12:26,7890405,Ondricka-Zieme,15.79,14.62,Argentina,Finland
123.14,12.2,2328,1292,1236,0.917361111,15:09,3481874,Kihn Group,28.3,30.09,Latvia,Indonesia
81.47,9.61,4358,1423,905,0.918055556,20:25,9297677,Keeling-Bogisich,30.01,26.68,Poland,Indonesia
84.69,14.81,12015,1299,860,0.918055556,21:24,9528388,Ortiz-Grady,7.59,10.25,Sweden,Japan
79.59,31.82,12923,1301,631,0.922222222,11:11,7301600,Kautzer and Sons,3.05,16.19,Indonesia,Albania
52.73,30.84,5458,866,1247,0.922222222,16:05,2258816,Flatley-Conroy,9.26,29.58,Madagascar,Argentina
48.01,9.46,1184,1349,806,0.922916667,6:49,2850073,Rosenbaum Inc,27.79,18.13,Philippines,Mexico
40.56,11.85,4375,624,1271,0.923611111,0:17,7750525,Little Inc,4.84,38.78,China,Burundi
151.1,25.92,4885,665,856,0.925,13:49,3866232,Armstrong-Zulauf,10.07,23.99,Paraguay,China
36.22,26.72,3186,1063,201,0.927083333,1:05,7980427,Hilll Group,26.67,23.32,China,Indonesia
71.95,28.18,13493,909,1454,0.927083333,5:49,4849326,"Paucek, Langworth and Raynor",12.44,41.9,Indonesia,Haiti
86.83,12.55,10419,301,670,0.927777778,21:41,4763885,Kuhn Group,25.15,27.49,Canada,Armenia
141.5,24.65,7207,1254,1253,0.929166667,8:16,6804127,Daugherty-Stark,7.51,9.41,Mexico,Japan
83.8,33.01,10216,1320,550,0.930555556,14:44,9175871,"Robel, Mayert and Tromp",14.32,16.63,Indonesia,Marshall Islands
173.89,21.73,13649,825,279,0.93125,6:24,4816012,Okuneva-Blick,22.93,8.94,Indonesia,Russia
163.27,23.36,1296,198,423,0.93125,10:09,3996254,"Turner, Farrell and Moore",11.04,34.48,Peru,China
40.48,25.97,3275,1147,1093,0.93125,10:58,5616444,"Schimmel, Pouros and Cronin",10.74,37.09,Canada,Trinidad and Tobago
173.59,10.47,6781,1413,1216,0.933333333,4:19,7909130,Cruickshank-Deckow,27.14,23.65,China,Philippines
34.36,11.62,14144,397,1111,0.933333333,13:38,2845539,"Thiel, Lockman and Nikolaus",36.98,38.53,Japan,Portugal
152.76,25.31,14939,457,912,0.934027778,1:07,2041410,"Bayer, Nolan and Wyman",20.26,15.26,Argentina,United States
123.62,10.88,8056,827,181,0.934027778,18:20,9554791,Bogan-Haag,40.53,39.1,Sierra Leone,Tajikistan
175.56,17.7,13309,675,1438,0.935416667,16:51,3366032,Schaefer and Sons,31.01,20.06,Morocco,France
62.21,26.46,9152,720,624,0.936111111,10:06,3929174,Kozey Inc,24.01,3.85,United States,Indonesia
172.34,18.27,2849,38,790,0.9375,3:08,3289998,Mann-Stoltenberg,33.79,30.04,China,China
120.73,19.46,10621,894,1471,0.938194444,9:19,7085419,"Haley, Heidenreich and Kulas",41.22,39.77,China,Czech Republic
141.78,11.56,9271,1377,1452,0.938194444,7:21,7498985,Fahey-Armstrong,9.91,20.61,China,Mexico
176.58,14.41,7910,135,726,0.941666667,21:46,6367774,Macejkovic LLC,19.1,24.07,Philippines,Indonesia
113.28,20.75,7296,651,939,0.941666667,8:03,8775474,"Rowe, Borer and Beier",34.86,10.69,China,Russia
105.34,14.23,3494,543,1225,0.941666667,7:58,7267900,"Collier, Sawayn and Bosco",36.62,37.58,Pakistan,China
165.72,30.39,13388,736,1338,0.945138889,14:15,4221542,Hessel LLC,15.92,15.64,Croatia,Brazil
80.58,16.06,7228,1330,502,0.947222222,0:11,7551437,Labadie-Mertz,24.24,19.94,China,Canada
145.94,10.45,14990,718,389,0.947916667,16:13,8112941,Stanton Inc,22.89,17.63,Indonesia,Indonesia
154.07,12.04,9232,1433,219,0.949305556,14:03,2413440,"Kreiger, Kling and Gibson",9.98,16.31,Indonesia,Vietnam
128.14,17.35,11395,1248,940,0.949305556,1:03,5834977,"Grimes, Wintheiser and Larson",19.09,19.32,Indonesia,Yemen
90.99,11.71,9488,951,122,0.950694444,21:06,7740656,"Cummerata, Bode and Dare",38.56,25.54,Peru,China
104.44,16.41,6893,345,1176,0.950694444,6:57,8463462,"Graham, Batz and Wiegand",29.44,23.59,Indonesia,China
125.29,20.47,4701,79,1374,0.952083333,7:25,8462996,"Raynor, Wilkinson and Reichert",7.94,35.51,Kosovo,Palestinian Territory
37.13,24.82,13122,180,1109,0.952777778,5:36,7762208,Stamm-Kub,35.89,31.42,Bosnia and Herzegovina,China
60.19,30.89,10496,1016,1217,0.953472222,22:00,6071109,"Tromp, Haley and Kirlin",29.71,4.12,China,Mexico
80.72,15.72,8660,1221,224,0.953472222,7:19,4808186,Nikolaus-D'Amore,12.09,3.25,Canada,China
140.7,31.72,13931,602,1318,0.954861111,7:07,3904858,Deckow-Moore,15.07,5.08,Philippines,Poland
140.24,27.02,1840,173,328,0.954861111,20:11,6630200,Friesen-Weimann,21.38,14.74,China,Colombia
41.69,14.13,2956,1313,560,0.956944444,11:09,4815759,"Reilly, Gerlach and Schiller",16.31,33.92,Poland,Dominican Republic
133.91,11.77,13703,1281,1496,0.957638889,0:06,5740815,Heaney Group,9.52,4.93,Greece,Philippines
123.93,20.83,1524,250,719,0.957638889,23:50,4144641,Kozey-Wintheiser,8.88,24.61,Indonesia,Israel
60.53,25.29,10289,215,433,0.959722222,15:38,7165165,Zboncak-Nikolaus,4.92,22.71,Colombia,Russia
105.89,25.48,1617,740,1085,0.960416667,6:13,2361299,Breitenberg and Sons,33.74,35.22,Sweden,Germany
40.11,16.45,13957,144,576,0.960416667,16:49,3823483,Fisher-Beier,36.85,21.21,Russia,China
146.25,25.06,14357,1318,1189,0.960416667,9:10,9389185,Kub-Sawayn,8.17,28.82,Indonesia,Philippines
52.5,25.88,10384,588,647,0.963888889,12:45,3059825,Hilpert-Ruecker,5.59,33.92,China,Morocco
131.4,17.88,14064,293,689,0.964583333,18:44,9014784,"Wiza, Walsh and Cole",36.78,36.73,Sweden,China
58.58,17.14,8844,687,1038,0.966666667,5:13,8445325,Nienow and Sons,13.86,34.77,Brazil,Poland
58.6,17.04,973,427,1307,0.967361111,5:35,5286942,"Kuhlman, Bogan and Hintz",35.28,24.31,Russia,China
77.75,24.43,3728,747,1208,0.967361111,21:48,3703713,"Friesen, Kreiger and Lemke",6.8,27.99,Indonesia,Indonesia
100.68,18.85,8675,147,183,0.968055556,23:48,3482754,Wyman-Russel,15.38,18.53,Czech Republic,Honduras
165.16,12.16,14870,140,195,0.968055556,9:01,2596172,Cormier-Davis,7.27,40.12,Indonesia,Nicaragua
111,30.94,5306,868,131,0.96875,15:39,2321462,Carroll-Krajcik,13.82,28.69,Macedonia,Serbia
42.43,14.4,12792,515,624,0.970138889,18:41,7210988,"Harvey, Glover and Erdman",36.5,3.75,Sweden,Azerbaijan
142.15,32.12,2871,1306,565,0.970138889,7:17,5134565,"Stehr, Beier and Davis",41,17.54,Norway,Russia
151.86,29.65,7321,619,864,0.972916667,16:14,8267014,Ebert and Sons,31.21,23.13,Greece,Saint Lucia
131.3,33.17,13235,1311,1311,0.975694444,18:37,6036844,"Kautzer, Hintz and Rempel",23.24,16.15,France,Indonesia
178.33,12.08,5719,1270,1484,0.975694444,2:02,8001946,"Hand, Kiehn and Kertzmann",36.23,35.96,Central African Republic,Indonesia
80.73,21.28,11201,410,776,0.976388889,15:27,9260124,Bechtelar and Sons,4.74,40.21,Portugal,Vietnam
133.83,23.9,10587,431,1418,0.976388889,3:51,7281890,Ortiz LLC,20.59,7.84,China,Peru
46.64,10.59,6249,41,1440,0.977777778,16:16,3860963,Hagenes-Wintheiser,13.22,13.32,Russia,Brazil
33.12,18.17,13175,736,353,0.977777778,23:56,6251261,Gerlach Group,4.79,13.81,Sweden,China
55.75,18.95,8867,53,784,0.979166667,13:14,4201090,Olson-Grant,33.71,16.55,Colombia,Sierra Leone
112.18,26.21,14133,73,520,0.979166667,8:08,6183554,Nikolaus-Schmeler,11.87,22.1,Russia,Colombia
59.64,10.45,911,497,1064,0.98125,3:41,5501924,Larkin-Kreiger,12.69,38.59,China,Afghanistan
107.41,11.23,6852,566,896,0.981944444,0:04,2191611,Watsica LLC,29.95,6.3,Portugal,Indonesia
77.27,32.81,11412,92,1178,0.982638889,21:53,8426227,Friesen and Sons,3.52,5.09,Brazil,Peru
153.31,33.16,8973,934,204,0.982638889,11:23,5540751,"Champlin, Brakus and Streich",31.47,20.01,Czech Republic,France
103.94,23.27,3458,1310,782,0.982638889,6:05,6414506,Hayes and Sons,8.55,4.22,Mexico,Russia
46.07,24.07,11075,1458,1206,0.982638889,6:56,8129629,Fadel-Aufderhar,4.77,19.64,Indonesia,Brazil
64.32,19.13,6573,1084,1153,0.983333333,22:45,3367793,Zulauf-Cronin,16.56,16.11,Vietnam,Indonesia
171.21,26.05,14704,1110,693,0.983333333,20:29,5420141,"Weissnat, Wolff and Heidenreich",40.77,36.48,Ukraine,China
77.47,30.28,12530,970,1468,0.985416667,4:57,6057178,"Miller, Schuppe and Morissette",7.54,11.34,Sweden,Peru
112.67,26.39,6809,887,711,0.986111111,14:23,8717904,Macejkovic Inc,23.27,38.52,Netherlands,Kazakhstan
80.63,31.76,13642,49,517,0.986111111,18:16,2176972,Kertzmann Group,3.94,17.63,Canada,China
142.85,24.6,1113,986,1330,0.986111111,0:42,6378692,"Gulgowski, Bartoletti and Herzog",8.28,24.47,China,Portugal
83.88,14.28,12031,135,129,0.986805556,2:18,3470488,"Boyle, Strosin and Huel",9.7,5.81,Brazil,Brazil
138.74,27.75,11445,587,1116,0.9875,16:50,9702085,Fadel-Hilll,28.05,39.36,Canada,Philippines
60.64,15.84,6083,1320,1452,0.9875,0:10,3944446,Reilly Group,3.47,28.62,Tajikistan,Bosnia and Herzegovina
118.07,29.82,2711,852,424,0.990277778,21:35,5017970,Wolf-Crooks,25.68,4.36,China,China
84.85,19.67,8444,277,1306,0.993055556,15:30,2979986,Ankunding LLC,12.48,12.27,China,Poland
149.92,33.03,2898,380,246,0.99375,22:44,6144373,Nolan Inc,4.8,20.49,Jamaica,Russia
83.36,20.13,13751,312,667,0.994444444,7:17,7035133,Gutkowski-Doyle,28.91,23.07,China,China
37.73,20.95,2334,323,691,0.997222222,21:33,2563524,Bailey Inc,28.21,38.84,Portugal,Thailand
111.46,21.95,5794,782,1006,0.997916667,22:04,9188589,O'Connell-Medhurst,16.85,34.05,Russia,Azerbaijan
