num_containers,Temperature(Â°C),Humidity(%),Fuel Price,World Economic Growth Rate(%),timestamp,Weather
1514,29.366,88.0,610.24,8.62,1692476058,Sunny
8111,24.563,94.75,650.75,12.93,1695438289,Rainy
8432,28.474,64.73,653.17,4.12,1674705482,Sunny
10189,25.516,93.83,621.76,6.31,1692901963,Stormy
12701,26.028,85.68,645.72,19.09,1666340418,Rainy
9159,24.871,72.24,560.83,10.75,1680116905,Stormy
9489,29.58,86.11,660.95,9.72,1665534466,Stormy
5773,30.015,73.69,574.85,3.37,1672363396,Rainy
6901,28.272,83.72,583.85,9.57,1691706373,Stormy
6376,32.445,72.44,558.28,13.74,1681579583,Stormy
13128,26.915,87.19,660.85,12.86,1695057099,Stormy
9606,31.75,67.16,645.38,5.61,1681921380,Sunny
4126,26.052,68.87,616.86,5.84,1685802135,Rainy
6118,28.292,83.17,572.11,11.07,1683783329,Stormy
5883,32.24,70.49,599.25,5.49,1688808568,Sunny
13821,25.8,84.99,587.08,6.02,1678121156,Rainy
10869,26.061,93.36,609.1,19.73,1672139359,Sunny
5826,26.639,70.43,675.3,13.31,1669956793,Stormy
5828,24.986,84.22,636.56,7.79,1678697335,Rainy
13645,30.783,62.51,667.64,13.89,1684891467,Rainy
1977,32.015,90.73,622.36,12.55,1667178580,Rainy
14535,27.759,87.74,595.62,10.67,1687946006,Sunny
9278,30.017,78.46,674.0,10.65,1679280159,Rainy
14011,32.819,71.03,635.49,10.67,1686481849,Stormy
9198,25.6,65.05,657.92,17.3,1689703064,Rainy
12411,24.655,70.53,675.86,2.68,1692381794,Sunny
10971,27.448,69.37,594.76,3.22,1665248412,Sunny
8828,31.003,90.36,614.66,12.16,1678060883,Sunny
3642,32.821,75.88,604.99,2.24,1688031888,Stormy
5928,30.484,86.09,611.76,7.67,1692966580,Rainy
13166,25.106,86.87,636.91,2.0,1667089440,Rainy
2916,30.151,61.14,656.36,10.68,1681110836,Sunny
5752,30.367,74.41,678.13,19.26,1667284342,Stormy
9426,27.655,76.64,671.46,3.24,1669730414,Sunny
14374,26.945,77.07,607.17,7.15,1683988230,Rainy
9504,31.543,70.82,581.03,0.5,1684901763,Sunny
5947,29.128,90.0,560.79,8.84,1682954354,Rainy
5030,30.2,63.05,571.39,19.02,1681666644,Stormy
6432,29.842,69.28,567.2,19.02,1688960154,Rainy
11547,28.167,73.62,661.81,15.69,1670478933,Stormy
4977,29.92,76.92,594.84,19.05,1683826523,Sunny
6191,31.725,89.1,564.24,14.7,1665104737,Sunny
2162,27.248,70.97,555.2,8.26,1692772176,Stormy
6309,25.471,61.69,620.99,10.66,1684230660,Sunny
8131,28.986,90.97,650.21,5.57,1674960337,Sunny
13641,29.337,83.37,678.0,10.99,1676279785,Sunny
4430,29.755,93.17,597.08,12.91,1667321268,Stormy
10627,25.923,69.94,607.34,3.89,1695001745,Stormy
11728,29.63,68.13,635.63,9.27,1694387442,Rainy
9130,32.021,77.65,674.59,13.35,1671906200,Rainy
3889,28.253,91.74,601.98,8.23,1666133537,Sunny
4677,25.963,66.7,573.07,12.82,1665873024,Stormy
3093,30.621,93.11,574.48,3.68,1667543474,Rainy
5951,31.651,79.26,675.97,2.05,1686750469,Rainy
8200,32.765,77.21,579.87,16.91,1674514423,Rainy
3583,28.948,66.25,582.5,10.12,1678069585,Sunny
8671,28.177,87.96,652.87,4.32,1690586126,Sunny
7711,25.656,60.17,661.16,3.6,1686230505,Sunny
4143,29.818,66.8,674.07,9.04,1685206968,Rainy
12432,26.014,84.62,671.6,9.6,1688206744,Stormy
5512,25.606,63.82,634.17,6.36,1682935358,Rainy
9994,28.82,88.15,592.03,3.51,1669778928,Sunny
6673,26.854,62.1,565.91,10.51,1682206332,Rainy
10048,26.816,66.66,604.86,2.16,1690200855,Sunny
986,26.0,61.43,616.2,18.37,1670271197,Rainy
6794,25.708,71.14,581.99,1.34,1675880327,Sunny
7773,26.528,81.09,674.54,1.13,1686287203,Stormy
7402,27.126,92.19,557.13,3.36,1665845800,Rainy
9495,31.088,90.09,655.42,7.69,1686413169,Rainy
10265,25.766,86.0,594.63,6.04,1668306675,Sunny
11404,26.674,86.89,570.08,7.38,1687223421,Rainy
10378,27.02,67.39,566.68,5.29,1666541666,Rainy
2909,25.946,83.73,661.27,2.43,1692273394,Rainy
6837,31.793,84.12,669.16,1.72,1673385208,Stormy
7208,32.306,60.35,634.67,1.77,1688855207,Rainy
6621,26.322,70.61,630.59,2.32,1667227411,Stormy
8144,27.863,66.82,665.94,18.77,1694922409,Rainy
7782,25.629,91.91,559.39,9.44,1671663669,Sunny
6372,24.534,89.03,615.82,4.22,1693068725,Stormy
12815,28.868,65.39,652.66,16.56,1681620589,Sunny
7742,29.162,62.58,566.85,13.52,1666861997,Rainy
9271,26.808,91.63,621.56,19.58,1667902828,Stormy
14646,24.652,89.83,630.86,14.51,1695095610,Sunny
7910,27.79,83.14,575.43,8.78,1668132038,Stormy
3747,28.303,83.73,570.08,11.14,1687903535,Stormy
4812,24.749,79.48,578.17,17.07,1671741085,Rainy
14051,30.715,64.66,585.97,2.05,1682145219,Stormy
4180,27.667,66.42,638.43,14.67,1677038373,Sunny
2547,31.899,94.13,636.37,1.29,1676057948,Rainy
6867,31.244,91.12,576.66,14.33,1687620992,Rainy
2755,24.974,77.38,678.89,0.29,1694542588,Stormy
11241,29.923,77.8,593.94,0.87,1693463618,Sunny
14374,26.749,89.06,634.5,5.34,1688961010,Sunny
2315,29.658,80.14,621.59,17.64,1668799481,Rainy
7601,30.177,67.83,645.32,0.39,1672485452,Rainy
9556,27.945,70.1,614.2,17.38,1688314749,Stormy
10771,26.097,67.7,572.32,0.06,1683443822,Stormy
14583,25.451,90.68,589.08,9.53,1680144840,Stormy
3919,30.074,86.09,652.29,12.37,1666192780,Stormy
10034,25.96,79.9,574.7,12.26,1691572534,Rainy
6968,24.56,78.48,604.79,0.35,1680688519,Stormy
12309,25.123,84.17,562.29,3.43,1679260276,Stormy
1279,24.564,60.24,593.68,19.27,1689417705,Stormy
11949,27.549,94.42,683.46,4.3,1695212334,Sunny
12552,29.89,94.43,613.81,8.27,1687819806,Sunny
3010,29.877,80.14,679.71,7.16,1668843960,Sunny
12983,29.572,65.9,636.85,11.24,1687497044,Stormy
11855,31.012,68.74,604.32,2.02,1693038873,Sunny
4644,29.594,74.52,622.26,2.56,1666411372,Rainy
11000,25.567,88.68,644.71,16.47,1694457351,Rainy
5077,26.899,90.1,654.37,0.22,1677245612,Stormy
12924,25.706,90.5,635.24,8.64,1669116966,Rainy
10378,30.763,92.28,648.08,10.49,1674163257,Stormy
3881,27.326,69.52,623.11,0.2,1693466707,Rainy
3226,29.061,66.22,683.83,15.23,1683598391,Rainy
13567,30.635,63.29,568.86,7.14,1688798106,Stormy
10360,29.136,60.75,624.65,7.51,1680789404,Sunny
5699,25.593,67.49,580.75,18.34,1677087229,Sunny
2333,30.924,83.77,644.0,5.24,1677244087,Sunny
6210,29.892,85.19,668.17,10.73,1673886998,Stormy
13237,27.025,70.46,646.82,17.77,1668839129,Sunny
12279,31.21,78.78,661.65,3.0,1669647000,Stormy
2441,26.328,63.18,609.52,4.23,1680806835,Rainy
10629,31.861,70.88,641.66,6.04,1695933043,Rainy
2147,30.091,69.72,597.99,1.48,1665423498,Stormy
8690,25.757,82.79,563.1,15.95,1695176228,Rainy
12943,25.767,88.24,660.42,19.66,1677401931,Sunny
1029,29.462,68.08,555.03,17.25,1672531662,Rainy
12380,31.024,88.16,605.17,17.47,1684385698,Stormy
2336,28.712,90.54,623.06,16.24,1675641661,Sunny
3951,29.86,83.06,660.73,14.13,1674643950,Stormy
3092,26.763,94.9,638.66,15.63,1676041704,Rainy
13662,27.538,65.92,634.59,11.22,1695972718,Rainy
11195,25.171,82.89,617.5,9.13,1695503853,Stormy
7334,27.334,72.96,571.45,16.59,1674594695,Stormy
3031,30.682,78.95,639.18,17.05,1682801548,Sunny
9945,29.777,77.37,669.31,10.85,1688312711,Rainy
5057,30.556,89.26,683.85,18.45,1674019535,Stormy
10882,32.216,91.37,593.97,9.86,1681043061,Rainy
12360,29.008,73.69,672.89,19.21,1665885706,Sunny
1466,29.371,89.72,667.18,15.71,1668170356,Sunny
8315,29.369,84.5,584.78,5.66,1686830273,Rainy
10131,31.858,79.18,672.92,10.77,1685326980,Stormy
4344,28.128,68.36,653.83,12.02,1673592007,Rainy
2361,27.996,64.26,605.54,8.47,1688005968,Sunny
3780,32.619,85.4,581.85,16.48,1679675328,Sunny
13170,31.901,89.17,573.57,4.95,1690954579,Rainy
11646,32.73,77.58,561.11,8.9,1670995883,Stormy
6033,31.612,85.05,557.06,10.9,1676181402,Stormy
12243,27.111,60.03,635.18,5.82,1692817375,Sunny
11793,26.125,75.42,649.7,9.97,1694326616,Rainy
12261,32.969,73.25,555.99,15.4,1692297369,Rainy
12430,31.771,70.41,676.87,14.76,1689841377,Rainy
12772,27.887,93.79,577.92,16.72,1677779362,Stormy
1594,30.201,84.81,654.4,10.67,1671035379,Stormy
7571,30.611,78.48,563.77,13.31,1681362974,Sunny
14413,31.638,87.66,647.25,18.5,1679494436,Stormy
11968,24.755,88.53,640.03,2.35,1694983302,Sunny
1824,28.739,93.0,588.84,15.44,1672131727,Sunny
9628,30.634,82.1,587.95,5.14,1683117040,Stormy
2730,27.197,68.34,670.74,14.94,1690770743,Sunny
4836,30.759,80.29,674.81,5.48,1688822300,Sunny
11619,25.506,94.14,640.89,6.93,1674117877,Rainy
9597,26.792,60.18,668.19,14.44,1677305019,Rainy
11574,25.24,76.8,571.58,18.1,1678826231,Stormy
8536,28.625,76.2,663.02,19.65,1679884859,Rainy
7145,30.059,77.92,673.43,14.36,1691410102,Rainy
9248,27.564,89.95,606.42,13.36,1673150109,Rainy
2084,25.591,88.88,627.13,10.95,1669347314,Rainy
9745,30.096,80.78,596.16,0.31,1667808723,Sunny
11434,25.476,77.8,673.34,10.2,1671890136,Stormy
14732,25.926,70.3,615.8,10.71,1670773200,Rainy
8974,28.642,79.58,657.89,14.83,1667726988,Rainy
10326,27.504,73.02,577.31,13.2,1665234255,Stormy
10488,28.385,83.78,625.01,5.03,1674355572,Stormy
9063,28.844,89.58,623.78,4.24,1693938338,Stormy
13114,31.561,90.66,639.0,18.18,1674092161,Sunny
11047,25.944,62.26,654.57,9.64,1686857613,Stormy
5050,31.498,86.14,601.88,9.45,1677183208,Sunny
6799,25.724,91.35,592.3,16.97,1669324887,Rainy
9744,30.641,92.46,600.91,17.68,1684090509,Rainy
8648,24.799,80.62,615.44,8.47,1673329966,Rainy
10816,31.538,74.15,579.76,8.33,1668203773,Sunny
9009,24.715,89.89,571.79,11.45,1666511688,Stormy
14964,28.1,81.23,567.3,3.75,1678005523,Sunny
13867,28.287,64.6,604.92,1.66,1681711241,Rainy
12843,31.088,70.07,656.87,15.2,1676032368,Stormy
4425,25.906,71.4,562.7,16.46,1685863303,Stormy
9613,27.414,82.2,594.75,4.09,1689698523,Stormy
13720,25.184,94.4,657.8,3.9,1691603482,Rainy
12553,30.506,75.17,583.95,9.11,1667301704,Rainy
5338,27.996,70.21,577.29,19.68,1684682926,Stormy
2622,32.327,85.08,625.05,0.08,1676590401,Rainy
13334,25.64,60.33,619.09,6.17,1686426157,Sunny
1532,26.507,70.14,663.14,5.2,1679497543,Sunny
2700,31.808,91.88,670.02,0.62,1667943840,Stormy
1363,30.736,75.06,594.61,10.93,1688985818,Sunny
9499,26.609,90.7,555.44,14.05,1689594752,Rainy
7857,26.167,92.36,564.85,18.4,1664797506,Rainy
13513,31.895,82.95,664.31,4.12,1677711373,Rainy
12052,32.587,66.84,600.21,3.6,1683519775,Stormy
4217,28.792,91.84,605.17,8.12,1694041844,Rainy
10539,28.478,93.02,559.47,14.99,1669702763,Sunny
5116,30.197,72.69,622.33,2.19,1677446429,Rainy
14226,29.194,60.09,666.06,4.12,1687062765,Rainy
4806,26.835,66.47,668.62,13.38,1688101613,Stormy
3701,32.254,68.46,570.64,4.22,1687665651,Rainy
4666,26.061,87.13,556.55,0.47,1688876422,Rainy
6752,25.794,77.48,555.85,13.8,1679038673,Rainy
11925,28.957,63.56,671.85,16.29,1689066162,Rainy
8456,25.631,60.27,610.49,15.77,1667646560,Rainy
10887,31.422,85.25,587.4,14.8,1667107816,Sunny
2541,29.767,62.27,629.16,0.3,1695872337,Stormy
2548,32.612,74.36,600.12,14.68,1666251667,Stormy
11370,28.28,75.22,610.62,7.98,1679799043,Sunny
5963,25.642,72.35,675.11,19.89,1688852059,Rainy
8216,25.116,71.71,643.18,13.16,1693813535,Stormy
11377,29.092,76.95,669.81,6.35,1666692868,Sunny
1847,28.686,83.78,671.9,18.06,1685046216,Stormy
13953,29.497,90.27,648.36,4.01,1681502336,Stormy
2388,29.793,92.21,604.24,17.28,1670162632,Sunny
7260,28.004,62.08,581.97,3.35,1680609117,Sunny
2339,26.174,83.38,645.91,16.07,1676866711,Stormy
12869,26.27,64.8,571.24,1.95,1664758727,Rainy
10127,31.442,64.7,682.16,4.88,1684822357,Stormy
10703,28.026,63.99,671.02,18.82,1694090035,Rainy
2351,25.406,90.23,650.78,15.26,1690156213,Rainy
7324,28.348,92.32,673.55,9.38,1682723521,Sunny
3603,25.171,89.16,648.5,19.58,1668425093,Rainy
10190,27.249,61.56,666.07,10.13,1669962068,Rainy
3919,25.131,68.52,649.97,19.53,1694510814,Sunny
4302,30.672,94.81,606.72,18.8,1693244864,Stormy
10086,28.3,80.8,641.59,16.77,1674376808,Rainy
2591,32.229,69.91,594.41,4.77,1682567176,Rainy
6033,32.653,86.06,652.51,18.67,1666097589,Rainy
14146,24.621,65.45,577.05,18.11,1665231192,Rainy
5747,31.641,90.7,581.2,4.52,1685777061,Sunny
13010,30.919,74.75,571.48,14.25,1669858962,Sunny
11027,32.416,72.66,618.58,10.92,1695415998,Sunny
6455,25.584,69.6,594.6,12.61,1669111416,Stormy
8395,27.734,69.98,556.88,2.98,1693341411,Sunny
8142,28.623,63.34,678.63,19.8,1682708213,Sunny
2621,28.785,72.49,618.94,5.23,1665223226,Sunny
1847,28.732,72.78,568.65,12.4,1692050173,Sunny
12098,32.627,61.1,657.33,15.4,1669321460,Rainy
10087,29.901,89.84,654.73,1.94,1679243396,Sunny
3304,29.102,80.97,583.27,17.23,1692490680,Sunny
10263,32.359,93.51,624.8,17.0,1672550345,Rainy
9868,27.223,66.52,627.49,14.77,1688682536,Rainy
2382,25.975,72.72,677.4,7.15,1692554855,Stormy
14001,26.427,60.89,664.95,4.44,1669394475,Sunny
2767,26.962,91.66,656.7,9.6,1666608102,Stormy
10244,27.851,81.98,566.96,17.6,1680316123,Sunny
10186,25.128,62.25,642.98,10.61,1676204772,Sunny
7749,27.953,89.03,574.4,1.58,1695902778,Sunny
3835,26.406,71.72,572.9,12.07,1667991509,Stormy
3636,29.599,86.44,674.72,10.17,1665219883,Rainy
5285,28.883,77.83,561.18,14.36,1684999693,Rainy
6515,26.376,83.49,557.64,15.03,1675256642,Rainy
866,30.52,65.32,620.45,11.06,1678225288,Rainy
13142,25.365,71.68,674.72,17.27,1688545607,Rainy
10102,29.779,71.16,582.62,7.99,1677428830,Sunny
11482,26.979,81.87,673.82,5.84,1686062206,Rainy
2850,32.647,77.44,599.66,7.79,1681528129,Stormy
3590,25.306,94.4,614.59,9.73,1690853668,Rainy
9480,26.095,65.53,566.21,10.04,1681414908,Stormy
8800,32.414,73.51,666.41,10.7,1688364233,Sunny
1446,27.292,91.48,634.97,1.4,1682831199,Sunny
11255,25.561,93.39,592.63,17.77,1672262283,Stormy
1720,28.864,60.92,605.12,14.79,1670429478,Rainy
5119,30.406,84.31,606.7,6.49,1677052303,Sunny
3627,29.895,60.15,567.62,2.09,1684342871,Sunny
12409,28.637,83.1,615.04,11.04,1687627630,Sunny
3022,32.557,80.44,571.58,2.81,1681399222,Sunny
5263,27.562,89.74,680.54,7.62,1675335786,Rainy
14648,28.613,67.17,578.5,1.08,1681932913,Sunny
2674,25.907,77.22,628.22,1.09,1693209171,Stormy
776,30.678,66.18,601.77,9.51,1686061790,Sunny
4783,32.663,64.43,607.25,11.73,1682049106,Stormy
10125,26.686,75.69,583.41,18.77,1683828122,Sunny
1692,32.183,81.15,671.69,8.81,1669323917,Rainy
3715,26.048,88.1,574.88,8.11,1694628713,Stormy
14961,25.784,76.93,646.25,11.44,1692456039,Rainy
5826,27.422,83.7,577.59,14.11,1672306912,Rainy
7335,32.005,66.9,603.67,18.11,1682555530,Sunny
2921,26.089,92.33,668.04,14.79,1671503621,Stormy
3275,30.918,90.86,627.14,3.28,1674836535,Sunny
3884,27.655,80.51,679.82,7.95,1685310807,Rainy
1443,24.506,83.36,605.64,17.97,1692402007,Sunny
3234,30.383,87.6,681.59,9.98,1690748304,Sunny
12310,32.78,66.83,666.55,14.56,1666293338,Sunny
7206,26.713,83.47,594.97,11.45,1695908978,Stormy
2932,25.096,90.63,581.62,0.43,1665330149,Rainy
9581,25.389,93.87,575.19,18.91,1686136534,Rainy
1696,32.165,60.16,679.48,8.64,1673188463,Sunny
14418,26.593,62.97,597.78,5.04,1670879881,Rainy
6882,31.522,61.83,626.22,8.42,1695611705,Sunny
7809,32.825,69.91,593.39,10.28,1693511380,Stormy
13475,27.598,85.45,562.42,11.06,1691138652,Stormy
2031,24.838,65.77,649.98,8.85,1674652701,Stormy
7458,24.89,84.12,679.31,16.59,1684458144,Stormy
12563,30.171,66.65,563.59,17.7,1688246902,Stormy
5083,27.029,83.66,634.18,8.0,1688190696,Sunny
14395,29.224,61.54,636.28,16.8,1688084880,Sunny
4387,29.72,72.54,608.6,6.43,1686918917,Sunny
5133,32.323,73.42,636.36,5.81,1670919405,Rainy
10825,32.14,89.64,570.65,3.23,1668477302,Sunny
872,25.297,70.89,624.93,10.71,1694006931,Rainy
945,26.199,76.95,610.04,6.92,1689703839,Stormy
14819,32.018,69.19,562.18,12.05,1664651212,Rainy
11643,30.353,65.66,680.04,13.64,1681694726,Sunny
746,31.142,82.43,663.1,14.35,1693938970,Sunny
8328,25.672,83.47,633.31,19.88,1693255278,Stormy
4626,26.16,71.97,668.4,19.94,1686530347,Rainy
13580,28.016,80.23,635.11,10.58,1691876814,Sunny
12197,26.152,90.59,590.62,14.39,1665256728,Rainy
3044,31.037,75.93,560.93,6.78,1692323954,Rainy
4004,26.803,61.12,613.42,1.46,1692063207,Stormy
2459,27.121,83.84,624.94,6.1,1665092591,Rainy
14511,29.092,77.45,668.69,19.16,1684435846,Stormy
6330,27.643,77.33,649.41,16.51,1693444792,Stormy
11729,32.598,71.09,663.27,19.44,1665964292,Sunny
8919,26.721,94.03,591.24,16.17,1680262655,Rainy
12777,26.708,83.88,673.9,17.12,1687553501,Rainy
889,31.104,91.87,644.51,5.98,1678293584,Stormy
1989,32.737,81.75,640.23,12.26,1692518059,Stormy
3078,27.239,75.48,625.03,2.62,1686176418,Sunny
14197,24.843,90.63,601.06,12.95,1671958440,Stormy
10269,28.646,84.87,602.91,14.36,1687924655,Rainy
5487,26.666,68.84,629.06,0.68,1667602481,Rainy
10559,31.716,60.21,635.85,18.57,1665336968,Sunny
6249,29.453,65.02,581.82,16.25,1694763705,Stormy
5865,29.805,63.97,648.24,6.64,1666868257,Rainy
9328,30.004,67.81,657.79,11.07,1669083323,Sunny
14683,26.611,73.02,676.05,5.91,1693449372,Rainy
2921,26.73,77.97,580.79,13.66,1668678195,Sunny
11263,28.528,68.22,638.2,7.7,1676527440,Sunny
1638,26.78,88.65,645.65,1.37,1669861409,Stormy
8724,27.091,87.26,636.31,4.9,1680336511,Rainy
8223,25.933,79.55,573.28,3.86,1686703511,Stormy
5715,28.091,89.73,576.08,2.51,1668012128,Sunny
10654,28.95,92.8,575.75,1.11,1669276802,Sunny
7012,26.205,90.84,561.48,1.52,1675611790,Rainy
1147,30.292,64.34,575.07,11.69,1678077139,Rainy
9070,26.467,82.11,629.88,5.47,1667331523,Rainy
1602,30.724,72.71,654.75,9.18,1686153323,Sunny
12319,30.691,71.51,624.43,12.5,1681311620,Sunny
13416,26.255,81.56,638.18,9.19,1679913475,Stormy
5433,28.604,84.21,662.3,1.13,1684788534,Stormy
12020,25.898,88.22,579.84,0.04,1678944890,Rainy
10595,30.399,86.76,622.69,17.29,1673489221,Stormy
12423,24.995,71.62,576.08,19.52,1677163853,Rainy
4077,32.636,75.59,636.5,18.8,1688274162,Sunny
13337,26.66,78.58,675.6,9.55,1687199150,Stormy
8809,29.625,77.95,578.47,10.12,1688459090,Sunny
6337,32.106,76.48,565.83,5.65,1687844218,Rainy
4719,25.191,87.74,639.77,14.42,1672842397,Sunny
5281,25.515,93.47,643.21,7.2,1689597486,Sunny
3781,32.981,94.28,635.53,13.12,1667816062,Rainy
9468,32.724,62.45,564.74,9.39,1695910084,Sunny
14563,31.676,61.87,633.45,17.14,1673053164,Stormy
10664,30.376,92.18,663.84,15.42,1689584083,Rainy
14217,31.075,84.58,620.59,16.82,1685987970,Sunny
5695,30.788,77.51,682.27,2.6,1674912001,Rainy
4813,25.491,85.86,630.66,0.41,1666045805,Stormy
11838,30.971,80.82,633.81,17.73,1677756351,Sunny
10261,26.196,75.54,573.0,3.52,1671448236,Rainy
11995,32.989,74.34,566.94,9.19,1669420315,Sunny
9507,30.668,83.94,670.44,7.67,1665805501,Rainy
3585,24.63,67.73,652.19,17.8,1675338110,Sunny
2909,26.87,61.5,558.84,13.85,1694984494,Rainy
6351,26.565,73.94,570.33,3.2,1681261811,Stormy
14540,25.264,67.98,659.64,15.98,1673169271,Rainy
9313,32.87,90.21,561.19,1.1,1683857324,Stormy
11642,30.283,94.35,682.43,6.81,1693397267,Stormy
4101,32.678,68.57,664.77,18.13,1671205351,Sunny
13352,30.715,69.04,574.54,4.52,1677961274,Rainy
12205,26.308,65.57,569.19,9.26,1672330037,Sunny
1003,29.852,84.14,602.92,13.65,1679567476,Rainy
1489,27.197,63.62,572.46,12.2,1687299439,Rainy
8271,28.886,79.96,674.93,9.47,1689827989,Stormy
14237,29.392,74.12,678.96,2.94,1689443406,Stormy
8915,27.272,61.44,559.0,9.09,1676265731,Sunny
13032,32.253,72.99,579.17,10.26,1671817261,Rainy
1234,30.969,63.56,603.02,11.75,1680791938,Rainy
12821,29.203,87.43,593.93,16.55,1668839017,Rainy
1007,31.029,60.42,573.17,19.95,1677828848,Sunny
13550,29.156,79.66,573.24,0.14,1681118762,Rainy
12139,25.127,93.79,631.49,0.43,1682625445,Sunny
11136,31.167,76.27,590.65,4.42,1694159460,Rainy
6650,26.002,81.24,595.01,3.01,1666106098,Rainy
4218,30.166,65.74,636.87,2.82,1690609819,Sunny
6490,30.712,85.95,636.23,12.3,1670156499,Rainy
14216,27.38,90.07,655.6,3.1,1682440705,Stormy
8039,27.422,61.88,673.17,15.93,1674060936,Rainy
7603,28.902,88.14,640.36,12.86,1665968709,Sunny
871,26.786,65.08,585.8,16.85,1678377050,Sunny
849,25.365,88.69,636.52,13.16,1678046115,Sunny
14343,26.192,65.15,580.01,3.25,1664557598,Sunny
726,31.789,69.4,616.17,8.84,1692662072,Sunny
11743,30.596,72.51,577.15,0.44,1676514997,Stormy
1004,30.778,67.7,626.62,10.65,1682198226,Sunny
6801,30.812,60.08,557.4,5.72,1689288891,Sunny
8197,29.711,64.57,612.54,14.85,1683910108,Rainy
8880,27.1,73.83,569.54,14.28,1667834305,Rainy
10832,25.159,82.47,663.28,10.98,1665708445,Sunny
11213,29.03,64.64,570.04,16.49,1683452993,Rainy
6731,31.92,64.53,608.72,1.94,1691891450,Stormy
5025,32.883,76.32,606.48,0.33,1678810788,Stormy
7518,27.822,64.62,601.27,15.0,1692312354,Stormy
13353,25.439,62.85,583.38,0.8,1673868773,Rainy
10150,25.534,92.92,616.85,0.46,1686689062,Sunny
11809,30.757,73.71,558.93,8.23,1667389298,Stormy
11485,31.604,93.07,565.56,8.65,1678191341,Stormy
6308,26.049,86.23,668.33,0.37,1675183909,Rainy
9667,25.257,87.28,629.17,1.23,1672696708,Rainy
3884,28.895,67.97,600.99,16.3,1668035317,Rainy
12469,30.079,61.62,616.25,0.71,1690157751,Rainy
14530,32.672,77.32,570.48,1.83,1689368633,Rainy
933,30.058,75.15,671.81,2.76,1682600099,Rainy
7906,24.86,60.91,644.95,15.86,1672282492,Sunny
9253,25.282,65.54,668.08,11.72,1683948384,Stormy
5620,25.254,79.46,626.59,6.38,1681278855,Sunny
3398,28.667,78.02,639.11,2.41,1681748131,Stormy
3080,29.447,86.65,568.52,8.11,1665688101,Rainy
11556,27.763,94.11,658.72,12.41,1684649218,Stormy
11480,28.788,79.82,619.77,3.13,1664916053,Sunny
7067,25.614,63.92,567.53,7.04,1675705195,Sunny
9286,24.524,65.22,583.72,11.34,1688593923,Stormy
8995,25.726,89.01,645.8,12.46,1674315576,Stormy
1352,29.012,60.16,649.16,10.01,1678882120,Stormy
11621,26.13,63.54,610.69,4.57,1666771235,Sunny
6436,25.573,70.0,564.37,18.01,1676364908,Stormy
9865,30.077,68.19,634.93,1.55,1695652588,Stormy
7156,30.147,80.52,616.96,19.43,1691475990,Rainy
1872,30.18,74.6,638.79,8.58,1693508335,Stormy
11930,32.465,88.96,650.59,1.24,1667021248,Rainy
4363,30.985,82.66,596.9,8.16,1674390420,Stormy
5416,29.052,65.99,602.42,11.24,1672506265,Rainy
12756,28.929,73.2,558.64,0.63,1685772661,Sunny
9222,26.399,62.1,632.34,13.12,1685344200,Stormy
13661,31.224,64.86,653.41,5.87,1684503657,Sunny
8925,32.193,68.17,626.45,16.36,1670532475,Rainy
5204,32.44,76.46,662.21,8.32,1670977518,Stormy
5356,27.719,71.32,654.08,14.26,1672239363,Sunny
14231,25.752,64.93,647.15,3.57,1679934289,Stormy
9279,29.812,70.87,638.97,12.59,1686369447,Rainy
3241,24.712,88.31,569.01,3.95,1693192333,Sunny
5602,27.03,69.87,596.89,16.2,1693825890,Rainy
12018,29.291,87.37,637.72,15.41,1675233275,Sunny
10241,26.161,78.44,680.58,4.35,1681747591,Rainy
5537,25.798,63.09,683.04,9.38,1668146796,Sunny
3386,25.736,65.0,623.44,12.19,1688870279,Rainy
10139,30.72,68.08,556.64,14.21,1675627295,Rainy
11459,31.44,79.53,651.26,19.4,1694382718,Sunny
760,24.805,90.02,581.47,16.71,1667595975,Rainy
2505,31.265,64.4,681.42,12.78,1694775630,Rainy
11652,28.215,85.53,558.69,10.83,1682116473,Stormy
14747,25.48,63.76,629.06,9.75,1677985087,Sunny
5044,24.728,76.11,647.79,7.31,1694500560,Rainy
7614,24.572,80.64,564.08,2.35,1683644164,Sunny
5129,32.978,64.83,595.4,15.9,1676259815,Sunny
13109,30.196,71.36,562.61,18.87,1686382680,Rainy
14594,29.439,64.06,646.52,13.51,1667460881,Stormy
4666,28.223,93.95,619.39,0.93,1666217936,Stormy
13849,27.244,68.81,583.81,15.56,1674830110,Stormy
8798,25.085,67.38,609.97,19.13,1673412596,Stormy
8598,29.796,86.85,567.42,6.07,1680462714,Sunny
13677,28.217,90.86,645.67,9.98,1681351451,Sunny
9385,26.551,71.09,579.34,15.05,1675773395,Sunny
8207,31.9,85.7,559.46,12.75,1676283751,Stormy
10400,27.089,77.08,629.76,16.3,1669544050,Stormy
14186,26.587,88.52,580.65,1.4,1681611147,Rainy
8389,27.634,86.84,621.2,6.37,1691901409,Rainy
4402,26.129,87.97,664.27,13.69,1679230123,Sunny
9171,25.183,86.27,674.92,8.53,1689226525,Rainy
13944,24.674,81.95,683.92,18.25,1686227862,Sunny
14300,25.444,94.94,618.44,19.4,1686059169,Stormy
4623,30.548,63.76,560.91,3.52,1687318064,Sunny
9544,28.381,65.5,594.32,13.61,1672469636,Sunny
11919,31.917,92.6,566.56,8.08,1685006153,Rainy
7057,31.351,63.02,579.35,8.98,1681633061,Sunny
4783,30.53,83.03,585.83,17.65,1675093526,Rainy
10413,27.126,87.72,572.61,19.53,1674111961,Rainy
5371,29.037,90.06,650.42,3.61,1693977738,Sunny
7198,29.078,76.9,680.16,18.34,1667332934,Sunny
14186,31.517,87.19,636.15,6.12,1678505277,Rainy
5221,30.966,82.35,573.78,14.04,1691173532,Stormy
5441,28.419,62.02,634.28,15.83,1691907923,Sunny
1462,29.783,89.73,627.09,12.37,1664567674,Sunny
4240,30.66,76.47,681.94,1.52,1680270197,Stormy
3753,24.584,87.08,663.31,13.36,1694431646,Sunny
7552,30.24,81.4,612.97,6.24,1687280799,Stormy
8166,28.419,80.86,566.61,11.04,1693693359,Rainy
1664,28.689,65.55,564.71,2.49,1688182938,Stormy
1170,31.255,87.33,629.43,3.52,1674829881,Sunny
3036,28.68,71.22,555.03,15.0,1689325745,Stormy
3589,28.487,79.71,564.2,5.84,1666499256,Sunny
4536,26.214,65.13,571.78,18.04,1671777090,Stormy
746,28.999,63.82,561.26,13.71,1684485215,Rainy
774,26.686,90.65,649.95,17.15,1693176507,Rainy
9986,29.764,67.69,620.57,3.37,1692805996,Rainy
10418,31.416,89.68,573.94,14.81,1681134779,Rainy
14556,26.623,70.91,602.69,10.67,1674016209,Rainy
12896,29.244,82.87,600.23,8.95,1669902692,Sunny
5688,32.817,80.04,572.55,12.05,1680727836,Sunny
6223,29.11,76.18,639.36,1.76,1666888846,Stormy
7435,31.913,90.87,584.25,4.96,1688555979,Sunny
12685,26.803,66.96,556.65,8.0,1693971164,Stormy
1460,28.403,70.84,623.27,13.79,1667442859,Rainy
12815,27.138,68.4,612.12,4.63,1672273385,Sunny
14079,25.191,73.52,610.5,4.25,1692603965,Rainy
4071,29.5,92.83,571.02,2.33,1687932222,Rainy
13240,25.999,65.34,620.17,17.43,1689444562,Stormy
6166,27.657,60.34,623.76,16.66,1683177068,Stormy
13734,27.067,75.19,644.97,2.95,1693966176,Stormy
10133,26.898,67.57,570.51,8.7,1687598056,Sunny
7705,29.216,83.45,618.08,8.68,1665960622,Stormy
10841,30.057,86.54,642.39,11.75,1687267711,Rainy
1763,30.967,91.48,665.25,10.64,1695128067,Stormy
14399,31.159,64.88,644.2,4.99,1680557607,Rainy
9313,32.634,67.02,590.47,8.21,1687221653,Stormy
1059,30.415,66.08,654.72,9.61,1666081064,Rainy
6379,27.338,69.4,645.5,16.51,1684882605,Sunny
1805,26.448,78.0,555.14,6.2,1688371928,Sunny
6274,30.965,84.83,561.97,19.26,1686049409,Sunny
3332,28.153,63.06,672.92,18.63,1671827669,Stormy
1090,25.346,87.8,651.32,12.51,1670929582,Sunny
14916,24.801,92.05,610.99,4.41,1673016450,Rainy
5838,32.99,64.95,637.43,2.81,1680609525,Stormy
8484,31.986,88.32,561.31,10.46,1690945708,Rainy
12139,26.652,93.97,616.13,6.45,1685349290,Rainy
7485,27.607,63.67,590.54,7.72,1665238719,Rainy
3105,32.467,84.03,602.8,0.35,1685847194,Rainy
12865,30.629,70.02,647.29,4.61,1678574848,Rainy
5042,32.277,70.49,599.83,10.32,1680913484,Sunny
9639,32.607,77.07,642.45,5.62,1692799829,Rainy
7922,28.964,66.43,555.75,15.74,1667734537,Stormy
5392,30.067,63.09,582.48,2.11,1667253354,Stormy
7800,25.622,69.96,659.12,19.45,1691467204,Stormy
11177,25.705,91.76,563.83,12.94,1670130634,Stormy
14012,28.659,89.63,671.61,15.19,1693927596,Rainy
6937,27.142,80.51,598.2,9.79,1678373495,Rainy
11059,27.854,92.62,566.79,6.18,1688019177,Sunny
12062,25.044,74.75,574.05,1.7,1680489375,Rainy
1753,30.039,86.5,643.48,8.99,1683833528,Stormy
5037,31.423,84.94,560.51,4.64,1685908598,Sunny
8562,26.045,88.48,625.28,18.92,1678515730,Rainy
12265,27.86,89.35,604.99,7.87,1675959975,Stormy
3495,30.279,60.99,652.88,5.16,1691012754,Stormy
3714,29.896,90.99,649.73,11.84,1672219226,Sunny
1850,29.234,77.51,639.62,19.89,1673458688,Rainy
14336,31.783,75.13,559.4,16.71,1675233632,Sunny
1852,30.141,83.23,572.03,3.7,1695604362,Sunny
13630,26.101,72.02,664.53,18.17,1688590597,Stormy
6305,27.443,90.07,646.88,9.79,1693103615,Stormy
12985,27.011,75.13,632.51,8.55,1674601611,Stormy
12705,29.572,65.81,683.78,13.4,1691278388,Sunny
10648,24.828,66.96,648.82,13.91,1692133959,Rainy
3184,28.581,82.58,602.5,6.34,1688523391,Sunny
7176,27.928,69.04,579.83,3.35,1692233197,Stormy
5898,31.049,90.9,558.02,4.34,1687106995,Stormy
6782,25.583,86.82,616.41,6.28,1673021539,Stormy
14486,25.147,79.46,683.46,10.1,1676736463,Sunny
13538,27.422,74.63,670.43,3.06,1688692069,Stormy
8694,32.37,81.73,615.93,2.19,1694872970,Stormy
3687,30.533,88.94,561.45,1.5,1687243098,Rainy
1258,32.028,72.57,659.52,2.35,1693520661,Sunny
1171,32.692,91.57,587.01,16.93,1666781233,Stormy
4072,24.815,87.65,624.2,18.03,1681863753,Rainy
2868,25.106,89.13,642.99,10.34,1681618761,Sunny
7930,30.801,84.15,645.07,16.93,1664927805,Rainy
8664,24.63,61.06,577.75,4.78,1665323629,Stormy
7689,25.822,76.46,590.82,8.16,1695622887,Stormy
8046,25.229,64.81,561.2,14.55,1693366835,Stormy
5070,32.909,81.44,629.83,1.33,1675594031,Stormy
14290,26.105,81.36,578.0,2.96,1664696412,Sunny
14364,30.413,91.53,606.8,19.95,1682166511,Rainy
10268,25.692,77.12,679.02,14.88,1687876129,Rainy
14166,30.906,70.3,678.6,9.1,1676285645,Stormy
13559,29.191,64.69,633.7,7.8,1689688224,Sunny
12694,24.754,63.5,670.54,15.37,1677768131,Rainy
8579,32.981,73.21,673.93,1.28,1666154505,Sunny
13920,25.217,76.35,644.1,2.17,1695966311,Rainy
6881,25.564,74.44,562.15,4.13,1670682115,Rainy
1593,27.467,92.29,562.45,6.01,1687970969,Stormy
13806,27.95,73.31,664.56,9.88,1676817122,Sunny
6726,32.592,90.96,593.7,14.52,1685136317,Rainy
7193,31.868,68.49,658.66,11.25,1684158390,Sunny
1198,25.912,71.58,660.37,16.57,1670311023,Sunny
5689,26.256,66.21,612.01,7.84,1695055672,Stormy
5028,25.182,61.88,655.41,10.16,1681450906,Stormy
9780,32.076,92.45,579.33,12.56,1669459010,Rainy
8745,32.744,72.33,582.07,0.22,1671482497,Rainy
2156,31.877,85.36,583.31,8.96,1671113239,Rainy
4255,29.218,89.11,675.72,12.91,1666632124,Rainy
6674,26.895,72.82,584.19,0.9,1676766112,Stormy
9709,25.851,80.19,669.84,3.53,1666522354,Sunny
2298,26.674,78.9,585.79,8.42,1689802691,Rainy
9439,26.369,81.16,563.22,2.05,1692398072,Rainy
2738,28.298,61.34,603.97,3.18,1678251683,Stormy
5140,27.664,85.66,666.01,1.25,1667654473,Stormy
5585,26.597,86.37,564.88,12.07,1680476180,Stormy
4246,26.516,84.98,652.32,7.44,1689841478,Stormy
11432,24.983,87.9,581.48,17.84,1691260071,Rainy
2411,31.687,84.5,679.65,1.21,1670727721,Sunny
5904,24.617,69.61,600.02,16.19,1670984145,Sunny
5089,24.638,93.52,580.77,18.64,1678403148,Stormy
13871,28.799,93.93,560.39,3.66,1678198366,Stormy
3510,32.449,61.94,607.59,10.4,1669860394,Stormy
12721,32.985,87.92,590.81,0.29,1694464875,Sunny
13404,31.821,87.16,566.36,2.81,1668111617,Stormy
7955,31.31,88.04,682.9,19.18,1667216744,Rainy
1407,24.583,84.58,578.74,6.0,1673365645,Sunny
10679,29.89,86.17,594.15,7.59,1683909835,Sunny
6292,30.923,89.27,602.36,14.85,1692546828,Rainy
9875,32.69,88.79,609.14,3.46,1691694778,Stormy
4994,30.342,73.8,664.8,3.37,1695312884,Stormy
9612,29.549,93.96,653.18,0.63,1670133663,Stormy
12617,25.524,66.65,645.06,14.76,1665870450,Stormy
10372,28.757,60.67,555.94,0.29,1685787674,Sunny
4447,26.361,86.35,583.98,17.15,1687289068,Stormy
1144,28.305,66.41,629.79,16.11,1678103030,Sunny
14346,32.517,88.53,677.85,18.18,1689091313,Sunny
11936,28.951,85.26,632.6,6.05,1689059263,Rainy
2665,30.592,60.02,628.25,6.13,1668143101,Sunny
14450,28.796,91.35,652.49,10.4,1678217442,Stormy
2672,28.892,63.46,568.65,0.69,1688063746,Rainy
10629,32.486,68.93,626.84,3.67,1677639796,Stormy
12379,31.36,79.48,618.21,18.25,1680305486,Rainy
8900,28.713,66.44,558.97,4.19,1671311615,Rainy
12526,28.225,73.74,582.63,5.65,1695331551,Rainy
4104,29.697,82.61,626.46,11.37,1684898677,Rainy
8372,25.359,79.45,678.31,10.72,1666851152,Sunny
7810,30.171,73.0,670.57,8.72,1678571872,Sunny
9716,28.615,79.09,664.91,16.9,1686569981,Sunny
14187,32.494,76.25,580.42,6.24,1673183356,Sunny
5334,27.271,72.96,622.85,5.84,1691516249,Stormy
2612,31.254,68.07,561.7,18.19,1691827270,Stormy
8994,24.632,67.59,659.54,5.75,1669400594,Stormy
7608,30.7,89.19,678.68,9.39,1665659129,Stormy
6669,25.129,85.37,597.8,11.62,1684183341,Stormy
8564,29.301,93.6,607.34,2.78,1669585244,Rainy
13541,32.46,71.42,678.25,4.03,1690190304,Sunny
9431,31.198,81.81,656.45,19.48,1676269276,Stormy
4980,28.98,61.92,572.28,7.74,1667804568,Rainy
7109,27.86,89.03,562.55,19.43,1690884688,Stormy
1102,29.559,94.52,596.49,14.3,1673612989,Rainy
14914,31.127,94.91,570.56,9.42,1682747340,Stormy
946,29.835,63.28,631.1,2.51,1689267515,Stormy
1074,29.499,71.64,560.9,16.62,1693617490,Stormy
12098,29.494,74.33,662.99,1.81,1672997273,Sunny
10665,32.553,77.65,587.72,8.87,1691468367,Sunny
3279,30.196,86.97,608.15,16.5,1665101227,Rainy
12397,32.233,70.08,592.72,2.96,1681693723,Sunny
3784,30.677,62.75,570.25,16.38,1686397602,Stormy
7296,32.831,82.89,654.15,2.92,1683614564,Stormy
3700,27.05,93.04,586.32,9.19,1684320066,Rainy
4928,26.163,94.94,617.96,11.53,1688458403,Sunny
3845,25.678,80.45,638.85,7.12,1675324116,Stormy
7188,25.056,70.44,630.95,17.79,1678226169,Rainy
3709,25.877,67.77,619.86,19.31,1681161603,Rainy
11701,26.802,84.78,679.45,16.85,1691364473,Rainy
1668,30.882,89.35,601.53,5.67,1667506161,Rainy
14814,26.454,66.89,560.17,8.21,1695110392,Rainy
12679,26.789,72.89,624.71,11.15,1670723084,Rainy
8348,28.154,68.86,595.59,2.81,1684100802,Stormy
934,27.13,92.34,659.07,3.36,1664757121,Sunny
10036,30.859,62.59,572.94,3.94,1664499745,Sunny
8155,27.352,94.1,661.85,16.86,1692909750,Stormy
9606,32.182,79.86,572.66,15.74,1687188172,Stormy
10247,27.055,82.24,606.08,17.76,1695549072,Rainy
4428,31.687,60.89,638.45,6.68,1674024543,Rainy
12941,28.171,75.14,569.58,0.7,1689732432,Rainy
14660,28.074,66.12,583.79,8.91,1665728014,Rainy
9266,25.194,67.74,566.57,19.06,1671658952,Rainy
1816,30.555,85.07,570.01,4.27,1685500025,Rainy
4874,29.265,80.87,651.59,6.4,1667025309,Rainy
3697,28.91,62.35,658.07,3.0,1680273846,Rainy
13882,25.328,79.61,606.93,2.86,1680909430,Rainy
5682,25.215,78.63,657.13,19.12,1677547536,Stormy
1846,26.259,63.19,627.48,0.23,1667122052,Sunny
3955,29.668,74.41,611.39,5.07,1690554780,Stormy
13239,25.531,82.86,608.46,17.85,1693063707,Rainy
11440,27.75,80.44,563.0,17.54,1689723581,Sunny
1504,28.804,73.01,680.52,10.13,1682316954,Sunny
2276,29.913,66.02,565.72,14.03,1687034562,Rainy
11162,26.384,83.96,629.42,2.56,1670481833,Stormy
14295,24.501,91.64,654.01,11.79,1678825094,Stormy
3996,27.17,61.43,672.86,6.7,1693344525,Stormy
14813,31.072,89.14,592.84,16.69,1687493161,Stormy
12727,31.286,88.33,678.33,11.6,1676266375,Sunny
1394,32.028,61.84,673.06,2.72,1680890607,Sunny
10351,26.375,88.18,570.13,12.38,1693853425,Rainy
14868,29.999,71.38,648.79,3.93,1676825674,Stormy
1907,26.934,71.82,601.45,1.28,1686001020,Rainy
6248,31.281,92.63,595.3,9.35,1686348840,Rainy
14099,31.605,91.78,583.35,17.75,1677772064,Stormy
4709,32.166,75.01,584.74,10.57,1670205859,Rainy
5493,30.746,77.58,680.41,12.62,1695818233,Rainy
4419,27.854,83.89,669.97,9.89,1687187128,Stormy
11900,24.8,74.95,617.49,8.16,1689279782,Rainy
4408,27.095,70.78,632.83,17.86,1671600176,Sunny
6570,31.974,65.74,668.74,1.52,1693622710,Rainy
12097,31.38,84.39,600.01,8.85,1670193273,Rainy
2122,29.3,84.47,632.19,3.85,1676539130,Sunny
12420,28.802,64.72,594.45,10.01,1679268211,Stormy
14649,24.777,80.82,642.95,18.64,1670142667,Stormy
4999,25.738,94.51,636.96,9.74,1667627202,Stormy
7952,31.169,74.7,668.77,19.2,1676440980,Sunny
9815,28.176,73.48,657.42,18.88,1673562572,Rainy
14165,28.141,65.46,635.7,7.65,1671597342,Sunny
7575,32.701,77.86,660.96,3.49,1682131971,Rainy
3775,27.701,89.7,672.73,16.6,1688927828,Stormy
10342,28.165,93.06,661.88,11.6,1682907080,Rainy
6969,30.715,93.19,621.04,4.23,1676087288,Rainy
11440,26.342,72.69,593.81,16.12,1685230103,Sunny
2185,28.148,88.51,588.77,17.11,1677619892,Sunny
5759,24.899,89.29,656.76,8.15,1679398855,Sunny
13167,32.78,92.37,670.98,0.22,1692185005,Rainy
11857,28.269,87.78,636.41,12.92,1671039967,Rainy
2868,26.43,78.87,609.03,18.24,1674456692,Rainy
14433,26.158,93.3,596.86,2.06,1695657996,Sunny
6787,31.597,72.71,614.59,17.16,1690463813,Stormy
11712,31.69,70.41,628.94,3.25,1681668885,Rainy
1529,25.93,91.16,671.1,11.36,1677397745,Sunny
7025,29.415,79.4,665.88,14.22,1673686241,Sunny
10978,32.278,63.65,638.23,11.14,1684605618,Rainy
10266,27.388,71.47,591.64,3.19,1688159255,Rainy
3561,28.393,68.71,555.6,4.67,1689462087,Stormy
5099,31.478,81.15,566.38,18.21,1692458543,Sunny
2832,25.786,84.99,622.96,13.94,1686189961,Stormy
12325,30.304,71.86,606.15,13.53,1675951171,Stormy
9801,29.188,78.87,598.08,1.84,1670066130,Sunny
4371,24.689,67.71,619.66,6.13,1685126069,Sunny
12307,29.478,84.26,664.69,18.29,1687208637,Stormy
13729,24.756,89.99,577.04,4.46,1678249809,Stormy
2802,32.244,92.26,629.81,9.55,1687223564,Rainy
10415,31.582,66.46,563.1,5.29,1695487409,Rainy
3577,29.379,75.71,601.36,17.8,1668788848,Stormy
14592,31.646,90.99,630.23,9.09,1672223407,Sunny
14168,27.951,91.78,561.76,9.7,1694938358,Stormy
10445,26.84,65.93,668.03,10.22,1674373527,Stormy
14355,32.205,66.09,616.19,4.72,1691635120,Rainy
985,32.657,63.27,639.27,12.3,1687642607,Rainy
7520,26.256,94.41,677.15,4.35,1672728601,Sunny
13045,30.563,74.1,584.8,19.86,1674370530,Stormy
2030,29.688,77.2,571.96,17.0,1695069687,Sunny
8457,30.602,61.31,679.33,9.21,1665639134,Sunny
14905,24.918,61.81,624.12,16.77,1669455448,Sunny
10124,28.128,62.29,661.01,15.41,1664822290,Sunny
6927,26.195,84.21,620.25,16.97,1682790895,Sunny
9680,30.984,86.1,652.98,15.13,1681983469,Sunny
12113,32.377,77.97,669.63,12.26,1676182809,Stormy
5795,30.668,62.13,588.14,3.67,1686903756,Rainy
4510,32.802,72.13,589.32,1.53,1672526322,Rainy
10117,29.423,81.4,672.82,18.77,1685394666,Sunny
3967,29.259,75.73,656.29,4.69,1672455893,Stormy
5004,27.316,80.76,561.85,8.74,1686974906,Stormy
13278,32.113,86.14,648.33,15.24,1681571266,Rainy
7082,32.072,67.97,587.18,13.25,1675687085,Sunny
13949,25.319,76.29,591.16,15.37,1665946443,Stormy
8072,27.014,84.91,657.01,7.27,1674234228,Stormy
6718,25.207,89.9,555.52,13.62,1686476835,Rainy
8367,31.522,94.24,674.81,18.21,1671804207,Stormy
4090,32.158,85.27,678.75,3.48,1668623898,Rainy
10997,26.967,65.53,631.9,16.63,1686749031,Sunny
3470,31.086,81.11,591.91,14.88,1685960500,Stormy
5921,25.346,79.05,587.18,16.51,1665937640,Rainy
1258,28.467,61.33,567.31,13.96,1684928956,Sunny
5329,27.62,91.02,574.1,9.0,1695106349,Stormy
11444,28.988,93.19,614.29,3.95,1695458643,Sunny
4230,29.013,93.16,668.99,9.51,1690742775,Stormy
10146,30.87,72.0,590.85,17.37,1690893226,Sunny
8238,28.35,66.0,640.66,2.11,1691472877,Rainy
14242,25.699,62.61,604.24,14.69,1664790028,Sunny
14503,28.052,72.52,584.02,3.85,1667247305,Sunny
3373,25.602,71.28,674.67,5.47,1676687551,Rainy
2064,32.07,86.42,590.73,0.31,1669752677,Sunny
6895,31.718,89.95,676.31,17.12,1669083071,Stormy
12591,31.358,94.28,635.91,12.03,1689403833,Stormy
2688,32.942,70.19,576.76,12.36,1691756187,Rainy
6884,31.493,63.44,592.0,6.74,1667804338,Sunny
2795,32.768,81.07,641.22,11.75,1669209091,Sunny
2151,29.622,65.01,664.76,18.48,1670472637,Rainy
7252,25.51,64.81,660.44,2.72,1675465292,Stormy
3036,30.053,69.43,668.5,3.27,1680170879,Sunny
7135,31.14,67.12,588.17,12.03,1680921265,Rainy
6430,32.617,74.8,623.39,9.2,1678773696,Rainy
8665,29.095,81.92,651.2,14.01,1677917659,Rainy
1352,27.052,79.32,579.35,19.73,1673623447,Sunny
11926,27.591,70.7,594.72,4.12,1683166147,Sunny
5223,32.131,87.63,595.53,9.33,1688497286,Stormy
4703,32.006,73.04,627.16,0.25,1691459138,Sunny
6212,30.612,67.5,648.28,2.45,1684206070,Rainy
11820,32.971,66.78,594.84,17.48,1676796198,Sunny
2982,32.164,68.6,650.73,6.6,1685716394,Sunny
11926,24.572,76.84,637.53,8.09,1673100225,Stormy
14910,30.967,71.14,655.88,1.0,1670769312,Stormy
5463,31.476,82.72,593.26,16.7,1678408934,Stormy
5805,32.259,69.52,573.76,1.65,1664547493,Rainy
7595,25.83,68.75,589.79,2.06,1688506566,Rainy
12945,25.981,84.59,586.23,0.7,1669493346,Sunny
10885,26.635,88.87,617.48,3.65,1676530748,Rainy
8638,28.073,78.53,618.25,16.48,1669112750,Rainy
10720,29.08,93.65,590.08,6.61,1689251999,Stormy
11231,28.328,92.31,668.9,6.07,1671447181,Rainy
12772,31.711,73.52,656.73,3.3,1691927460,Rainy
13695,31.361,75.94,635.21,15.45,1673542657,Rainy
8960,28.656,88.32,683.1,1.6,1664554858,Rainy
1083,26.108,87.84,627.03,7.43,1694689588,Sunny
14134,31.455,88.52,640.86,17.76,1683011811,Rainy
6610,31.703,80.1,679.03,4.8,1671576828,Sunny
13753,24.809,64.24,612.78,7.67,1678015069,Stormy
10148,26.796,77.66,557.66,10.81,1673656964,Stormy
12885,25.868,63.68,617.41,4.16,1666291773,Stormy
10210,32.946,75.44,645.25,0.16,1670384816,Rainy
4890,27.613,92.57,563.75,2.54,1671503308,Sunny
12292,32.892,84.68,638.14,13.6,1695030276,Sunny
9897,31.342,94.9,673.26,9.63,1678919973,Stormy
2124,28.993,68.0,657.41,10.2,1694170729,Sunny
8664,29.772,62.83,572.29,2.04,1694673246,Rainy
7109,24.901,69.89,570.44,8.3,1673091715,Rainy
12814,24.998,94.25,576.79,11.25,1695276311,Sunny
14966,32.368,67.54,672.93,0.01,1670755740,Sunny
12333,24.959,68.56,608.4,4.24,1691703496,Rainy
4842,31.587,89.46,581.07,17.83,1677746601,Stormy
9363,25.07,77.66,674.49,7.17,1686731970,Rainy
11121,27.978,82.69,573.66,14.74,1687522302,Rainy
9492,31.592,74.16,570.66,9.4,1681391230,Stormy
11014,26.818,67.92,671.1,15.33,1676117293,Rainy
11637,30.529,88.24,626.92,18.6,1688702456,Rainy
9775,32.018,76.88,624.81,18.5,1679837664,Stormy
13475,25.235,62.19,643.01,2.22,1694971152,Stormy
3608,28.448,71.3,614.86,8.77,1687138446,Stormy
7957,25.291,87.39,663.56,10.23,1681900499,Sunny
12995,27.683,89.24,565.81,6.93,1670048382,Sunny
14795,27.9,91.49,563.4,18.75,1672211074,Stormy
5194,29.618,78.59,682.52,6.67,1669106917,Stormy
10925,28.094,84.1,581.81,5.19,1693444030,Stormy
3527,30.264,76.47,592.54,1.47,1687345880,Sunny
5510,28.703,73.88,634.28,2.02,1691553070,Stormy
13124,29.317,73.11,556.46,16.34,1686785296,Rainy
4153,28.234,74.9,638.75,10.41,1666253875,Stormy
8460,32.773,84.85,636.12,6.77,1665806937,Sunny
2740,26.671,71.44,599.74,10.47,1694969983,Sunny
14641,25.626,84.93,574.88,12.72,1695736280,Rainy
10214,25.92,87.98,606.36,6.7,1688714301,Rainy
5911,31.118,80.07,625.55,0.91,1690047404,Stormy
5029,24.563,76.11,677.3,0.33,1690412913,Sunny
4291,29.102,77.93,680.1,12.71,1695506147,Sunny
11692,31.34,84.17,682.07,4.84,1687843340,Rainy
11086,32.531,78.02,677.95,12.35,1686861694,Sunny
5143,26.194,70.86,606.36,13.17,1672095203,Sunny
5105,27.393,72.97,592.19,13.18,1689985787,Rainy
11538,30.523,65.94,598.3,4.13,1693143349,Sunny
7126,30.316,73.41,567.64,17.59,1682776891,Stormy
6801,27.695,66.39,646.31,10.51,1690339553,Sunny
2209,27.453,74.66,626.33,10.98,1684041796,Stormy
4107,29.937,77.48,593.7,16.94,1676179055,Rainy
2594,26.717,75.02,678.95,15.73,1695171321,Stormy
3419,27.539,67.33,663.67,0.87,1676121522,Sunny
4217,24.941,66.98,623.57,7.86,1691769779,Stormy
14314,25.752,70.37,629.55,5.2,1667450365,Sunny
5223,32.27,74.06,635.57,5.73,1675939807,Sunny
6064,29.084,85.77,667.51,3.64,1674270307,Sunny
7906,28.532,60.05,583.41,10.97,1687836282,Stormy
13758,24.543,87.28,655.32,10.91,1679644244,Sunny
9911,26.995,78.22,674.57,15.87,1678480301,Sunny
11584,28.159,85.22,657.03,6.53,1676711874,Stormy
1994,27.624,75.63,668.18,8.53,1672986311,Rainy
4022,25.545,93.07,577.84,19.03,1667458446,Stormy
5402,31.908,88.72,605.46,18.12,1674156846,Stormy
5416,25.837,76.21,587.11,19.82,1673323578,Stormy
9938,29.725,64.04,593.47,4.41,1680931119,Stormy
11315,28.982,90.24,577.05,5.82,1695243275,Sunny
13585,25.002,64.91,638.92,5.17,1672964725,Stormy
12665,27.231,79.7,593.12,6.51,1666310804,Stormy
6411,32.899,94.2,596.36,0.95,1693493328,Sunny
5377,31.044,81.69,650.36,3.23,1678990019,Sunny
12474,26.152,86.84,600.02,17.69,1691551067,Rainy
10877,27.79,91.26,672.02,8.74,1683803370,Sunny
11857,29.44,67.48,651.18,3.0,1695563996,Stormy
10532,25.619,66.19,630.59,7.62,1692927338,Sunny
8547,31.518,83.89,680.36,3.67,1679650829,Rainy
11691,25.516,73.8,608.55,19.58,1666152696,Sunny
3414,24.653,78.76,620.07,19.87,1685981697,Sunny
7162,27.832,62.07,599.6,3.9,1692642598,Rainy
9789,25.28,92.37,613.52,6.4,1691151588,Rainy
12721,28.166,74.23,648.51,19.45,1665567821,Sunny
8006,31.843,83.02,640.62,17.97,1695109864,Stormy
9247,31.385,83.18,589.87,2.52,1672976784,Stormy
9932,31.166,78.47,591.16,15.67,1669088911,Rainy
8178,27.624,83.75,603.39,4.84,1685126053,Stormy
9939,26.786,87.57,578.27,14.82,1674001345,Rainy
1941,26.893,73.28,582.99,7.8,1673031453,Rainy
882,27.848,62.32,606.9,3.9,1684981725,Rainy
13741,32.957,60.36,581.67,7.76,1687689425,Rainy
13092,25.358,68.04,591.39,12.43,1667484480,Stormy
10992,29.066,82.56,631.72,17.23,1672338496,Stormy
7757,25.316,76.43,572.86,7.14,1676184794,Sunny
4178,26.636,90.54,572.6,13.11,1683098017,Rainy
12800,26.374,70.33,683.72,17.8,1680259970,Stormy
10477,30.024,77.04,594.01,8.4,1673575517,Sunny
7132,32.533,84.84,612.78,18.27,1691277341,Stormy
5804,24.538,79.05,659.6,12.56,1690878224,Rainy
12863,25.46,61.69,645.77,12.48,1678142971,Rainy
802,32.052,89.83,671.64,17.71,1693752301,Rainy
7156,30.132,94.84,585.66,5.63,1687570143,Rainy
4300,27.081,72.4,616.09,10.65,1694451383,Sunny
12381,27.605,79.34,607.09,12.77,1686717343,Rainy
11454,26.97,67.46,637.68,7.46,1675243958,Sunny
13719,28.205,86.45,675.28,12.69,1671590298,Sunny
13607,31.58,62.52,647.87,9.46,1666099268,Sunny
6946,28.932,85.62,680.18,16.46,1680881895,Stormy
982,24.839,93.5,652.14,6.21,1674950041,Stormy
9952,32.164,68.4,615.62,1.72,1670184125,Rainy
1960,25.94,93.08,564.26,19.82,1673592154,Sunny
4256,27.012,66.73,616.49,16.99,1672237303,Stormy
2765,30.186,89.19,618.31,1.32,1679188505,Rainy
11673,30.499,65.86,654.19,16.25,1667986994,Rainy
11421,25.073,83.17,653.38,2.64,1665124111,Stormy
1719,30.109,73.76,599.74,4.55,1671502376,Stormy
2691,29.081,74.94,647.98,8.14,1694716021,Rainy
1120,30.473,60.82,651.21,11.4,1664506612,Stormy
1464,31.106,62.38,562.12,16.19,1665170944,Sunny
9072,31.031,76.93,653.0,2.77,1673017085,Sunny
1711,25.066,66.72,587.93,14.19,1684419086,Rainy
5577,29.594,78.76,615.34,5.07,1681560399,Rainy
1179,24.736,84.5,621.71,3.35,1670769529,Stormy
10155,29.68,94.45,648.18,3.47,1690444968,Rainy
13042,32.991,68.41,598.67,18.28,1688173074,Stormy
9746,27.448,71.85,674.81,7.99,1694318898,Sunny
8092,30.099,77.99,562.83,17.45,1686092992,Rainy
9241,30.67,68.62,563.75,12.97,1678163633,Sunny
5263,28.622,89.23,653.89,17.54,1676729097,Stormy
8610,25.252,94.38,566.02,3.89,1689260980,Rainy
9425,29.343,92.59,615.89,2.98,1676360024,Sunny
4635,30.846,90.41,590.9,12.14,1675860058,Rainy
4661,32.723,84.23,656.95,19.76,1678910485,Rainy
13271,29.457,70.82,615.1,1.05,1692555799,Stormy
14314,32.226,77.93,621.25,5.81,1671074060,Stormy
7137,26.441,76.78,575.1,6.47,1689047167,Rainy
4914,28.726,67.42,574.68,11.03,1678287008,Stormy
14270,29.427,70.27,633.33,16.03,1694377192,Sunny
13033,28.219,61.88,665.9,16.34,1674034208,Stormy
10265,26.791,92.2,581.87,15.37,1685768847,Sunny
7314,24.715,89.5,586.95,2.88,1679077622,Stormy
12066,26.68,69.19,621.17,1.21,1667393430,Stormy
10180,25.923,74.58,641.42,3.43,1670003626,Sunny
3590,28.016,64.45,555.73,3.77,1693571350,Stormy
3568,25.663,92.93,676.69,9.26,1681331657,Stormy
10411,25.636,82.21,592.79,7.23,1691186626,Sunny
8894,30.428,73.47,559.45,13.52,1664558857,Rainy
11339,27.3,79.6,593.61,17.48,1694297100,Sunny
6227,26.465,73.89,655.98,2.68,1680267477,Stormy
11065,30.493,80.59,649.82,10.05,1682900576,Stormy
9940,28.684,76.46,597.56,11.15,1672241172,Stormy
12116,28.472,90.16,647.43,1.32,1668186890,Rainy
10626,32.36,87.13,619.93,2.49,1693282864,Rainy
12631,32.118,84.73,609.6,16.24,1694397990,Stormy
9919,29.797,64.41,618.77,5.5,1680436958,Stormy
2690,26.818,75.86,589.32,3.97,1671298952,Sunny
7626,32.236,81.49,666.86,5.03,1679426580,Stormy
12317,32.708,90.96,659.15,10.41,1687216324,Rainy
2186,24.942,79.0,652.35,19.38,1686438812,Stormy
12495,32.642,61.72,682.21,12.81,1692275847,Stormy
14303,31.976,86.89,558.97,8.29,1688590130,Sunny
1942,30.316,71.5,575.46,1.13,1676103362,Stormy
10505,30.703,86.32,665.65,3.45,1668756561,Rainy
9424,29.853,87.04,671.68,3.63,1677070275,Stormy
4258,32.487,94.87,641.79,16.27,1694541517,Sunny
13951,27.238,63.75,664.7,7.34,1676305148,Rainy
9561,24.816,93.69,580.22,0.38,1686655628,Rainy
5854,27.438,67.41,625.3,9.51,1664736682,Sunny
6764,24.888,77.29,663.22,0.05,1671191924,Rainy
13325,26.754,74.0,680.78,6.96,1689401016,Rainy
5788,27.476,68.33,616.41,4.84,1675684626,Stormy
12706,26.691,78.21,666.63,6.15,1691427229,Rainy
6344,30.137,68.63,633.74,2.53,1686254902,Rainy
9962,25.33,66.5,655.35,18.87,1690131412,Rainy
8672,31.354,74.77,649.42,9.65,1674105370,Stormy
2293,28.214,87.32,623.27,9.53,1691196463,Stormy
5900,31.344,90.82,615.1,0.48,1690172713,Sunny
9101,26.258,93.33,582.71,15.67,1686688776,Sunny
11372,28.186,69.02,580.98,19.35,1678758281,Sunny
7147,26.206,74.4,640.85,4.41,1689094025,Rainy
9413,29.83,62.7,675.64,12.9,1683878566,Stormy
4441,32.447,85.63,598.29,4.16,1678873061,Stormy
744,27.744,77.36,579.83,16.25,1670360282,Rainy
5069,30.732,74.49,602.21,8.43,1672173390,Rainy
10139,30.798,80.96,567.73,19.49,1672118442,Rainy
13128,28.573,60.36,616.75,13.81,1669892527,Rainy
12505,28.883,87.19,601.1,9.15,1694517823,Rainy
3895,30.779,60.68,592.71,1.48,1689422682,Stormy
11478,24.63,84.75,671.76,16.03,1687228791,Sunny
12109,25.625,78.2,670.13,2.25,1675958676,Rainy
6473,27.503,63.44,663.6,4.2,1690760401,Rainy
3970,29.936,86.18,601.68,0.76,1666266161,Rainy
5767,25.456,86.04,671.72,14.98,1696023202,Stormy
