arrival_date,arrival_time,num_containers,num_perishable containers,IMO,Company,length,width,Temperature(Â°C),Humidity(%),Fuel PriAverage Fuel Price($/metric ton),World Economic Growth Rate(%),"Weather(0sunny,1stormy,2rainy)"
8/19/2023,20:14:18,1514,1136,3527071,Aimbo,114.17,25.05,29.366,88.0,610.24,8.62,0
9/23/2023,3:04:49,8111,525,8748147,Muxo,101.61,32.4,24.563,94.75,650.75,12.93,2
1/26/2023,3:58:02,8432,621,9194425,Leenti,81.15,17.55,28.474,64.73,653.17,4.12,0
8/24/2023,18:32:43,10189,1298,7029558,Youspan,117.28,25.95,25.516,93.83,621.76,6.31,1
10/21/2022,8:20:18,12701,222,8563300,Myworks,66.46,13.92,26.028,85.68,645.72,19.09,2
3/29/2023,19:08:25,9159,1182,8438801,Katz,119.26,19.89,24.871,72.24,560.83,10.75,1
10/12/2022,0:27:46,9489,347,5921296,Omba,144.56,14.31,29.58,86.11,660.95,9.72,1
12/30/2022,1:23:16,5773,670,8513021,Skipfire,54.07,14.31,30.015,73.69,574.85,3.37,2
8/10/2023,22:26:13,6901,55,5296710,Trilia,73.03,11.17,28.272,83.72,583.85,9.57,1
4/15/2023,17:26:23,6376,594,9025935,Topiclounge,143.43,11.39,32.445,72.44,558.28,13.74,1
9/18/2023,17:11:39,13128,1112,9666399,Wikizz,40.84,17.22,26.915,87.19,660.85,12.86,1
4/19/2023,16:23:00,9606,1204,6916676,Meeveo,55.28,21.54,31.75,67.16,645.38,5.61,0
6/3/2023,14:22:15,4126,533,4670549,Plambee,114.33,21.11,26.052,68.87,616.86,5.84,2
5/11/2023,5:35:29,6118,1285,9212722,Meemm,111.53,31.97,28.292,83.17,572.11,11.07,1
7/8/2023,9:29:28,5883,313,7314707,Rhyzio,87.45,27.02,32.24,70.49,599.25,5.49,0
3/6/2023,16:45:56,13821,902,4877623,Agimba,112.26,16.2,25.8,84.99,587.08,6.02,2
12/27/2022,11:09:19,10869,883,6955483,Meemm,99.11,11.08,26.061,93.36,609.1,19.73,0
12/2/2022,4:53:13,5826,248,7942948,Oyoba,160.72,12.18,26.639,70.43,675.3,13.31,1
3/13/2023,8:48:55,5828,1355,3948409,Mynte,127.2,9.03,24.986,84.22,636.56,7.79,2
5/24/2023,1:24:27,13645,1445,9472176,Eamia,63.92,20.54,30.783,62.51,667.64,13.89,2
10/31/2022,1:09:40,1977,1083,4693472,Wordpedia,54.38,34.4,32.015,90.73,622.36,12.55,2
6/28/2023,9:53:26,14535,1065,9850768,Bubbletube,135.58,13.24,27.759,87.74,595.62,10.67,0
3/20/2023,2:42:39,9278,888,4756955,Gevee,163.75,16.69,30.017,78.46,674.0,10.65,2
6/11/2023,11:10:49,14011,169,5900771,Topicware,79.54,32.05,32.819,71.03,635.49,10.67,1
7/18/2023,17:57:44,9198,1362,5217098,Thoughtstorm,49.82,33.44,25.6,65.05,657.92,17.3,2
8/18/2023,18:03:14,12411,189,7406780,Gabtype,146.34,24.35,24.655,70.53,675.86,2.68,0
10/8/2022,17:00:12,10971,827,4626441,Cogidoo,60.94,16.56,27.448,69.37,594.76,3.22,0
3/6/2023,0:01:23,8828,992,4488520,Eamia,154.49,31.54,31.003,90.36,614.66,12.16,0
6/29/2023,9:44:48,3642,943,4876622,Abata,62.03,26.25,32.821,75.88,604.99,2.24,1
8/25/2023,12:29:40,5928,873,6185298,Yakijo,75.7,32.68,30.484,86.09,611.76,7.67,2
10/30/2022,0:24:00,13166,360,7217254,Jabberstorm,69.5,17.65,25.106,86.87,636.91,2.0,2
4/10/2023,7:13:56,2916,452,9221034,Browsecat,126.52,26.41,30.151,61.14,656.36,10.68,0
11/1/2022,6:32:22,5752,1031,2842989,Jaxnation,126.92,27.35,30.367,74.41,678.13,19.26,1
11/29/2022,14:00:14,9426,1166,8585293,Edgeblab,101.39,15.11,27.655,76.64,671.46,3.24,0
5/13/2023,14:30:30,14374,161,5287666,Gabvine,87.2,33.51,26.945,77.07,607.17,7.15,2
5/24/2023,4:16:03,9504,765,8859073,Buzzdog,105.2,33.85,31.543,70.82,581.03,0.5,0
5/1/2023,15:19:14,5947,249,5351168,Demizz,84.96,29.52,29.128,90.0,560.79,8.84,2
4/16/2023,17:37:24,5030,1128,7548530,Riffwire,61.33,31.63,30.2,63.05,571.39,19.02,1
7/10/2023,3:35:54,6432,1415,4006959,Twitterworks,104.03,20.69,29.842,69.28,567.2,19.02,2
12/8/2022,5:55:33,11547,1277,2544127,Gevee,170.86,33.97,28.167,73.62,661.81,15.69,1
5/11/2023,17:35:23,4977,932,2423724,Avaveo,163.01,18.76,29.92,76.92,594.84,19.05,0
10/7/2022,1:05:37,6191,553,5951639,Kwideo,53.07,31.67,31.725,89.1,564.24,14.7,0
8/23/2023,6:29:36,2162,1070,2369543,Wikizz,172.47,21.73,27.248,70.97,555.2,8.26,1
5/16/2023,9:51:00,6309,73,2370226,Nlounge,107.29,29.98,25.471,61.69,620.99,10.66,0
1/29/2023,2:45:37,8131,115,4722134,Meevee,101.54,10.16,28.986,90.97,650.21,5.57,0
2/13/2023,9:16:25,13641,1481,9427951,Dynabox,81.3,18.3,29.337,83.37,678.0,10.99,0
11/1/2022,16:47:48,4430,1320,4072640,Voolia,53.19,33.82,29.755,93.17,597.08,12.91,1
9/18/2023,1:49:05,10627,922,9983922,Meetz,147.18,13.87,25.923,69.94,607.34,3.89,1
9/10/2023,23:10:42,11728,532,8735673,Blogpad,51.35,12.05,29.63,68.13,635.63,9.27,2
12/24/2022,18:23:20,9130,695,9480422,Digitube,157.94,9.5,32.021,77.65,674.59,13.35,2
10/18/2022,22:52:17,3889,1339,4877859,Nlounge,146.54,9.56,28.253,91.74,601.98,8.23,0
10/15/2022,22:30:24,4677,1109,5790552,Quimm,73.65,21.73,25.963,66.7,573.07,12.82,1
11/4/2022,6:31:14,3093,23,8107842,Gabcube,143.48,34.74,30.621,93.11,574.48,3.68,2
6/14/2023,13:47:49,5951,855,6826873,Gigazoom,63.17,14.41,31.651,79.26,675.97,2.05,2
1/23/2023,22:53:43,8200,1113,2912659,Blognation,75.09,29.01,32.765,77.21,579.87,16.91,2
3/6/2023,2:26:25,3583,155,6111229,Kaymbo,134.6,19.84,28.948,66.25,582.5,10.12,0
7/28/2023,23:15:26,8671,1492,5879411,Dabjam,117.0,25.87,28.177,87.96,652.87,4.32,0
6/8/2023,13:21:45,7711,82,9311721,Quimba,106.8,24.6,25.656,60.17,661.16,3.6,0
5/27/2023,17:02:48,4143,401,9072785,Skivee,56.16,28.64,29.818,66.8,674.07,9.04,2
7/1/2023,10:19:04,12432,1269,9543857,Demizz,111.29,19.54,26.014,84.62,671.6,9.6,1
5/1/2023,10:02:38,5512,453,2397324,Meetz,111.84,26.42,25.606,63.82,634.17,6.36,2
11/30/2022,3:28:48,9994,509,5804233,Browsecat,45.27,30.96,28.82,88.15,592.03,3.51,0
4/22/2023,23:32:12,6673,1498,7486127,Myworks,63.2,11.67,26.854,62.1,565.91,10.51,2
7/24/2023,12:14:15,10048,1469,7880035,Oyoloo,156.97,22.11,26.816,66.66,604.86,2.16,0
12/5/2022,20:13:17,986,606,8789497,Bluejam,149.59,20.54,26.0,61.43,616.2,18.37,2
2/8/2023,18:18:47,6794,1192,4991548,Buzzdog,68.77,26.01,25.708,71.14,581.99,1.34,0
6/9/2023,5:06:43,7773,417,4343533,Divape,66.27,23.96,26.528,81.09,674.54,1.13,1
10/15/2022,14:56:40,7402,1336,6414671,Zoombeat,107.52,29.15,27.126,92.19,557.13,3.36,2
6/10/2023,16:06:09,9495,1379,3032032,Dablist,93.34,30.49,31.088,90.09,655.42,7.69,2
11/13/2022,2:31:15,10265,533,7932034,Jaxworks,115.49,29.55,25.766,86.0,594.63,6.04,0
6/20/2023,1:10:21,11404,892,3554173,Vinte,81.37,12.49,26.674,86.89,570.08,7.38,2
10/23/2022,16:14:26,10378,694,5872661,DabZ,165.85,31.23,27.02,67.39,566.68,5.29,2
8/17/2023,11:56:34,2909,1267,2242294,Eare,57.43,19.81,25.946,83.73,661.27,2.43,2
1/10/2023,21:13:28,6837,679,6316696,Bluezoom,62.87,17.59,31.793,84.12,669.16,1.72,1
7/8/2023,22:26:47,7208,994,6558704,Twitterlist,115.74,24.49,32.306,60.35,634.67,1.77,2
10/31/2022,14:43:31,6621,24,8572517,Yacero,129.67,30.57,26.322,70.61,630.59,2.32,1
9/17/2023,3:46:49,8144,1004,3493991,Mynte,77.93,9.19,27.863,66.82,665.94,18.77,2
12/21/2022,23:01:09,7782,679,2658884,Jaxspan,127.54,18.04,25.629,91.91,559.39,9.44,0
8/26/2023,16:52:05,6372,1176,8731175,Skinix,127.59,23.84,24.534,89.03,615.82,4.22,1
4/16/2023,4:49:49,12815,137,6397740,Mydeo,95.11,21.83,28.868,65.39,652.66,16.56,0
10/27/2022,9:13:17,7742,1068,7387691,Browsecat,155.63,13.21,29.162,62.58,566.85,13.52,2
11/8/2022,10:20:28,9271,1199,9296310,Centizu,101.83,29.06,26.808,91.63,621.56,19.58,1
9/19/2023,3:53:30,14646,1040,7263652,Tagchat,75.92,24.17,24.652,89.83,630.86,14.51,0
11/11/2022,2:00:38,7910,536,5252800,Twiyo,75.38,24.16,27.79,83.14,575.43,8.78,1
6/27/2023,22:05:35,3747,873,3874693,Photojam,160.53,25.59,28.303,83.73,570.08,11.14,1
12/22/2022,20:31:25,4812,1475,2802600,Flipbug,73.9,25.32,24.749,79.48,578.17,17.07,2
4/22/2023,6:33:39,14051,109,9575758,Thoughtsphere,153.91,12.08,30.715,64.66,585.97,2.05,1
2/22/2023,3:59:33,4180,329,4493447,Agimba,58.83,17.79,27.667,66.42,638.43,14.67,0
2/10/2023,19:39:08,2547,230,8515534,Flashdog,50.65,14.09,31.899,94.13,636.37,1.29,2
6/24/2023,15:36:32,6867,537,3653453,Wikizz,143.75,23.51,31.244,91.12,576.66,14.33,2
9/12/2023,18:16:28,2755,707,5569124,Riffwire,152.57,12.36,24.974,77.38,678.89,0.29,1
8/31/2023,6:33:38,11241,1381,8980845,Lajo,166.74,17.24,29.923,77.8,593.94,0.87,0
7/10/2023,3:50:10,14374,1294,2814689,Yotz,147.94,26.44,26.749,89.06,634.5,5.34,0
11/18/2022,19:24:41,2315,1443,2032900,Twitternation,121.43,21.61,29.658,80.14,621.59,17.64,2
12/31/2022,11:17:32,7601,564,4724324,Trunyx,68.96,21.51,30.177,67.83,645.32,0.39,2
7/2/2023,16:19:09,9556,321,9761221,Buzzbean,100.26,22.57,27.945,70.1,614.2,17.38,1
5/7/2023,7:17:02,10771,1035,6440006,Jaxspan,45.81,12.45,26.097,67.7,572.32,0.06,1
3/30/2023,2:54:00,14583,865,5851284,Gabvine,152.47,10.7,25.451,90.68,589.08,9.53,1
10/19/2022,15:19:40,3919,79,6612185,Tagcat,115.46,32.07,30.074,86.09,652.29,12.37,1
8/9/2023,9:15:34,10034,1216,8130156,Gabcube,126.85,21.24,25.96,79.9,574.7,12.26,2
4/5/2023,9:55:19,6968,232,4004084,Tazz,73.79,16.09,24.56,78.48,604.79,0.35,1
3/19/2023,21:11:16,12309,194,9371618,Mita,43.23,14.24,25.123,84.17,562.29,3.43,1
7/15/2023,10:41:45,1279,947,5527750,Twitterbeat,126.79,19.88,24.564,60.24,593.68,19.27,1
9/20/2023,12:18:54,11949,766,5645470,Topdrive,63.15,29.58,27.549,94.42,683.46,4.3,0
6/26/2023,22:50:06,12552,996,7285867,Skiba,142.42,11.77,29.89,94.43,613.81,8.27,0
11/19/2022,7:46:00,3010,1153,8260257,Mymm,146.95,13.64,29.877,80.14,679.71,7.16,0
6/23/2023,5:10:44,12983,72,6326020,Twitternation,117.34,19.93,29.572,65.9,636.85,11.24,1
8/26/2023,8:34:33,11855,1494,2799791,Fanoodle,95.33,34.39,31.012,68.74,604.32,2.02,0
10/22/2022,4:02:52,4644,1415,2737499,Realfire,50.08,25.69,29.594,74.52,622.26,2.56,2
9/11/2023,18:35:51,11000,203,6794010,Jayo,156.64,11.62,25.567,88.68,644.71,16.47,2
2/24/2023,13:33:32,5077,1291,8283548,Brightbean,122.43,13.55,26.899,90.1,654.37,0.22,1
11/22/2022,11:36:06,12924,652,5311719,Brainverse,91.67,28.16,25.706,90.5,635.24,8.64,2
1/19/2023,21:20:57,10378,1104,6914836,Zoombeat,54.07,13.33,30.763,92.28,648.08,10.49,1
8/31/2023,7:25:07,3881,92,7886092,Feedspan,133.11,22.47,27.326,69.52,623.11,0.2,2
5/9/2023,2:13:11,3226,432,9236763,Edgeify,156.32,26.97,29.061,66.22,683.83,15.23,2
7/8/2023,6:35:06,13567,1156,5469439,Vitz,67.8,19.16,30.635,63.29,568.86,7.14,1
4/6/2023,13:56:44,10360,64,3549112,Skimia,136.81,31.9,29.136,60.75,624.65,7.51,0
2/22/2023,17:33:49,5699,740,6341551,Bubblemix,112.91,20.74,25.593,67.49,580.75,18.34,0
2/24/2023,13:08:07,2333,734,8004824,Skyvu,64.34,21.92,30.924,83.77,644.0,5.24,0
1/16/2023,16:36:38,6210,608,9838419,Gabvine,100.26,15.75,29.892,85.19,668.17,10.73,1
11/19/2022,6:25:29,13237,636,6203193,Oyope,83.71,32.44,27.025,70.46,646.82,17.77,0
11/28/2022,14:50:00,12279,1018,8830944,Edgeclub,124.63,20.65,31.21,78.78,661.65,3.0,1
4/6/2023,18:47:15,2441,254,7947179,Edgeify,146.56,22.72,26.328,63.18,609.52,4.23,2
9/28/2023,20:30:43,10629,1214,5032212,Blogtags,170.28,34.55,31.861,70.88,641.66,6.04,2
10/10/2022,17:38:18,2147,832,9174355,Feedbug,41.83,22.74,30.091,69.72,597.99,1.48,1
9/20/2023,2:17:08,8690,938,9985967,Fivebridge,123.58,14.08,25.757,82.79,563.1,15.95,2
2/26/2023,8:58:51,12943,208,7206692,Gevee,146.37,27.44,25.767,88.24,660.42,19.66,0
1/1/2023,0:07:42,1029,266,6840596,InnoZ,127.71,24.59,29.462,68.08,555.03,17.25,2
5/18/2023,4:54:58,12380,261,3175851,Flashspan,48.82,25.75,31.024,88.16,605.17,17.47,1
2/6/2023,0:01:01,2336,725,6856470,Rhyzio,165.3,14.56,28.712,90.54,623.06,16.24,0
1/25/2023,10:52:30,3951,795,9727500,Rhycero,154.7,10.45,29.86,83.06,660.73,14.13,1
2/10/2023,15:08:24,3092,987,9840787,Agivu,141.01,29.81,26.763,94.9,638.66,15.63,2
9/29/2023,7:31:58,13662,1123,7220236,Kwimbee,126.02,11.22,27.538,65.92,634.59,11.22,2
9/23/2023,21:17:33,11195,47,8830106,Shufflebeat,62.47,30.38,25.171,82.89,617.5,9.13,1
1/24/2023,21:11:35,7334,1085,5524398,Pixoboo,169.09,10.81,27.334,72.96,571.45,16.59,1
4/29/2023,20:52:28,3031,307,6219181,Jabberbean,99.76,32.28,30.682,78.95,639.18,17.05,0
7/2/2023,15:45:11,9945,428,6703251,Kazio,136.41,9.6,29.777,77.37,669.31,10.85,2
1/18/2023,5:25:35,5057,95,3553626,Tazzy,109.91,24.26,30.556,89.26,683.85,18.45,1
4/9/2023,12:24:21,10882,47,7339373,Voomm,86.09,9.2,32.216,91.37,593.97,9.86,2
10/16/2022,2:01:46,12360,442,7049093,Kwideo,81.47,12.98,29.008,73.69,672.89,19.21,0
11/11/2022,12:39:16,1466,379,4299337,Dynava,76.37,9.07,29.371,89.72,667.18,15.71,0
6/15/2023,11:57:53,8315,718,5881506,Bubblemix,123.56,12.31,29.369,84.5,584.78,5.66,2
5/29/2023,2:23:00,10131,688,3046090,Fiveclub,133.4,34.12,31.858,79.18,672.92,10.77,1
1/13/2023,6:40:07,4344,1361,8968151,Realcube,169.74,27.58,28.128,68.36,653.83,12.02,2
6/29/2023,2:32:48,2361,741,2994254,Eayo,123.64,19.06,27.996,64.26,605.54,8.47,0
3/24/2023,16:28:48,3780,923,9591988,Gabspot,87.5,31.34,32.619,85.4,581.85,16.48,0
8/2/2023,5:36:19,13170,735,2842693,Twitterworks,127.74,15.83,31.901,89.17,573.57,4.95,2
12/14/2022,5:31:23,11646,328,6065885,Fatz,131.75,10.35,32.73,77.58,561.11,8.9,1
2/12/2023,5:56:42,6033,1467,3859993,Centimia,82.49,23.69,31.612,85.05,557.06,10.9,1
8/23/2023,19:02:55,12243,1369,2852536,Skibox,44.2,17.13,27.111,60.03,635.18,5.82,0
9/10/2023,6:16:56,11793,1000,3166390,Brightdog,45.0,20.0,26.125,75.42,649.7,9.97,2
8/17/2023,18:36:09,12261,460,2408683,Livefish,128.86,33.73,32.969,73.25,555.99,15.4,2
7/20/2023,8:22:57,12430,77,9687441,Camimbo,138.2,34.69,31.771,70.41,676.87,14.76,2
3/2/2023,17:49:22,12772,354,2215020,Thoughtsphere,130.35,18.97,27.887,93.79,577.92,16.72,1
12/14/2022,16:29:39,1594,1039,5699964,Yozio,140.44,33.54,30.201,84.81,654.4,10.67,1
4/13/2023,5:16:14,7571,955,8911228,Browseblab,94.5,28.84,30.611,78.48,563.77,13.31,0
3/22/2023,14:13:56,14413,483,9938159,Flashset,87.25,34.39,31.638,87.66,647.25,18.5,1
9/17/2023,20:41:42,11968,758,9284303,Mycat,128.04,18.63,24.755,88.53,640.03,2.35,0
12/27/2022,9:02:07,1824,109,2230504,Buzzdog,50.0,28.71,28.739,93.0,588.84,15.44,0
5/3/2023,12:30:40,9628,437,5346508,Kazio,82.6,30.63,30.634,82.1,587.95,5.14,1
7/31/2023,2:32:23,2730,1245,7689929,Bluejam,141.99,25.16,27.197,68.34,670.74,14.94,0
7/8/2023,13:18:20,4836,1293,2672230,Trupe,138.41,17.48,30.759,80.29,674.81,5.48,0
1/19/2023,8:44:37,11619,461,8024960,Trupe,165.72,13.92,25.506,94.14,640.89,6.93,2
2/25/2023,6:03:39,9597,1500,6379712,Bubbletube,116.86,18.27,26.792,60.18,668.19,14.44,2
3/14/2023,20:37:11,11574,172,3384044,Eire,91.74,22.42,25.24,76.8,571.58,18.1,1
3/27/2023,2:40:59,8536,1341,9379037,Fanoodle,155.83,22.57,28.625,76.2,663.02,19.65,2
8/7/2023,12:08:22,7145,1375,2414792,Youspan,155.27,10.45,30.059,77.92,673.43,14.36,2
1/8/2023,3:55:09,9248,595,8226880,Realpoint,81.22,23.87,27.564,89.95,606.42,13.36,2
11/25/2022,3:35:14,2084,1414,9335588,Youspan,43.93,34.38,25.591,88.88,627.13,10.95,2
11/7/2022,8:12:03,9745,906,8081295,Buzzdog,65.98,24.7,30.096,80.78,596.16,0.31,0
12/24/2022,13:55:36,11434,718,3325665,Nlounge,139.91,21.88,25.476,77.8,673.34,10.2,1
12/11/2022,15:40:00,14732,46,4222952,Edgeify,79.41,14.07,25.926,70.3,615.8,10.71,2
11/6/2022,9:29:48,8974,1321,7304490,Centizu,160.41,17.31,28.642,79.58,657.89,14.83,2
10/8/2022,13:04:15,10326,75,9445680,Geba,139.93,22.08,27.504,73.02,577.31,13.2,1
1/22/2023,2:46:12,10488,870,6213771,Einti,139.93,14.15,28.385,83.78,625.01,5.03,1
9/5/2023,18:25:38,9063,59,8814961,Roodel,154.18,11.0,28.844,89.58,623.78,4.24,1
1/19/2023,1:36:01,13114,1252,8766166,Kimia,106.6,17.75,31.561,90.66,639.0,18.18,0
6/15/2023,19:33:33,11047,1232,2162410,Kwideo,61.86,21.5,25.944,62.26,654.57,9.64,1
2/23/2023,20:13:28,5050,756,9861908,Rhyzio,172.3,23.1,31.498,86.14,601.88,9.45,0
11/24/2022,21:21:27,6799,907,9703172,Photobug,55.39,10.89,25.724,91.35,592.3,16.97,2
5/14/2023,18:55:09,9744,764,6805415,DabZ,55.32,21.42,30.641,92.46,600.91,17.68,2
1/10/2023,5:52:46,8648,1248,2980057,Dabvine,82.21,25.76,24.799,80.62,615.44,8.47,2
11/11/2022,21:56:13,10816,538,9588229,Trudeo,153.75,23.82,31.538,74.15,579.76,8.33,0
10/23/2022,7:54:48,9009,82,9723658,Tagfeed,84.19,29.87,24.715,89.89,571.79,11.45,1
3/5/2023,8:38:43,14964,1446,5259283,Dablist,101.67,19.92,28.1,81.23,567.3,3.75,0
4/17/2023,6:00:41,13867,929,3200461,Innotype,62.58,16.07,28.287,64.6,604.92,1.66,2
2/10/2023,12:32:48,12843,41,2003372,Youopia,82.44,22.69,31.088,70.07,656.87,15.2,1
6/4/2023,7:21:43,4425,830,4337158,Flipbug,145.77,11.73,25.906,71.4,562.7,16.46,1
7/18/2023,16:42:03,9613,879,5062807,Twinte,44.78,22.45,27.414,82.2,594.75,4.09,1
8/9/2023,17:51:22,13720,791,4041311,Yambee,119.8,17.94,25.184,94.4,657.8,3.9,2
11/1/2022,11:21:44,12553,755,8436744,Feedbug,57.33,22.48,30.506,75.17,583.95,9.11,2
5/21/2023,15:28:46,5338,255,8819530,Edgeblab,123.7,23.95,27.996,70.21,577.29,19.68,1
2/16/2023,23:33:21,2622,1079,3111878,Zoomcast,93.43,30.71,32.327,85.08,625.05,0.08,2
6/10/2023,19:42:37,13334,371,9827457,Vinder,85.09,11.64,25.64,60.33,619.09,6.17,0
3/22/2023,15:05:43,1532,1259,9218058,Flashpoint,50.32,31.31,26.507,70.14,663.14,5.2,0
11/8/2022,21:44:00,2700,166,8024217,Aimbu,167.61,31.44,31.808,91.88,670.02,0.62,1
7/10/2023,10:43:38,1363,1227,6662254,Quaxo,53.48,9.6,30.736,75.06,594.61,10.93,0
7/17/2023,11:52:32,9499,370,6365890,Npath,68.83,17.46,26.609,90.7,555.44,14.05,2
10/3/2022,11:45:06,7857,400,7242919,Midel,129.21,23.89,26.167,92.36,564.85,18.4,2
3/1/2023,22:56:13,13513,996,7132257,Skajo,149.52,27.22,31.895,82.95,664.31,4.12,2
5/8/2023,4:22:55,12052,140,5445181,Meemm,71.25,27.11,32.587,66.84,600.21,3.6,1
9/6/2023,23:10:44,4217,355,2206579,Zoovu,51.02,16.75,28.792,91.84,605.17,8.12,2
11/29/2022,6:19:23,10539,1459,7521280,Dabjam,134.58,25.25,28.478,93.02,559.47,14.99,0
2/26/2023,21:20:29,5116,1086,3678805,Flashspan,50.38,11.27,30.197,72.69,622.33,2.19,2
6/18/2023,4:32:45,14226,299,4962868,Devpoint,150.1,25.16,29.194,60.09,666.06,4.12,2
6/30/2023,5:06:53,4806,569,6956226,Kare,51.14,11.26,26.835,66.47,668.62,13.38,1
6/25/2023,4:00:51,3701,172,2374378,Devify,105.9,34.66,32.254,68.46,570.64,4.22,2
7/9/2023,4:20:22,4666,761,7536686,Digitube,88.99,25.99,26.061,87.13,556.55,0.47,2
3/17/2023,7:37:53,6752,484,5673698,Thoughtblab,169.72,10.93,25.794,77.48,555.85,13.8,2
7/11/2023,9:02:42,11925,330,5646917,Npath,134.62,20.91,28.957,63.56,671.85,16.29,2
11/5/2022,11:09:20,8456,1172,8401367,Ailane,133.55,31.28,25.631,60.27,610.49,15.77,2
10/30/2022,5:30:16,10887,885,8752666,Eazzy,83.61,33.06,31.422,85.25,587.4,14.8,0
9/28/2023,3:38:57,2541,511,8108352,Meezzy,41.41,9.98,29.767,62.27,629.16,0.3,1
10/20/2022,7:41:07,2548,525,5753154,Yotz,80.06,30.7,32.612,74.36,600.12,14.68,1
3/26/2023,2:50:43,11370,355,9648039,Meevee,110.55,10.2,28.28,75.22,610.62,7.98,0
7/8/2023,21:34:19,5963,138,5793724,Jamia,116.82,28.82,25.642,72.35,675.11,19.89,2
9/4/2023,7:45:35,8216,1000,4186327,Fivespan,141.65,31.09,25.116,71.71,643.18,13.16,1
10/25/2022,10:14:28,11377,1166,5390910,Vipe,68.6,25.79,29.092,76.95,669.81,6.35,0
5/25/2023,20:23:36,1847,409,5246360,Browsecat,63.83,18.17,28.686,83.78,671.9,18.06,1
4/14/2023,19:58:56,13953,297,6783620,Kwinu,60.67,29.13,29.497,90.27,648.36,4.01,1
12/4/2022,14:03:52,2388,121,6806677,Avamm,125.72,34.72,29.793,92.21,604.24,17.28,0
4/4/2023,11:51:57,7260,385,4636096,Fadeo,92.96,11.89,28.004,62.08,581.97,3.35,0
2/20/2023,4:18:31,2339,457,2772566,Leexo,105.76,9.13,26.174,83.38,645.91,16.07,1
10/3/2022,0:58:47,12869,234,8982396,Centidel,133.02,25.67,26.27,64.8,571.24,1.95,2
5/23/2023,6:12:37,10127,139,7563546,Ooba,146.93,14.96,31.442,64.7,682.16,4.88,1
9/7/2023,12:33:55,10703,803,7473728,Zava,43.76,26.46,28.026,63.99,671.02,18.82,2
7/23/2023,23:50:13,2351,710,9817831,Skaboo,55.3,9.01,25.406,90.23,650.78,15.26,2
4/28/2023,23:12:01,7324,501,8624785,Trunyx,64.64,34.3,28.348,92.32,673.55,9.38,0
11/14/2022,11:24:53,3603,101,9727968,Layo,111.18,9.47,25.171,89.16,648.5,19.58,2
12/2/2022,6:21:08,10190,1091,3529683,Bluejam,131.4,24.78,27.249,61.56,666.07,10.13,2
9/12/2023,9:26:54,3919,959,8748366,Photobug,157.62,34.09,25.131,68.52,649.97,19.53,0
8/28/2023,17:47:44,4302,511,4242141,Yotz,114.73,20.63,30.672,94.81,606.72,18.8,1
1/22/2023,8:40:08,10086,28,4397606,Feedfish,170.61,16.25,28.3,80.8,641.59,16.77,2
4/27/2023,3:46:16,2591,1369,9839166,Quimba,165.04,32.29,32.229,69.91,594.41,4.77,2
10/18/2022,12:53:09,6033,1087,8623378,Thoughtsphere,155.94,9.01,32.653,86.06,652.51,18.67,2
10/8/2022,12:13:12,14146,652,5509036,Flashpoint,139.51,17.62,24.621,65.45,577.05,18.11,2
6/3/2023,7:24:21,5747,880,8106100,Tazz,50.5,33.78,31.641,90.7,581.2,4.52,0
12/1/2022,1:42:42,13010,468,7441954,Plajo,99.09,30.5,30.919,74.75,571.48,14.25,0
9/22/2023,20:53:18,11027,666,3177395,Mynte,57.45,21.75,32.416,72.66,618.58,10.92,0
11/22/2022,10:03:36,6455,688,6552406,Snaptags,87.77,14.91,25.584,69.6,594.6,12.61,1
8/29/2023,20:36:51,8395,1469,9539735,Centizu,44.03,13.07,27.734,69.98,556.88,2.98,0
4/28/2023,18:56:53,8142,802,6236828,Reallinks,146.59,18.22,28.623,63.34,678.63,19.8,0
10/8/2022,10:00:26,2621,1234,4853689,Meedoo,61.6,31.24,28.785,72.49,618.94,5.23,0
8/14/2023,21:56:13,1847,557,7444274,Yacero,144.98,20.3,28.732,72.78,568.65,12.4,0
11/24/2022,20:24:20,12098,959,3188230,Kwinu,57.3,19.04,32.627,61.1,657.33,15.4,2
3/19/2023,16:29:56,10087,1317,2084258,Tambee,73.09,9.23,29.901,89.84,654.73,1.94,0
8/20/2023,0:18:00,3304,1001,7880149,Bubbletube,151.9,11.74,29.102,80.97,583.27,17.23,0
1/1/2023,5:19:05,10263,504,4286911,Jaloo,91.96,22.78,32.359,93.51,624.8,17.0,2
7/6/2023,22:28:56,9868,696,5862362,Topicware,62.72,21.86,27.223,66.52,627.49,14.77,2
8/20/2023,18:07:35,2382,1388,9204460,Bubbletube,140.27,12.52,25.975,72.72,677.4,7.15,1
11/25/2022,16:41:15,14001,1128,8659938,Flashspan,107.08,34.1,26.427,60.89,664.95,4.44,0
10/24/2022,10:41:42,2767,761,8477075,Jabbertype,100.07,27.97,26.962,91.66,656.7,9.6,1
4/1/2023,2:28:43,10244,721,7018768,Fanoodle,79.83,23.88,27.851,81.98,566.96,17.6,0
2/12/2023,12:26:12,10186,1028,2910166,Avaveo,116.81,19.11,25.128,62.25,642.98,10.61,0
9/28/2023,12:06:18,7749,918,2882846,Skiptube,53.73,15.24,27.953,89.03,574.4,1.58,0
11/9/2022,10:58:29,3835,818,9604575,Jabbersphere,51.28,10.54,26.406,71.72,572.9,12.07,1
10/8/2022,9:04:43,3636,1408,9533746,Jaxnation,111.85,19.51,29.599,86.44,674.72,10.17,2
5/25/2023,7:28:13,5285,157,6392707,Zoomcast,123.0,11.61,28.883,77.83,561.18,14.36,2
2/1/2023,13:04:02,6515,78,7926004,Kwilith,167.96,23.44,26.376,83.49,557.64,15.03,2
3/7/2023,21:41:28,866,601,5277991,Thoughtworks,61.95,26.28,30.52,65.32,620.45,11.06,2
7/5/2023,8:26:47,13142,1432,6348552,Realbuzz,158.85,18.19,25.365,71.68,674.72,17.27,2
2/26/2023,16:27:10,10102,952,9811720,Thoughtworks,149.26,18.28,29.779,71.16,582.62,7.99,0
6/6/2023,14:36:46,11482,157,6332831,Eire,101.13,31.25,26.979,81.87,673.82,5.84,2
4/15/2023,3:08:49,2850,1379,3213805,Realfire,57.18,23.57,32.647,77.44,599.66,7.79,1
8/1/2023,1:34:28,3590,968,7525339,Yoveo,75.34,27.63,25.306,94.4,614.59,9.73,2
4/13/2023,19:41:48,9480,441,7230252,Latz,54.35,14.86,26.095,65.53,566.21,10.04,1
7/3/2023,6:03:53,8800,215,7636866,Podcat,89.35,20.76,32.414,73.51,666.41,10.7,0
4/30/2023,5:06:39,1446,1426,8212046,Flashdog,156.31,24.33,27.292,91.48,634.97,1.4,0
12/28/2022,21:18:03,11255,550,8452933,Bubblemix,116.22,23.68,25.561,93.39,592.63,17.77,1
12/7/2022,16:11:18,1720,190,8061937,Yakijo,113.58,12.37,28.864,60.92,605.12,14.79,2
2/22/2023,7:51:43,5119,220,4244056,Geba,79.59,20.8,30.406,84.31,606.7,6.49,0
5/17/2023,17:01:11,3627,1432,8259174,Skivee,111.81,25.75,29.895,60.15,567.62,2.09,0
6/24/2023,17:27:10,12409,1143,7981126,Chatterpoint,91.58,11.88,28.637,83.1,615.04,11.04,0
4/13/2023,15:20:22,3022,124,8191810,Mydeo,147.41,28.92,32.557,80.44,571.58,2.81,0
2/2/2023,11:03:06,5263,686,3702904,Yotz,169.78,11.62,27.562,89.74,680.54,7.62,2
4/19/2023,19:35:13,14648,711,6121909,Avavee,165.87,31.72,28.613,67.17,578.5,1.08,0
8/28/2023,7:52:51,2674,424,5348800,Fivechat,125.85,33.94,25.907,77.22,628.22,1.09,1
6/6/2023,14:29:50,776,141,3937676,Leexo,106.93,11.07,30.678,66.18,601.77,9.51,0
4/21/2023,3:51:46,4783,1460,9202194,Oloo,74.6,32.03,32.663,64.43,607.25,11.73,1
5/11/2023,18:02:02,10125,107,9877444,Voomm,77.79,23.59,26.686,75.69,583.41,18.77,0
11/24/2022,21:05:17,1692,1021,9249056,Nlounge,151.51,14.82,32.183,81.15,671.69,8.81,2
9/13/2023,18:11:53,3715,533,2646519,Twinder,134.84,21.23,26.048,88.1,574.88,8.11,1
8/19/2023,14:40:39,14961,247,4606955,Yodo,151.93,26.1,25.784,76.93,646.25,11.44,2
12/29/2022,9:41:52,5826,360,6331007,Jaxspan,140.56,10.84,27.422,83.7,577.59,14.11,2
4/27/2023,0:32:10,7335,1089,2679974,Voolia,166.02,20.65,32.005,66.9,603.67,18.11,0
12/20/2022,2:33:41,2921,776,4702692,Gabtune,61.98,29.73,26.089,92.33,668.04,14.79,1
1/27/2023,16:22:15,3275,1324,7929126,Livetube,107.26,16.29,30.918,90.86,627.14,3.28,0
5/28/2023,21:53:27,3884,604,3613716,Topiclounge,116.06,21.3,27.655,80.51,679.82,7.95,2
8/18/2023,23:40:07,1443,892,2848236,Thoughtsphere,147.93,32.36,24.506,83.36,605.64,17.97,0
7/30/2023,20:18:24,3234,280,2494844,Jetwire,71.44,20.26,30.383,87.6,681.59,9.98,0
10/20/2022,19:15:38,12310,525,4553466,Dynazzy,167.04,30.85,32.78,66.83,666.55,14.56,0
9/28/2023,13:49:38,7206,797,2581024,Vidoo,167.14,13.6,26.713,83.47,594.97,11.45,1
10/9/2022,15:42:29,2932,1054,8956217,Yamia,73.38,29.19,25.096,90.63,581.62,0.43,2
6/7/2023,11:15:34,9581,990,7758288,Thoughtbridge,130.76,22.97,25.389,93.87,575.19,18.91,2
1/8/2023,14:34:23,1696,87,9982010,Twimm,105.88,33.91,32.165,60.16,679.48,8.64,0
12/12/2022,21:18:01,14418,1141,4538351,Fliptune,128.12,14.01,26.593,62.97,597.78,5.04,2
9/25/2023,3:15:05,6882,1011,3806208,Meemm,106.8,12.39,31.522,61.83,626.22,8.42,0
8/31/2023,19:49:40,7809,1046,6536321,Oyoba,145.26,23.98,32.825,69.91,593.39,10.28,1
8/4/2023,8:44:12,13475,1154,3784760,Dablist,95.57,19.19,27.598,85.45,562.42,11.06,1
1/25/2023,13:18:21,2031,503,2000125,Voomm,102.53,11.36,24.838,65.77,649.98,8.85,1
5/19/2023,1:02:24,7458,567,2854650,Devshare,139.94,21.09,24.89,84.12,679.31,16.59,1
7/1/2023,21:28:22,12563,1077,7201028,Topicshots,172.41,19.9,30.171,66.65,563.59,17.7,1
7/1/2023,5:51:36,5083,592,6034899,Twitterwire,43.58,25.35,27.029,83.66,634.18,8.0,0
6/30/2023,0:28:00,14395,764,6067206,Oyope,50.9,10.18,29.224,61.54,636.28,16.8,0
6/16/2023,12:35:17,4387,64,6799579,Lazz,124.02,27.74,29.72,72.54,608.6,6.43,0
12/13/2022,8:16:45,5133,87,9454971,Voonder,169.49,18.26,32.323,73.42,636.36,5.81,2
11/15/2022,1:55:02,10825,1035,5619684,Kare,108.95,27.08,32.14,89.64,570.65,3.23,0
9/6/2023,13:28:51,872,188,3230556,Kare,126.87,32.58,25.297,70.89,624.93,10.71,2
7/18/2023,18:10:39,945,373,2619265,Devpoint,43.59,13.41,26.199,76.95,610.04,6.92,1
10/1/2022,19:06:52,14819,255,8883748,Flashspan,56.25,23.37,32.018,69.19,562.18,12.05,2
4/17/2023,1:25:26,11643,902,8830796,Riffwire,126.22,30.77,30.353,65.66,680.04,13.64,0
9/5/2023,18:36:10,746,382,7798522,Centimia,132.07,32.85,31.142,82.43,663.1,14.35,0
8/28/2023,20:41:18,8328,876,5524342,Ozu,157.61,19.96,25.672,83.47,633.31,19.88,1
6/12/2023,0:39:07,4626,52,5359080,Kanoodle,162.02,27.25,26.16,71.97,668.4,19.94,2
8/12/2023,21:46:54,13580,715,4743976,Wikibox,83.48,27.31,28.016,80.23,635.11,10.58,0
10/8/2022,19:18:48,12197,537,3180084,Skyndu,140.94,12.8,26.152,90.59,590.62,14.39,2
8/18/2023,1:59:14,3044,1355,2680765,Jabbersphere,132.88,28.72,31.037,75.93,560.93,6.78,2
8/15/2023,1:33:27,4004,424,5871121,Roombo,109.43,17.29,26.803,61.12,613.42,1.46,1
10/6/2022,21:43:11,2459,374,2233537,Muxo,68.42,16.7,27.121,83.84,624.94,6.1,2
5/18/2023,18:50:46,14511,876,7707415,Eayo,129.16,20.2,29.092,77.45,668.69,19.16,1
8/31/2023,1:19:52,6330,34,6935663,Mycat,41.78,28.7,27.643,77.33,649.41,16.51,1
10/16/2022,23:51:32,11729,1051,7813475,Thoughtworks,50.77,17.99,32.598,71.09,663.27,19.44,0
3/31/2023,11:37:35,8919,966,5221940,Quatz,160.51,19.61,26.721,94.03,591.24,16.17,2
6/23/2023,20:51:41,12777,960,8611927,Jaxspan,56.87,10.19,26.708,83.88,673.9,17.12,2
3/8/2023,16:39:44,889,1017,4163524,Jabbercube,54.5,29.47,31.104,91.87,644.51,5.98,1
8/20/2023,7:54:19,1989,236,6882637,Oyope,68.0,31.32,32.737,81.75,640.23,12.26,1
6/7/2023,22:20:18,3078,1116,4513212,Jaxspan,57.72,13.54,27.239,75.48,625.03,2.62,0
12/25/2022,8:54:00,14197,715,3700478,Pixonyx,95.85,15.53,24.843,90.63,601.06,12.95,1
6/28/2023,3:57:35,10269,361,2948295,Jabbercube,131.69,31.16,28.646,84.87,602.91,14.36,2
11/4/2022,22:54:41,5487,1499,2653268,Edgewire,146.16,13.87,26.666,68.84,629.06,0.68,2
10/9/2022,17:36:08,10559,756,9588012,Twiyo,141.92,10.94,31.716,60.21,635.85,18.57,0
9/15/2023,7:41:45,6249,1498,8906500,Oyoloo,60.94,26.32,29.453,65.02,581.82,16.25,1
10/27/2022,10:57:37,5865,500,5325897,Fliptune,95.08,29.35,29.805,63.97,648.24,6.64,2
11/22/2022,2:15:23,9328,183,3963841,Meemm,85.9,20.84,30.004,67.81,657.79,11.07,0
8/31/2023,2:36:12,14683,994,5284766,Trunyx,50.99,20.64,26.611,73.02,676.05,5.91,2
11/17/2022,9:43:15,2921,1155,3570548,Voolia,161.33,29.68,26.73,77.97,580.79,13.66,0
2/16/2023,6:04:00,11263,1412,5221385,Kanoodle,89.68,12.05,28.528,68.22,638.2,7.7,0
12/1/2022,2:23:29,1638,939,6301089,Blognation,142.69,22.13,26.78,88.65,645.65,1.37,1
4/1/2023,8:08:31,8724,168,3836967,Digitube,71.91,10.68,27.091,87.26,636.31,4.9,2
6/14/2023,0:45:11,8223,1246,6285266,Thoughtbeat,120.91,27.53,25.933,79.55,573.28,3.86,1
11/9/2022,16:42:08,5715,1387,7064551,Bubblebox,134.39,18.25,28.091,89.73,576.08,2.51,0
11/24/2022,8:00:02,10654,359,7863347,Babbleset,52.08,27.87,28.95,92.8,575.75,1.11,0
2/5/2023,15:43:10,7012,1052,4144857,Pixonyx,123.23,14.23,26.205,90.84,561.48,1.52,2
3/6/2023,4:32:19,1147,1255,3374974,Mycat,133.62,11.19,30.292,64.34,575.07,11.69,2
11/1/2022,19:38:43,9070,819,7929660,Twitterbeat,87.57,24.79,26.467,82.11,629.88,5.47,2
6/7/2023,15:55:23,1602,364,3237949,Jabbersphere,77.32,18.57,30.724,72.71,654.75,9.18,0
4/12/2023,15:00:20,12319,246,7236153,Flashdog,66.61,25.86,30.691,71.51,624.43,12.5,0
3/27/2023,10:37:55,13416,517,2063763,Browsezoom,90.96,30.67,26.255,81.56,638.18,9.19,1
5/22/2023,20:48:54,5433,301,7578712,Skidoo,104.61,15.97,28.604,84.21,662.3,1.13,1
3/16/2023,5:34:50,12020,1247,4724273,Fiveclub,53.55,23.66,25.898,88.22,579.84,0.04,2
1/12/2023,2:07:01,10595,790,7951134,Agivu,44.12,30.98,30.399,86.76,622.69,17.29,1
2/23/2023,14:50:53,12423,337,8743770,Voomm,132.29,22.36,24.995,71.62,576.08,19.52,2
7/2/2023,5:02:42,4077,1106,8054800,Lajo,104.58,24.5,32.636,75.59,636.5,18.8,0
6/19/2023,18:25:50,13337,1277,5636402,Gigaclub,62.37,11.56,26.66,78.58,675.6,9.55,1
7/4/2023,8:24:50,8809,1426,4132154,Browsebug,81.47,27.27,29.625,77.95,578.47,10.12,0
6/27/2023,5:36:58,6337,480,7330664,Devbug,96.71,21.58,32.106,76.48,565.83,5.65,2
1/4/2023,14:26:37,4719,512,2764768,Jazzy,159.93,27.42,25.191,87.74,639.77,14.42,0
7/17/2023,12:38:06,5281,1380,9023994,Fiveclub,44.39,14.96,25.515,93.47,643.21,7.2,0
11/7/2022,10:14:22,3781,1300,8759042,Chatterbridge,172.06,17.95,32.981,94.28,635.53,13.12,2
9/28/2023,14:08:04,9468,431,2220803,Livetube,70.95,27.49,32.724,62.45,564.74,9.39,0
1/7/2023,0:59:24,14563,110,2066017,Chatterpoint,113.29,26.1,31.676,61.87,633.45,17.14,1
7/17/2023,8:54:43,10664,398,3884089,Thoughtstorm,72.98,14.13,30.376,92.18,663.84,15.42,2
6/5/2023,17:59:30,14217,393,6251056,Vinder,108.46,22.94,31.075,84.58,620.59,16.82,0
1/28/2023,13:20:01,5695,859,9430062,Meetz,162.99,19.1,30.788,77.51,682.27,2.6,2
10/17/2022,22:30:05,4813,459,6394956,Yodo,134.89,19.0,25.491,85.86,630.66,0.41,1
3/2/2023,11:25:51,11838,1239,5974738,Yacero,84.0,22.47,30.971,80.82,633.81,17.73,0
12/19/2022,11:10:36,10261,1219,2665878,Vinder,146.57,33.67,26.196,75.54,573.0,3.52,2
11/25/2022,23:51:55,11995,30,7871170,Centimia,99.41,33.56,32.989,74.34,566.94,9.19,0
10/15/2022,3:45:01,9507,706,8827844,Avaveo,88.3,24.62,30.668,83.94,670.44,7.67,2
2/2/2023,11:41:50,3585,758,6856999,Rhycero,114.14,32.82,24.63,67.73,652.19,17.8,0
9/17/2023,21:01:34,2909,490,5552662,Devcast,142.49,17.83,26.87,61.5,558.84,13.85,2
4/12/2023,1:10:11,6351,696,5053230,Edgeblab,118.31,29.95,26.565,73.94,570.33,3.2,1
1/8/2023,9:14:31,14540,131,2990961,Npath,140.79,26.67,25.264,67.98,659.64,15.98,2
5/12/2023,2:08:44,9313,588,9934049,Gabcube,138.15,32.86,32.87,90.21,561.19,1.1,1
8/30/2023,12:07:47,11642,238,5227844,Flashspan,158.15,18.02,30.283,94.35,682.43,6.81,1
12/16/2022,15:42:31,4101,322,5286374,Youopia,84.66,32.99,32.678,68.57,664.77,18.13,0
3/4/2023,20:21:14,13352,1391,4536104,Eamia,85.86,30.68,30.715,69.04,574.54,4.52,2
12/29/2022,16:07:17,12205,208,3900412,Linkbridge,163.75,23.17,26.308,65.57,569.19,9.26,0
3/23/2023,10:31:16,1003,1246,7892424,Trudeo,140.47,12.26,29.852,84.14,602.92,13.65,2
6/20/2023,22:17:19,1489,1487,4164177,Browsecat,56.95,9.86,27.197,63.62,572.46,12.2,2
7/20/2023,4:39:49,8271,631,8947575,Blogtag,107.56,26.59,28.886,79.96,674.93,9.47,1
7/15/2023,17:50:06,14237,321,5777416,Podcat,136.52,31.17,29.392,74.12,678.96,2.94,1
2/13/2023,5:22:11,8915,563,7888050,Wikivu,159.87,27.02,27.272,61.44,559.0,9.09,0
12/23/2022,17:41:01,13032,238,3191604,Jetpulse,106.06,22.59,32.253,72.99,579.17,10.26,2
4/6/2023,14:38:58,1234,107,2485179,Wikizz,76.69,32.04,30.969,63.56,603.02,11.75,2
11/19/2022,6:23:37,12821,1239,4511384,Quinu,46.37,31.94,29.203,87.43,593.93,16.55,2
3/3/2023,7:34:08,1007,578,6119537,Gabtune,149.65,13.0,31.029,60.42,573.17,19.95,0
4/10/2023,9:26:02,13550,850,8138844,Ntags,133.45,16.86,29.156,79.66,573.24,0.14,2
4/27/2023,19:57:25,12139,1020,3009846,BlogXS,53.32,15.03,25.127,93.79,631.49,0.43,0
9/8/2023,7:51:00,11136,1028,9985102,Lajo,70.1,33.08,31.167,76.27,590.65,4.42,2
10/18/2022,15:14:58,6650,382,2982023,Edgeify,172.86,25.82,26.002,81.24,595.01,3.01,2
7/29/2023,5:50:19,4218,847,5707455,Meevee,41.5,26.77,30.166,65.74,636.87,2.82,0
12/4/2022,12:21:39,6490,568,4007004,Linkbuzz,167.91,31.06,30.712,85.95,636.23,12.3,2
4/25/2023,16:38:25,14216,1319,5612895,Aivee,112.94,27.75,27.38,90.07,655.6,3.1,1
1/18/2023,16:55:36,8039,1158,2106171,Centizu,70.06,12.07,27.422,61.88,673.17,15.93,2
10/17/2022,1:05:09,7603,1378,9834648,Bubblemix,128.04,28.69,28.902,88.14,640.36,12.86,0
3/9/2023,15:50:50,871,1350,7154741,Edgeclub,125.03,31.93,26.786,65.08,585.8,16.85,0
3/5/2023,19:55:15,849,1067,6056129,Gabtune,158.62,27.26,25.365,88.69,636.52,13.16,0
9/30/2022,17:06:38,14343,450,9056073,Oyonder,53.1,22.5,26.192,65.15,580.01,3.25,0
8/21/2023,23:54:32,726,336,9563807,Twitterbridge,134.33,9.15,31.789,69.4,616.17,8.84,0
2/16/2023,2:36:37,11743,875,6865308,Katz,101.03,11.06,30.596,72.51,577.15,0.44,1
4/22/2023,21:17:06,1004,962,3985533,Jamia,72.42,14.77,30.778,67.7,626.62,10.65,0
7/13/2023,22:54:51,6801,463,7211201,Livefish,148.11,30.88,30.812,60.08,557.4,5.72,0
5/12/2023,16:48:28,8197,704,2928222,Eadel,139.2,18.11,29.711,64.57,612.54,14.85,2
11/7/2022,15:18:25,8880,531,8135082,Meedoo,143.35,26.93,27.1,73.83,569.54,14.28,2
10/14/2022,0:47:25,10832,257,9680822,Rhycero,162.2,15.18,25.159,82.47,663.28,10.98,0
5/7/2023,9:49:53,11213,1070,4626773,Topdrive,118.48,33.04,29.03,64.64,570.04,16.49,2
8/13/2023,1:50:50,6731,872,3060686,Plajo,127.42,19.81,31.92,64.53,608.72,1.94,1
3/14/2023,16:19:48,5025,1144,3191409,Livetube,112.52,11.53,32.883,76.32,606.48,0.33,1
8/17/2023,22:45:54,7518,1102,8967139,Skalith,48.42,27.87,27.822,64.62,601.27,15.0,1
1/16/2023,11:32:53,13353,137,6200905,Trupe,58.82,34.1,25.439,62.85,583.38,0.8,2
6/13/2023,20:44:22,10150,1113,7851747,Wikizz,60.39,12.86,25.534,92.92,616.85,0.46,0
11/2/2022,11:41:38,11809,320,4823298,Katz,125.24,31.98,30.757,73.71,558.93,8.23,1
3/7/2023,12:15:41,11485,1354,2364202,Eare,83.41,27.86,31.604,93.07,565.56,8.65,1
1/31/2023,16:51:49,6308,1155,8540005,Livefish,104.3,14.23,26.049,86.23,668.33,0.37,2
1/2/2023,21:58:28,9667,1053,5538096,Eayo,136.87,22.75,25.257,87.28,629.17,1.23,2
11/9/2022,23:08:37,3884,637,3443999,Twinder,127.33,12.06,28.895,67.97,600.99,16.3,2
7/24/2023,0:15:51,12469,739,3372620,Babbleblab,82.79,31.42,30.079,61.62,616.25,0.71,2
7/14/2023,21:03:53,14530,818,7414967,Demizz,136.32,22.89,32.672,77.32,570.48,1.83,2
4/27/2023,12:54:59,933,528,7962517,Yodoo,73.64,14.51,30.058,75.15,671.81,2.76,2
12/29/2022,2:54:52,7906,1132,8389478,Talane,63.61,25.94,24.86,60.91,644.95,15.86,0
5/13/2023,3:26:24,9253,997,7074816,Zooxo,86.0,16.12,25.282,65.54,668.08,11.72,1
4/12/2023,5:54:15,5620,1430,8843333,InnoZ,170.17,26.31,25.254,79.46,626.59,6.38,0
4/17/2023,16:15:31,3398,1240,5232847,Meejo,85.35,30.35,28.667,78.02,639.11,2.41,1
10/13/2022,19:08:21,3080,215,7337256,Devbug,87.37,21.04,29.447,86.65,568.52,8.11,2
5/21/2023,6:06:58,11556,1113,8908498,Jabberstorm,172.38,12.21,27.763,94.11,658.72,12.41,1
10/4/2022,20:40:53,11480,1142,5377148,Brainbox,108.84,23.68,28.788,79.82,619.77,3.13,0
2/6/2023,17:39:55,7067,832,2846643,Jaxbean,69.99,18.75,25.614,63.92,567.53,7.04,0
7/5/2023,21:52:03,9286,1319,9916210,Kayveo,162.61,12.03,24.524,65.22,583.72,11.34,1
1/21/2023,15:39:36,8995,1278,9328297,Skippad,102.18,13.82,25.726,89.01,645.8,12.46,1
3/15/2023,12:08:40,1352,189,9216184,Kare,126.79,27.85,29.012,60.16,649.16,10.01,1
10/26/2022,8:00:35,11621,916,2809772,Myworks,82.05,17.07,26.13,63.54,610.69,4.57,0
2/14/2023,8:55:08,6436,609,6291312,Jabbercube,75.63,23.38,25.573,70.0,564.37,18.01,1
9/25/2023,14:36:28,9865,459,7078730,Livetube,97.24,10.86,30.077,68.19,634.93,1.55,1
8/8/2023,6:26:30,7156,329,6356178,Photobean,169.46,32.7,30.147,80.52,616.96,19.43,2
8/31/2023,18:58:55,1872,1391,7797938,Wikizz,122.88,9.16,30.18,74.6,638.79,8.58,1
10/29/2022,5:27:28,11930,1368,6475934,Voomm,129.61,10.86,32.465,88.96,650.59,1.24,2
1/22/2023,12:27:00,4363,545,9694732,Innojam,121.69,31.93,30.985,82.66,596.9,8.16,1
12/31/2022,17:04:25,5416,1179,7867896,Topicware,56.13,21.28,29.052,65.99,602.42,11.24,2
6/3/2023,6:11:01,12756,1295,4552203,Jabbersphere,119.43,9.72,28.929,73.2,558.64,0.63,0
5/29/2023,7:10:00,9222,953,2405069,Skyvu,158.5,17.43,26.399,62.1,632.34,13.12,1
5/19/2023,13:40:57,13661,50,6454875,Devshare,136.23,30.47,31.224,64.86,653.41,5.87,0
12/8/2022,20:47:55,8925,227,7748626,Photofeed,171.06,19.55,32.193,68.17,626.45,16.36,2
12/14/2022,0:25:18,5204,310,2543649,Yodoo,41.54,30.43,32.44,76.46,662.21,8.32,1
12/28/2022,14:56:03,5356,110,9578287,Dynabox,114.23,28.85,27.719,71.32,654.08,14.26,0
3/27/2023,16:24:49,14231,426,8976559,Browsezoom,122.04,17.0,25.752,64.93,647.15,3.57,1
6/10/2023,3:57:27,9279,1071,3530060,Gigabox,66.93,19.48,29.812,70.87,638.97,12.59,2
8/28/2023,3:12:13,3241,1063,2244754,Gigaclub,78.18,20.42,24.712,88.31,569.01,3.95,0
9/4/2023,11:11:30,5602,1345,3881032,Oba,86.85,33.46,27.03,69.87,596.89,16.2,2
2/1/2023,6:34:35,12018,1117,8835697,Realblab,164.78,15.54,29.291,87.37,637.72,15.41,0
4/17/2023,16:06:31,10241,1215,3669687,Fivespan,115.48,14.47,26.161,78.44,680.58,4.35,2
11/11/2022,6:06:36,5537,1387,8915120,Riffwire,80.48,34.03,25.798,63.09,683.04,9.38,0
7/9/2023,2:37:59,3386,1410,5760628,Gabtype,129.47,25.07,25.736,65.0,623.44,12.19,2
2/5/2023,20:01:35,10139,717,6712832,Edgeclub,96.83,31.54,30.72,68.08,556.64,14.21,2
9/10/2023,21:51:58,11459,1362,4745827,Brainverse,49.22,9.27,31.44,79.53,651.26,19.4,0
11/4/2022,21:06:15,760,478,9459381,Zoomzone,93.04,30.54,24.805,90.02,581.47,16.71,2
9/15/2023,11:00:30,2505,23,7206710,Kazu,47.88,22.14,31.265,64.4,681.42,12.78,2
4/21/2023,22:34:33,11652,860,3246904,Tanoodle,111.11,31.63,28.215,85.53,558.69,10.83,1
3/5/2023,2:58:07,14747,1408,3172812,Reallinks,41.8,25.38,25.48,63.76,629.06,9.75,0
9/12/2023,6:36:00,5044,902,3207245,Zoovu,89.99,31.99,24.728,76.11,647.79,7.31,2
5/9/2023,14:56:04,7614,155,4878707,Oyope,145.07,31.75,24.572,80.64,564.08,2.35,0
2/13/2023,3:43:35,5129,997,2883485,Vinder,104.14,34.99,32.978,64.83,595.4,15.9,0
6/10/2023,7:38:00,13109,1443,3385196,Fadeo,151.38,25.66,30.196,71.36,562.61,18.87,2
11/3/2022,7:34:41,14594,1457,2032410,Quimba,128.51,12.28,29.439,64.06,646.52,13.51,1
10/19/2022,22:18:56,4666,356,9763515,Zooveo,82.31,25.27,28.223,93.95,619.39,0.93,1
1/27/2023,14:35:10,13849,625,9806099,Nlounge,83.09,34.17,27.244,68.81,583.81,15.56,1
1/11/2023,4:49:56,8798,859,9228887,Feedbug,94.82,26.87,25.085,67.38,609.97,19.13,1
4/2/2023,19:11:54,8598,546,5812136,Yombu,47.78,9.96,29.796,86.85,567.42,6.07,0
4/13/2023,2:04:11,13677,1222,4547872,Reallinks,71.06,15.23,28.217,90.86,645.67,9.98,0
2/7/2023,12:36:35,9385,1097,7548049,Zoomzone,86.99,24.83,26.551,71.09,579.34,15.05,0
2/13/2023,10:22:31,8207,1451,7951922,Oyope,48.1,19.77,31.9,85.7,559.46,12.75,1
11/27/2022,10:14:10,10400,446,7535726,Oyoloo,172.92,17.85,27.089,77.08,629.76,16.3,1
4/16/2023,2:12:27,14186,1138,4279106,Twitterworks,100.81,15.41,26.587,88.52,580.65,1.4,2
8/13/2023,4:36:49,8389,705,6292106,Yodo,92.83,30.12,27.634,86.84,621.2,6.37,2
3/19/2023,12:48:43,4402,731,8984643,Plajo,109.52,27.27,26.129,87.97,664.27,13.69,0
7/13/2023,5:35:25,9171,1166,5736750,Devbug,159.95,20.61,25.183,86.27,674.92,8.53,2
6/8/2023,12:37:42,13944,336,9512163,Twitternation,137.67,22.66,24.674,81.95,683.92,18.25,0
6/6/2023,13:46:09,14300,1423,4209660,Wordpedia,166.28,26.17,25.444,94.94,618.44,19.4,1
6/21/2023,3:27:44,4623,625,4069620,Skiptube,101.65,23.19,30.548,63.76,560.91,3.52,0
12/31/2022,6:53:56,9544,639,9485958,Oba,133.66,24.64,28.381,65.5,594.32,13.61,0
5/25/2023,9:15:53,11919,1271,6079562,Trilia,74.51,23.3,31.917,92.6,566.56,8.08,2
4/16/2023,8:17:41,7057,42,3153049,Yakijo,70.37,14.7,31.351,63.02,579.35,8.98,0
1/30/2023,15:45:26,4783,924,9505660,Thoughtworks,167.89,18.2,30.53,83.03,585.83,17.65,2
1/19/2023,7:06:01,10413,1273,9415122,Edgewire,97.51,9.43,27.126,87.72,572.61,19.53,2
9/6/2023,5:22:18,5371,514,7767577,Jaxnation,171.66,9.71,29.037,90.06,650.42,3.61,0
11/1/2022,20:02:14,7198,1362,2420292,Voolith,87.47,13.01,29.078,76.9,680.16,18.34,0
3/11/2023,3:27:57,14186,1453,5544637,Jabberbean,163.73,9.5,31.517,87.19,636.15,6.12,2
8/4/2023,18:25:32,5221,791,3675072,Twinder,99.4,11.4,30.966,82.35,573.78,14.04,1
8/13/2023,6:25:23,5441,149,4135430,Photobean,82.52,25.74,28.419,62.02,634.28,15.83,0
9/30/2022,19:54:34,1462,1460,5905073,Feedbug,65.23,21.72,29.783,89.73,627.09,12.37,0
3/31/2023,13:43:17,4240,1334,4448275,Yotz,109.18,13.91,30.66,76.47,681.94,1.52,1
9/11/2023,11:27:26,3753,759,7242678,Trudoo,134.82,18.44,24.584,87.08,663.31,13.36,0
6/20/2023,17:06:39,7552,288,4093799,Leenti,109.29,12.39,30.24,81.4,612.97,6.24,1
9/2/2023,22:22:39,8166,629,9881894,Devify,107.44,26.77,28.419,80.86,566.61,11.04,2
7/1/2023,3:42:18,1664,1331,5374692,Rhycero,134.15,9.05,28.689,65.55,564.71,2.49,1
1/27/2023,14:31:21,1170,1400,5327201,Oyoloo,51.5,30.42,31.255,87.33,629.43,3.52,0
7/14/2023,9:09:05,3036,57,2857038,Yacero,106.1,15.69,28.68,71.22,555.03,15.0,1
10/23/2022,4:27:36,3589,984,7023455,Twitterbeat,65.74,30.47,28.487,79.71,564.2,5.84,0
12/23/2022,6:31:30,4536,188,5413657,Muxo,139.45,12.84,26.214,65.13,571.78,18.04,1
5/19/2023,8:33:35,746,1052,8593950,Oyope,143.37,24.4,28.999,63.82,561.26,13.71,2
8/27/2023,22:48:27,774,622,5185889,Plambee,81.31,24.41,26.686,90.65,649.95,17.15,2
8/23/2023,15:53:16,9986,173,2845769,Mita,51.14,32.95,29.764,67.69,620.57,3.37,2
4/10/2023,13:52:59,10418,382,8923335,Mycat,56.77,26.19,31.416,89.68,573.94,14.81,2
1/18/2023,4:30:09,14556,578,3097125,Wikivu,47.03,10.28,26.623,70.91,602.69,10.67,2
12/1/2022,13:51:32,12896,1180,7278774,Fivebridge,91.24,33.95,29.244,82.87,600.23,8.95,0
4/5/2023,20:50:36,5688,123,9916373,Voonte,130.86,11.55,32.817,80.04,572.55,12.05,0
10/27/2022,16:40:46,6223,957,6639774,Izio,131.18,31.47,29.11,76.18,639.36,1.76,1
7/5/2023,11:19:39,7435,721,2745806,Meeveo,64.75,29.43,31.913,90.87,584.25,4.96,0
9/6/2023,3:32:44,12685,1050,7695063,Lajo,165.9,31.26,26.803,66.96,556.65,8.0,1
11/3/2022,2:34:19,1460,746,8628598,Voomm,119.09,15.48,28.403,70.84,623.27,13.79,2
12/29/2022,0:23:05,12815,954,4076140,Linkbridge,87.69,28.56,27.138,68.4,612.12,4.63,0
8/21/2023,7:46:05,14079,720,4923789,Meembee,103.38,17.87,25.191,73.52,610.5,4.25,2
6/28/2023,6:03:42,4071,1345,5104059,Oyonder,167.02,12.42,29.5,92.83,571.02,2.33,2
7/15/2023,18:09:22,13240,26,2665938,Flashspan,154.69,25.6,25.999,65.34,620.17,17.43,1
5/4/2023,5:11:08,6166,182,4379537,Yozio,132.32,12.18,27.657,60.34,623.76,16.66,1
9/6/2023,2:09:36,13734,1183,4748257,Feedbug,70.06,19.49,27.067,75.19,644.97,2.95,1
6/24/2023,9:14:16,10133,664,8893926,Zoomdog,129.71,12.23,26.898,67.57,570.51,8.7,0
10/16/2022,22:50:22,7705,1020,3029790,Jatri,109.26,22.64,29.216,83.45,618.08,8.68,1
6/20/2023,13:28:31,10841,938,2416085,Innojam,103.78,24.24,30.057,86.54,642.39,11.75,2
9/19/2023,12:54:27,1763,713,9728543,Zazio,48.87,24.36,30.967,91.48,665.25,10.64,1
4/3/2023,21:33:27,14399,741,2142724,Zoomcast,116.84,14.11,31.159,64.88,644.2,4.99,2
6/20/2023,0:40:53,9313,507,9030906,Ntags,134.16,16.09,32.634,67.02,590.47,8.21,1
10/18/2022,8:17:44,1059,803,4221993,BlogXS,145.41,13.35,30.415,66.08,654.72,9.61,2
5/23/2023,22:56:45,6379,858,8635383,Riffpath,116.26,34.44,27.338,69.4,645.5,16.51,0
7/3/2023,8:12:08,1805,681,9245273,Leenti,121.64,9.91,26.448,78.0,555.14,6.2,0
6/6/2023,11:03:29,6274,294,8774142,Tambee,172.82,10.78,30.965,84.83,561.97,19.26,0
12/23/2022,20:34:29,3332,1049,7261347,Topicshots,94.99,27.3,28.153,63.06,672.92,18.63,1
12/13/2022,11:06:22,1090,1103,6371437,Meemm,143.61,23.63,25.346,87.8,651.32,12.51,0
1/6/2023,14:47:30,14916,911,5173951,Realcube,146.39,10.83,24.801,92.05,610.99,4.41,2
4/4/2023,11:58:45,5838,415,2493047,Kaymbo,169.36,25.26,32.99,64.95,637.43,2.81,1
8/2/2023,3:08:28,8484,218,2220457,Demizz,82.46,20.92,31.986,88.32,561.31,10.46,2
5/29/2023,8:34:50,12139,644,7669206,Edgepulse,61.0,34.92,26.652,93.97,616.13,6.45,2
10/8/2022,14:18:39,7485,1314,7185746,Edgewire,90.04,24.37,27.607,63.67,590.54,7.72,2
6/4/2023,2:53:14,3105,719,6615991,Talane,124.91,16.72,32.467,84.03,602.8,0.35,2
3/11/2023,22:47:28,12865,1355,7690339,Devpulse,107.33,28.24,30.629,70.02,647.29,4.61,2
4/8/2023,0:24:44,5042,84,6687627,Brightbean,87.17,31.24,32.277,70.49,599.83,10.32,0
8/23/2023,14:10:29,9639,71,3547576,Eabox,143.63,25.83,32.607,77.07,642.45,5.62,2
11/6/2022,11:35:37,7922,901,2898136,Zava,148.27,15.21,28.964,66.43,555.75,15.74,1
10/31/2022,21:55:54,5392,88,2409863,Camido,157.1,30.47,30.067,63.09,582.48,2.11,1
8/8/2023,4:00:04,7800,1177,9294558,Mydeo,62.36,29.0,25.622,69.96,659.12,19.45,1
12/4/2022,5:10:34,11177,657,8166691,Talane,152.58,20.16,25.705,91.76,563.83,12.94,1
9/5/2023,15:26:36,14012,1232,9224328,Tambee,81.72,13.48,28.659,89.63,671.61,15.19,2
3/9/2023,14:51:35,6937,1037,8461647,Meevee,123.66,31.05,27.142,80.51,598.2,9.79,2
6/29/2023,6:12:57,11059,912,7769591,Pixoboo,164.97,22.64,27.854,92.62,566.79,6.18,0
4/3/2023,2:36:15,12062,167,5708314,Bluezoom,138.69,30.36,25.044,74.75,574.05,1.7,2
5/11/2023,19:32:08,1753,37,3942354,Edgepulse,110.42,25.9,30.039,86.5,643.48,8.99,1
6/4/2023,19:56:38,5037,148,2280590,Yabox,123.32,9.57,31.423,84.94,560.51,4.64,0
3/11/2023,6:22:10,8562,1412,3007133,Topicware,65.36,10.52,26.045,88.48,625.28,18.92,2
2/9/2023,16:26:15,12265,356,4183163,Gabvine,92.47,14.7,27.86,89.35,604.99,7.87,1
8/2/2023,21:45:54,3495,1156,9897236,DabZ,49.48,24.38,30.279,60.99,652.88,5.16,1
12/28/2022,9:20:26,3714,1111,3405707,Photojam,117.73,26.34,29.896,90.99,649.73,11.84,0
1/11/2023,17:38:08,1850,855,9497660,Brightdog,149.95,31.74,29.234,77.51,639.62,19.89,2
2/1/2023,6:40:32,14336,603,7764167,Zazio,94.89,19.94,31.783,75.13,559.4,16.71,0
9/25/2023,1:12:42,1852,988,2668796,Yodoo,135.6,26.99,30.141,83.23,572.03,3.7,0
7/5/2023,20:56:37,13630,570,4458720,Yata,90.43,28.17,26.101,72.02,664.53,18.17,1
8/27/2023,2:33:35,6305,681,5432202,Layo,100.09,25.79,27.443,90.07,646.88,9.79,1
1/24/2023,23:06:51,12985,1001,4670146,Kaymbo,128.57,22.85,27.011,75.13,632.51,8.55,1
8/5/2023,23:33:08,12705,158,5488917,Ooba,95.44,32.61,29.572,65.81,683.78,13.4,0
8/15/2023,21:12:39,10648,1375,3993398,Youspan,48.45,13.22,24.828,66.96,648.82,13.91,2
7/5/2023,2:16:31,3184,1365,2065338,Feedmix,82.32,17.35,28.581,82.58,602.5,6.34,0
8/17/2023,0:46:37,7176,92,5361630,Edgeify,146.45,9.4,27.928,69.04,579.83,3.35,1
6/18/2023,16:49:55,5898,784,5859917,Gabvine,156.74,28.44,31.049,90.9,558.02,4.34,1
1/6/2023,16:12:19,6782,824,4651836,Twitterbridge,151.48,12.09,25.583,86.82,616.41,6.28,1
2/18/2023,16:07:43,14486,1365,6138005,Cogibox,137.86,28.12,25.147,79.46,683.46,10.1,0
7/7/2023,1:07:49,13538,1472,5112694,Cogibox,144.27,13.81,27.422,74.63,670.43,3.06,1
9/16/2023,14:02:50,8694,465,6294216,Jabberbean,131.12,13.16,32.37,81.73,615.93,2.19,1
6/20/2023,6:38:18,3687,564,8830107,Shuffledrive,82.6,25.77,30.533,88.94,561.45,1.5,2
8/31/2023,22:24:21,1258,922,2456863,Ailane,165.85,25.24,32.028,72.57,659.52,2.35,0
10/26/2022,10:47:13,1171,931,8930742,Zoonoodle,95.65,19.75,32.692,91.57,587.01,16.93,1
4/19/2023,0:22:33,4072,449,7755331,Browsetype,164.42,13.57,24.815,87.65,624.2,18.03,2
4/16/2023,4:19:21,2868,1227,6546386,Pixonyx,165.98,15.93,25.106,89.13,642.99,10.34,0
10/4/2022,23:56:45,7930,1306,8599457,Fanoodle,68.99,17.63,30.801,84.15,645.07,16.93,2
10/9/2022,13:53:49,8664,1499,3611247,Dynabox,122.27,11.92,24.63,61.06,577.75,4.78,1
9/25/2023,6:21:27,7689,779,4875904,Aivee,130.77,29.51,25.822,76.46,590.82,8.16,1
8/30/2023,3:40:35,8046,97,2666237,Yambee,83.01,17.7,25.229,64.81,561.2,14.55,1
2/5/2023,10:47:11,5070,780,4029026,Devshare,74.52,19.56,32.909,81.44,629.83,1.33,1
10/2/2022,7:40:12,14290,1398,3752776,Kwimbee,170.2,20.04,26.105,81.36,578.0,2.96,0
4/22/2023,12:28:31,14364,784,7341320,Podcat,109.15,22.13,30.413,91.53,606.8,19.95,2
6/27/2023,14:28:49,10268,1088,7182979,Livetube,87.18,21.64,25.692,77.12,679.02,14.88,2
2/13/2023,10:54:05,14166,424,7976627,Fanoodle,110.96,20.45,30.906,70.3,678.6,9.1,1
7/18/2023,13:50:24,13559,621,6462105,Meejo,149.89,15.57,29.191,64.69,633.7,7.8,0
3/2/2023,14:42:11,12694,1487,6739873,Trilia,151.16,26.66,24.754,63.5,670.54,15.37,2
10/19/2022,4:41:45,8579,1009,6312767,Yodoo,146.59,9.78,32.981,73.21,673.93,1.28,0
9/29/2023,5:45:11,13920,1167,5048905,Browsetype,144.07,12.0,25.217,76.35,644.1,2.17,2
12/10/2022,14:21:55,6881,315,2933682,Lazzy,76.44,29.54,25.564,74.44,562.15,4.13,2
6/28/2023,16:49:29,1593,102,6578642,Oodoo,141.6,14.78,27.467,92.29,562.45,6.01,1
2/19/2023,14:32:02,13806,1064,4691468,Twimm,112.75,18.27,27.95,73.31,664.56,9.88,0
5/26/2023,21:25:17,6726,1411,2771280,Photospace,145.03,34.6,32.592,90.96,593.7,14.52,2
5/15/2023,13:46:30,7193,658,4957604,Topiczoom,135.1,30.55,31.868,68.49,658.66,11.25,0
12/6/2022,7:17:03,1198,357,5367489,Babbleset,64.49,29.43,25.912,71.58,660.37,16.57,0
9/18/2023,16:47:52,5689,470,8903154,Centidel,171.11,9.99,26.256,66.21,612.01,7.84,1
4/14/2023,5:41:46,5028,615,9754219,Gigashots,49.17,11.11,25.182,61.88,655.41,10.16,1
11/26/2022,10:36:50,9780,594,4349599,Skynoodle,96.6,13.99,32.076,92.45,579.33,12.56,2
12/19/2022,20:41:37,8745,369,7483620,Yodoo,111.65,22.27,32.744,72.33,582.07,0.22,2
12/15/2022,14:07:19,2156,1188,4021193,Feedmix,113.67,10.68,31.877,85.36,583.31,8.96,2
10/24/2022,17:22:04,4255,370,7061622,Demivee,84.53,30.75,29.218,89.11,675.72,12.91,2
2/19/2023,0:21:52,6674,1432,6065337,Thoughtstorm,159.1,23.69,26.895,72.82,584.19,0.9,1
10/23/2022,10:52:34,9709,246,7269048,Thoughtbeat,111.82,13.51,25.851,80.19,669.84,3.53,0
7/19/2023,21:38:11,2298,378,5270117,Jabbertype,57.75,12.41,26.674,78.9,585.79,8.42,2
8/18/2023,22:34:32,9439,1128,9387021,Buzzshare,66.39,24.28,26.369,81.16,563.22,2.05,2
3/8/2023,5:01:23,2738,32,6212401,Jetpulse,72.76,12.93,28.298,61.34,603.97,3.18,1
11/5/2022,13:21:13,5140,91,9043870,Jaxnation,96.26,19.21,27.664,85.66,666.01,1.25,1
4/2/2023,22:56:20,5585,1073,4318888,Dynabox,146.32,25.95,26.597,86.37,564.88,12.07,1
7/20/2023,8:24:38,4246,593,3608586,Agivu,41.65,15.99,26.516,84.98,652.32,7.44,1
8/5/2023,18:27:51,11432,297,2831742,Jaxnation,129.85,31.25,24.983,87.9,581.48,17.84,2
12/11/2022,3:02:01,2411,270,6080381,Yadel,136.93,34.31,31.687,84.5,679.65,1.21,0
12/14/2022,2:15:45,5904,347,2617953,Zazio,127.15,19.6,24.617,69.61,600.02,16.19,0
3/9/2023,23:05:48,5089,1433,4891769,Quatz,90.7,25.43,24.638,93.52,580.77,18.64,1
3/7/2023,14:12:46,13871,323,5711915,Pixonyx,125.86,34.86,28.799,93.93,560.39,3.66,1
12/1/2022,2:06:34,3510,606,7953995,Linkbuzz,127.02,29.4,32.449,61.94,607.59,10.4,1
9/11/2023,20:41:15,12721,1354,8440066,Innojam,122.18,10.48,32.985,87.92,590.81,0.29,0
11/10/2022,20:20:17,13404,1271,6580699,Voomm,107.33,30.0,31.821,87.16,566.36,2.81,1
10/31/2022,11:45:44,7955,672,9407468,Thoughtsphere,125.33,32.76,31.31,88.04,682.9,19.18,2
1/10/2023,15:47:25,1407,828,5340393,Avaveo,165.76,9.79,24.583,84.58,578.74,6.0,0
5/12/2023,16:43:55,10679,209,5031016,Flipopia,90.69,19.83,29.89,86.17,594.15,7.59,0
8/20/2023,15:53:48,6292,658,2440406,Divavu,125.22,26.79,30.923,89.27,602.36,14.85,2
8/10/2023,19:12:58,9875,668,3684554,Feedfire,168.31,16.72,32.69,88.79,609.14,3.46,1
9/21/2023,16:14:44,4994,964,7364482,Leexo,161.6,23.02,30.342,73.8,664.8,3.37,1
12/4/2022,6:01:03,9612,400,7753443,Gabtype,95.51,13.93,29.549,93.96,653.18,0.63,1
10/15/2022,21:47:30,12617,745,4394368,Edgewire,75.35,24.2,25.524,66.65,645.06,14.76,1
6/3/2023,10:21:14,10372,834,3388295,Oloo,122.54,31.46,28.757,60.67,555.94,0.29,0
6/20/2023,19:24:28,4447,202,3742447,Quaxo,64.35,15.27,26.361,86.35,583.98,17.15,1
3/6/2023,11:43:50,1144,1377,2619950,Thoughtblab,112.55,22.35,28.305,66.41,629.79,16.11,0
7/11/2023,16:01:53,14346,572,9501205,Photobug,42.67,25.19,32.517,88.53,677.85,18.18,0
7/11/2023,7:07:43,11936,313,8073352,Katz,97.12,34.35,28.951,85.26,632.6,6.05,2
11/11/2022,5:05:01,2665,445,3468176,Zava,98.72,19.3,30.592,60.02,628.25,6.13,0
3/7/2023,19:30:42,14450,855,2645017,Vinder,72.82,17.12,28.796,91.35,652.49,10.4,1
6/29/2023,18:35:46,2672,1351,3433318,Jayo,48.77,17.95,28.892,63.46,568.65,0.69,2
3/1/2023,3:03:16,10629,822,6295788,Fanoodle,132.54,15.34,32.486,68.93,626.84,3.67,1
3/31/2023,23:31:26,12379,1400,4503985,Rhycero,124.71,16.8,31.36,79.48,618.21,18.25,2
12/17/2022,21:13:35,8900,959,3102335,Tazz,68.19,33.68,28.713,66.44,558.97,4.19,2
9/21/2023,21:25:51,12526,519,4276723,Voonte,149.76,13.17,28.225,73.74,582.63,5.65,2
5/24/2023,3:24:37,4104,954,2160195,Gabcube,90.17,13.46,29.697,82.61,626.46,11.37,2
10/27/2022,6:12:32,8372,505,6518738,Flashspan,60.12,33.24,25.359,79.45,678.31,10.72,0
3/11/2023,21:57:52,7810,800,9416566,Browsetype,160.0,10.75,30.171,73.0,670.57,8.72,0
6/12/2023,11:39:41,9716,431,4201995,Thoughtblab,92.79,28.16,28.615,79.09,664.91,16.9,0
1/8/2023,13:09:16,14187,490,4487590,Yacero,157.9,16.4,32.494,76.25,580.42,6.24,0
8/8/2023,17:37:29,5334,290,3235809,Fatz,95.74,15.02,27.271,72.96,622.85,5.84,1
8/12/2023,8:01:10,2612,345,3301221,Jabberbean,85.54,11.25,31.254,68.07,561.7,18.19,1
11/25/2022,18:23:14,8994,1328,5082022,Dazzlesphere,137.84,20.51,24.632,67.59,659.54,5.75,1
10/13/2022,11:05:29,7608,373,3714822,Flashpoint,169.05,19.4,30.7,89.19,678.68,9.39,1
5/15/2023,20:42:21,6669,926,4964878,Quimm,50.08,15.71,25.129,85.37,597.8,11.62,1
11/27/2022,21:40:44,8564,1075,6644901,Realcube,113.63,12.71,29.301,93.6,607.34,2.78,2
7/24/2023,9:18:24,13541,1212,2295443,JumpXS,112.51,34.75,32.46,71.42,678.25,4.03,0
2/13/2023,6:21:16,9431,122,6182729,BlogXS,138.0,10.85,31.198,81.81,656.45,19.48,1
11/7/2022,7:02:48,4980,116,6131952,Eazzy,42.96,34.11,28.98,61.92,572.28,7.74,2
8/1/2023,10:11:28,7109,1196,6339207,Youfeed,165.04,23.32,27.86,89.03,562.55,19.43,1
1/13/2023,12:29:49,1102,1287,2860215,Meevee,132.11,20.76,29.559,94.52,596.49,14.3,2
4/29/2023,5:49:00,14914,317,9743813,Agimba,60.51,19.88,31.127,94.91,570.56,9.42,1
7/13/2023,16:58:35,946,181,5810573,Gabtype,44.74,10.42,29.835,63.28,631.1,2.51,1
9/2/2023,1:18:10,1074,1473,9067189,Thoughtmix,46.09,14.2,29.499,71.64,560.9,16.62,1
1/6/2023,9:27:53,12098,301,9251067,Gabspot,103.97,22.28,29.494,74.33,662.99,1.81,0
8/8/2023,4:19:27,10665,942,2571979,Fliptune,42.43,26.81,32.553,77.65,587.72,8.87,0
10/7/2022,0:07:07,3279,1455,6115912,Blogspan,149.62,22.9,30.196,86.97,608.15,16.5,2
4/17/2023,1:08:43,12397,1417,4770597,Skivee,129.31,22.99,32.233,70.08,592.72,2.96,0
6/10/2023,11:46:42,3784,491,3593548,Voolia,48.44,13.51,30.677,62.75,570.25,16.38,1
5/9/2023,6:42:44,7296,907,9608133,Tagpad,109.86,23.78,32.831,82.89,654.15,2.92,1
5/17/2023,10:41:06,3700,694,9914203,Feedfire,99.23,22.98,27.05,93.04,586.32,9.19,2
7/4/2023,8:13:23,4928,355,6500427,Innojam,68.13,27.35,26.163,94.94,617.96,11.53,0
2/2/2023,7:48:36,3845,498,3053942,Oyope,64.8,20.7,25.678,80.45,638.85,7.12,1
3/7/2023,21:56:09,7188,122,4515221,Brainbox,122.32,22.94,25.056,70.44,630.95,17.79,2
4/10/2023,21:20:03,3709,954,5044989,Bubbletube,61.85,13.7,25.877,67.77,619.86,19.31,2
8/6/2023,23:27:53,11701,1160,8233304,Brainlounge,90.31,29.05,26.802,84.78,679.45,16.85,2
11/3/2022,20:09:21,1668,148,2271058,Flipopia,62.07,11.87,30.882,89.35,601.53,5.67,2
9/19/2023,7:59:52,14814,1209,8614796,Topicstorm,42.44,25.92,26.454,66.89,560.17,8.21,2
12/11/2022,1:44:44,12679,1137,7219417,Trudoo,71.18,13.98,26.789,72.89,624.71,11.15,2
5/14/2023,21:46:42,8348,183,6378019,BlogXS,115.69,34.41,28.154,68.86,595.59,2.81,1
10/3/2022,0:32:01,934,177,4374787,Youbridge,125.28,27.56,27.13,92.34,659.07,3.36,0
9/30/2022,1:02:25,10036,397,6886933,Rhyloo,149.96,30.78,30.859,62.59,572.94,3.94,0
8/24/2023,20:42:30,8155,1117,2074855,Zoonoodle,41.91,18.03,27.352,94.1,661.85,16.86,1
6/19/2023,15:22:52,9606,201,5822812,Yata,140.99,28.84,32.182,79.86,572.66,15.74,1
9/24/2023,9:51:12,10247,892,4430734,Miboo,161.32,11.93,27.055,82.24,606.08,17.76,2
1/18/2023,6:49:03,4428,1449,7725432,Zazio,56.75,30.05,31.687,60.89,638.45,6.68,2
7/19/2023,2:07:12,12941,963,3938903,Meevee,166.54,9.7,28.171,75.14,569.58,0.7,2
10/14/2022,6:13:34,14660,1429,5485501,Kwideo,158.33,32.99,28.074,66.12,583.79,8.91,2
12/21/2022,21:42:32,9266,358,7141357,Skilith,110.12,12.61,25.194,67.74,566.57,19.06,2
5/31/2023,2:27:05,1816,67,7737132,Skilith,97.47,13.77,30.555,85.07,570.01,4.27,2
10/29/2022,6:35:09,4874,499,7329563,Flashset,112.57,33.12,29.265,80.87,651.59,6.4,2
3/31/2023,14:44:06,3697,382,3998076,Photolist,55.13,27.42,28.91,62.35,658.07,3.0,2
4/7/2023,23:17:10,13882,1292,7539223,Eabox,47.64,10.09,25.328,79.61,606.93,2.86,2
2/28/2023,1:25:36,5682,840,7964482,Jabbersphere,138.06,26.64,25.215,78.63,657.13,19.12,1
10/30/2022,9:27:32,1846,435,8302626,Topiclounge,130.38,25.8,26.259,63.19,627.48,0.23,0
7/28/2023,14:33:00,3955,124,8100679,Cogibox,86.69,18.09,29.668,74.41,611.39,5.07,1
8/26/2023,15:28:27,13239,1165,8603667,Wordpedia,137.63,9.76,25.531,82.86,608.46,17.85,2
7/18/2023,23:39:41,11440,343,4557751,Babbleset,72.59,15.02,27.75,80.44,563.0,17.54,0
4/24/2023,6:15:54,1504,1092,9757428,Shufflebeat,139.96,32.97,28.804,73.01,680.52,10.13,0
6/17/2023,20:42:42,2276,376,5497481,Leenti,114.93,29.2,29.913,66.02,565.72,14.03,2
12/8/2022,6:43:53,11162,24,9945427,Youspan,79.27,30.31,26.384,83.96,629.42,2.56,1
3/14/2023,20:18:14,14295,1395,7983389,Dablist,99.59,13.48,24.501,91.64,654.01,11.79,1
8/29/2023,21:28:45,3996,208,8209657,Twitterworks,41.4,26.04,27.17,61.43,672.86,6.7,1
6/23/2023,4:06:01,14813,1185,2164225,Zoozzy,93.99,28.18,31.072,89.14,592.84,16.69,1
2/13/2023,5:32:55,12727,1028,6666056,Mita,57.4,16.12,31.286,88.33,678.33,11.6,0
4/7/2023,18:03:27,1394,829,6382851,Jetwire,139.14,28.39,32.028,61.84,673.06,2.72,0
9/4/2023,18:50:25,10351,1433,8792793,Livepath,140.52,27.87,26.375,88.18,570.13,12.38,2
2/19/2023,16:54:34,14868,1081,2428757,Tagchat,157.1,10.09,29.999,71.38,648.79,3.93,1
6/5/2023,21:37:00,1907,1477,3785698,Zoomlounge,49.14,14.75,26.934,71.82,601.45,1.28,2
6/9/2023,22:14:00,6248,1193,3313734,Thoughtblab,161.56,32.53,31.281,92.63,595.3,9.35,2
3/2/2023,15:47:44,14099,546,5825332,Miboo,120.96,16.23,31.605,91.78,583.35,17.75,1
12/5/2022,2:04:19,4709,1387,5924960,Browsezoom,84.03,14.11,32.166,75.01,584.74,10.57,2
9/27/2023,12:37:13,5493,450,9585929,Ntag,139.84,26.63,30.746,77.58,680.41,12.62,2
6/19/2023,15:05:28,4419,565,8405609,Vinte,153.06,34.57,27.854,83.89,669.97,9.89,1
7/13/2023,20:23:02,11900,844,3592015,Mynte,125.83,25.66,24.8,74.95,617.49,8.16,2
12/21/2022,5:22:56,4408,1316,2295616,Twitterlist,52.07,27.95,27.095,70.78,632.83,17.86,0
9/2/2023,2:45:10,6570,1028,6618670,Skipstorm,58.59,18.77,31.974,65.74,668.74,1.52,2
12/4/2022,22:34:33,12097,106,8286233,Meeveo,117.5,9.94,31.38,84.39,600.01,8.85,2
2/16/2023,9:18:50,2122,555,7891243,Voolith,132.49,15.47,29.3,84.47,632.19,3.85,0
3/19/2023,23:23:31,12420,1460,7849346,Skivee,75.09,12.9,28.802,64.72,594.45,10.01,1
12/4/2022,8:31:07,14649,222,7498710,Divavu,109.36,15.17,24.777,80.82,642.95,18.64,1
11/5/2022,5:46:42,4999,533,2359507,Devpoint,92.94,32.09,25.738,94.51,636.96,9.74,1
2/15/2023,6:03:00,7952,369,4542656,Livetube,99.26,12.32,31.169,74.7,668.77,19.2,0
1/12/2023,22:29:32,9815,1422,7868022,Kwilith,87.13,24.43,28.176,73.48,657.42,18.88,2
12/21/2022,4:35:42,14165,596,3667202,Skilith,140.99,23.09,28.141,65.46,635.7,7.65,0
4/22/2023,2:52:51,7575,24,9333661,Twitterworks,163.62,28.15,32.701,77.86,660.96,3.49,2
7/9/2023,18:37:08,3775,358,4949053,Gigabox,50.65,15.98,27.701,89.7,672.73,16.6,1
5/1/2023,2:11:20,10342,1295,2450572,Photobug,124.7,20.32,28.165,93.06,661.88,11.6,2
2/11/2023,3:48:08,6969,924,5170968,Kamba,52.35,14.32,30.715,93.19,621.04,4.23,2
5/27/2023,23:28:23,11440,1499,9378534,Aimbu,63.51,14.77,26.342,72.69,593.81,16.12,0
2/28/2023,21:31:32,2185,196,3748043,Meedoo,149.06,33.79,28.148,88.51,588.77,17.11,0
3/21/2023,11:40:55,5759,645,3128583,Tambee,59.53,21.03,24.899,89.29,656.76,8.15,0
8/16/2023,11:23:25,13167,552,7871863,Photobug,73.23,29.32,32.78,92.37,670.98,0.22,2
12/14/2022,17:46:07,11857,491,8175995,Oozz,94.23,24.61,28.269,87.78,636.41,12.92,2
1/23/2023,6:51:32,2868,1261,9888572,Gabvine,138.25,12.31,26.43,78.87,609.03,18.24,2
9/25/2023,16:06:36,14433,1025,4202833,Youopia,124.78,26.15,26.158,93.3,596.86,2.06,0
7/27/2023,13:16:53,6787,24,9574181,Realcube,164.73,25.08,31.597,72.71,614.59,17.16,1
4/16/2023,18:14:45,11712,117,3612345,Devpulse,103.27,30.26,31.69,70.41,628.94,3.25,2
2/26/2023,7:49:05,1529,1378,3225866,Dablist,96.08,19.28,25.93,91.16,671.1,11.36,0
1/14/2023,8:50:41,7025,1276,8612003,Izio,81.29,9.71,29.415,79.4,665.88,14.22,0
5/20/2023,18:00:18,10978,760,7488252,Realblab,57.93,13.15,32.278,63.65,638.23,11.14,2
6/30/2023,21:07:35,10266,1180,3640857,Zava,130.36,27.9,27.388,71.47,591.64,3.19,2
7/15/2023,23:01:27,3561,1334,4903235,Flashset,40.8,12.76,28.393,68.71,555.6,4.67,1
8/19/2023,15:22:23,5099,933,7022714,Blognation,118.31,17.6,31.478,81.15,566.38,18.21,0
6/8/2023,2:06:01,2832,302,9880184,Zoomzone,104.41,21.91,25.786,84.99,622.96,13.94,1
2/9/2023,13:59:31,12325,512,6418734,Twinder,95.19,27.32,30.304,71.86,606.15,13.53,1
12/3/2022,11:15:30,9801,715,3039106,Feedspan,107.32,33.91,29.188,78.87,598.08,1.84,0
5/26/2023,18:34:29,4371,1208,2555339,Izio,45.3,26.53,24.689,67.71,619.66,6.13,0
6/19/2023,21:03:57,12307,298,2434238,Photofeed,161.68,19.82,29.478,84.26,664.69,18.29,1
3/8/2023,4:30:09,13729,1482,7182641,Skinder,69.76,33.51,24.756,89.99,577.04,4.46,1
6/20/2023,1:12:44,2802,436,5013639,Ozu,107.87,26.36,32.244,92.26,629.81,9.55,2
9/23/2023,16:43:29,10415,64,6063298,Mynte,104.1,33.5,31.582,66.46,563.1,5.29,2
11/18/2022,16:27:28,3577,1082,8699922,Tagtune,172.3,14.04,29.379,75.71,601.36,17.8,1
12/28/2022,10:30:07,14592,1228,3076336,Wikibox,112.14,31.16,31.646,90.99,630.23,9.09,0
9/17/2023,8:12:38,14168,1242,6114620,Flashset,147.98,24.76,27.951,91.78,561.76,9.7,1
1/22/2023,7:45:27,10445,790,8799434,Edgewire,79.65,24.58,26.84,65.93,668.03,10.22,1
8/10/2023,2:38:40,14355,646,5954757,Wikivu,95.45,17.97,32.205,66.09,616.19,4.72,2
6/24/2023,21:36:47,985,288,7145361,Gabspot,96.63,26.27,32.657,63.27,639.27,12.3,2
1/3/2023,6:50:01,7520,860,2786076,Skinte,120.16,15.75,26.256,94.41,677.15,4.35,0
1/22/2023,6:55:30,13045,217,3215288,Voolia,55.94,25.22,30.563,74.1,584.8,19.86,1
9/18/2023,20:41:27,2030,1157,6919640,Geba,120.18,19.56,29.688,77.2,571.96,17.0,0
10/13/2022,5:32:14,8457,123,6211094,Flashspan,96.76,16.73,30.602,61.31,679.33,9.21,0
11/26/2022,9:37:28,14905,869,5946788,Mymm,41.03,30.18,24.918,61.81,624.12,16.77,0
10/3/2022,18:38:10,10124,613,3615790,Nlounge,121.15,33.13,28.128,62.29,661.01,15.41,0
4/29/2023,17:54:55,6927,369,4878740,Jamia,168.85,12.49,26.195,84.21,620.25,16.97,0
4/20/2023,9:37:49,9680,37,6218124,Lazz,119.89,30.99,30.984,86.1,652.98,15.13,0
2/12/2023,6:20:09,12113,1465,8003490,Yakidoo,132.78,11.95,32.377,77.97,669.63,12.26,1
6/16/2023,8:22:36,5795,987,2594906,Bluezoom,86.83,14.93,30.668,62.13,588.14,3.67,2
12/31/2022,22:38:42,4510,477,4546018,Fatz,164.8,30.82,32.802,72.13,589.32,1.53,2
5/29/2023,21:11:06,10117,1051,3665345,Twimm,134.23,23.2,29.423,81.4,672.82,18.77,0
12/31/2022,3:04:53,3967,1210,9308410,Vinte,41.27,25.92,29.259,75.73,656.29,4.69,1
6/17/2023,4:08:26,5004,721,9627717,Yadel,108.6,24.11,27.316,80.76,561.85,8.74,1
4/15/2023,15:07:46,13278,880,5400503,Realcube,152.67,9.48,32.113,86.14,648.33,15.24,2
2/6/2023,12:38:05,7082,1158,2379670,Voonyx,159.16,16.68,32.072,67.97,587.18,13.25,0
10/16/2022,18:54:03,13949,215,8986310,Mymm,85.0,14.38,25.319,76.29,591.16,15.37,1
1/20/2023,17:03:48,8072,428,5887574,Leexo,43.17,19.83,27.014,84.91,657.01,7.27,1
6/11/2023,9:47:15,6718,344,6905305,Realbuzz,156.6,16.05,25.207,89.9,555.52,13.62,2
12/23/2022,14:03:27,8367,1144,3928157,Yotz,121.96,21.51,31.522,94.24,674.81,18.21,1
11/16/2022,18:38:18,4090,1126,5515891,Feedfire,167.41,13.83,32.158,85.27,678.75,3.48,2
6/14/2023,13:23:51,10997,872,8391439,Innojam,63.89,31.91,26.967,65.53,631.9,16.63,0
6/5/2023,10:21:40,3470,366,5105612,Myworks,65.29,33.47,31.086,81.11,591.91,14.88,1
10/16/2022,16:27:20,5921,1056,5882476,Vimbo,168.97,9.76,25.346,79.05,587.18,16.51,2
5/24/2023,11:49:16,1258,644,2146954,Zoonoodle,150.54,24.45,28.467,61.33,567.31,13.96,0
9/19/2023,6:52:29,5329,1055,3383321,Skyvu,59.38,15.28,27.62,91.02,574.1,9.0,1
9/23/2023,8:44:03,11444,71,7148869,Meevee,51.14,22.49,28.988,93.19,614.29,3.95,0
7/30/2023,18:46:15,4230,893,2329126,Agimba,110.7,26.8,29.013,93.16,668.99,9.51,1
8/1/2023,12:33:46,10146,810,5265910,Aibox,125.01,16.2,30.87,72.0,590.85,17.37,0
8/8/2023,5:34:37,8238,807,8451691,Abatz,74.19,17.87,28.35,66.0,640.66,2.11,2
10/3/2022,9:40:28,14242,732,2089269,Thoughtstorm,68.2,16.38,25.699,62.61,604.24,14.69,0
10/31/2022,20:15:05,14503,901,2854976,Wikizz,84.49,29.7,28.052,72.52,584.02,3.85,0
2/18/2023,2:32:31,3373,1001,3273711,Oyondu,163.17,33.68,25.602,71.28,674.67,5.47,2
11/29/2022,20:11:17,2064,715,3661868,Yabox,59.98,32.68,32.07,86.42,590.73,0.31,0
11/22/2022,2:11:11,6895,648,2318931,Ozu,55.72,20.42,31.718,89.95,676.31,17.12,1
7/15/2023,6:50:33,12591,169,6611752,Devify,143.23,10.45,31.358,94.28,635.91,12.03,1
8/11/2023,12:16:27,2688,1232,5246153,Camimbo,134.21,34.18,32.942,70.19,576.76,12.36,2
11/7/2022,6:58:58,6884,1053,8154179,Ooba,153.5,30.57,31.493,63.44,592.0,6.74,0
11/23/2022,13:11:31,2795,556,9575961,Wikizz,91.13,10.24,32.768,81.07,641.22,11.75,0
12/8/2022,4:10:37,2151,709,7659421,Realcube,119.38,15.25,29.622,65.01,664.76,18.48,2
2/3/2023,23:01:32,7252,202,4671130,Blogspan,103.8,22.51,25.51,64.81,660.44,2.72,1
3/30/2023,10:07:59,3036,1298,7073728,Yodoo,138.1,10.61,30.053,69.43,668.5,3.27,0
4/8/2023,2:34:25,7135,1272,4379148,Skaboo,81.65,26.72,31.14,67.12,588.17,12.03,2
3/14/2023,6:01:36,6430,300,5638824,Katz,97.77,31.33,32.617,74.8,623.39,9.2,2
3/4/2023,8:14:19,8665,619,7521485,Yodoo,115.75,29.28,29.095,81.92,651.2,14.01,2
1/13/2023,15:24:07,1352,893,8347622,Snaptags,137.69,9.65,27.052,79.32,579.35,19.73,0
5/4/2023,2:09:07,11926,79,6636582,Pixonyx,168.0,12.34,27.591,70.7,594.72,4.12,0
7/4/2023,19:01:26,5223,1066,5150604,Kazu,117.0,23.38,32.131,87.63,595.53,9.33,1
8/8/2023,1:45:38,4703,1183,3891812,Riffpath,138.56,32.41,32.006,73.04,627.16,0.25,0
5/16/2023,3:01:10,6212,354,9697186,Thoughtmix,81.25,26.06,30.612,67.5,648.28,2.45,2
2/19/2023,8:43:18,11820,801,6022223,Linklinks,113.36,22.75,32.971,66.78,594.84,17.48,0
6/2/2023,14:33:14,2982,585,9310246,Photobug,74.89,24.37,32.164,68.6,650.73,6.6,0
1/7/2023,14:03:45,11926,906,7961020,Thoughtmix,133.07,13.2,24.572,76.84,637.53,8.09,1
12/11/2022,14:35:12,14910,69,7609670,Youopia,155.73,21.8,30.967,71.14,655.88,1.0,1
3/10/2023,0:42:14,5463,354,7043083,Skinix,167.31,15.82,31.476,82.72,593.26,16.7,1
9/30/2022,14:18:13,5805,1336,4257717,Dynava,153.22,15.0,32.259,69.52,573.76,1.65,2
7/4/2023,21:36:06,7595,760,8322163,Quinu,47.7,29.13,25.83,68.75,589.79,2.06,2
11/26/2022,20:09:06,12945,127,7933839,Skimia,160.01,15.39,25.981,84.59,586.23,0.7,0
2/16/2023,6:59:08,10885,1193,5768602,Wikizz,63.53,27.38,26.635,88.87,617.48,3.65,2
11/22/2022,10:25:50,8638,426,2272841,Fatz,57.0,25.32,28.073,78.53,618.25,16.48,2
7/13/2023,12:39:59,10720,318,5779021,Nlounge,172.93,26.79,29.08,93.65,590.08,6.61,1
12/19/2022,10:53:01,11231,1211,9099420,Quinu,164.99,10.29,28.328,92.31,668.9,6.07,2
8/13/2023,11:51:00,12772,350,6795871,Skibox,73.45,14.18,31.711,73.52,656.73,3.3,2
1/12/2023,16:57:37,13695,68,2480915,Demimbu,119.88,17.46,31.361,75.94,635.21,15.45,2
9/30/2022,16:20:58,8960,188,5184197,Eare,153.69,12.4,28.656,88.32,683.1,1.6,2
9/14/2023,11:06:28,1083,1103,6416885,Kwimbee,71.26,11.98,26.108,87.84,627.03,7.43,0
5/2/2023,7:16:51,14134,845,2988177,Wikibox,130.06,11.45,31.455,88.52,640.86,17.76,2
12/20/2022,22:53:48,6610,1266,7028725,Quimba,103.06,33.76,31.703,80.1,679.03,4.8,0
3/5/2023,11:17:49,13753,941,7935809,Skimia,65.06,22.79,24.809,64.24,612.78,7.67,1
1/14/2023,0:42:44,10148,1088,7172223,Fivebridge,79.72,23.82,26.796,77.66,557.66,10.81,1
10/20/2022,18:49:33,12885,1077,7774020,Livepath,152.65,29.6,25.868,63.68,617.41,4.16,1
12/7/2022,3:46:56,10210,345,7419930,Zoonoodle,110.2,19.35,32.946,75.44,645.25,0.16,2
12/20/2022,2:28:28,4890,1133,6740445,Babblestorm,45.26,30.4,27.613,92.57,563.75,2.54,0
9/18/2023,9:44:36,12292,1336,6889452,Lajo,159.41,34.94,32.892,84.68,638.14,13.6,0
3/15/2023,22:39:33,9897,178,9661093,Avamm,142.24,10.4,31.342,94.9,673.26,9.63,1
9/8/2023,10:58:49,2124,254,3398747,Gigaclub,124.98,21.24,28.993,68.0,657.41,10.2,0
9/14/2023,6:34:06,8664,435,8556404,Quimm,156.3,24.73,29.772,62.83,572.29,2.04,2
1/7/2023,11:41:55,7109,559,5410199,Eare,139.32,32.68,24.901,69.89,570.44,8.3,2
9/21/2023,6:05:11,12814,365,4545424,Zoozzy,106.73,23.51,24.998,94.25,576.79,11.25,0
12/11/2022,10:49:00,14966,208,2185838,Voomm,76.55,15.14,32.368,67.54,672.93,0.01,0
8/10/2023,21:38:16,12333,708,4246983,Skyvu,75.78,34.02,24.959,68.56,608.4,4.24,2
3/2/2023,8:43:21,4842,1449,4237637,Eazzy,111.46,27.34,31.587,89.46,581.07,17.83,1
6/14/2023,8:39:30,9363,1342,8859844,Zooveo,119.64,25.7,25.07,77.66,674.49,7.17,2
6/23/2023,12:11:42,11121,634,6012811,Meedoo,70.77,29.21,27.978,82.69,573.66,14.74,2
4/13/2023,13:07:10,9492,1270,3157271,Flipbug,53.97,17.02,31.592,74.16,570.66,9.4,1
2/11/2023,12:08:13,11014,50,2466573,Dynabox,157.7,12.01,26.818,67.92,671.1,15.33,2
7/7/2023,4:00:56,11637,368,8237052,Innojam,134.28,22.5,30.529,88.24,626.92,18.6,2
3/26/2023,13:34:24,9775,100,3398659,Feedspan,79.55,34.81,32.018,76.88,624.81,18.5,1
9/17/2023,17:19:12,13475,230,3358163,Realmix,87.22,18.88,25.235,62.19,643.01,2.22,1
6/19/2023,1:34:06,3608,1411,5561583,Skyndu,75.72,18.31,28.448,71.3,614.86,8.77,1
4/19/2023,10:34:59,7957,779,9977475,Browsetype,157.72,29.44,25.291,87.39,663.56,10.23,0
12/3/2022,6:19:42,12995,523,5541272,Buzzster,71.65,33.98,27.683,89.24,565.81,6.93,0
12/28/2022,7:04:34,14795,1428,2074729,Zoombeat,63.51,23.53,27.9,91.49,563.4,18.75,1
11/22/2022,8:48:37,5194,597,2223123,Jayo,107.19,14.75,29.618,78.59,682.52,6.67,1
8/31/2023,1:07:10,10925,488,3359448,Devify,71.59,32.14,28.094,84.1,581.81,5.19,1
6/21/2023,11:11:20,3527,1331,4449803,Gabspot,69.3,19.93,30.264,76.47,592.54,1.47,0
8/9/2023,3:51:10,5510,132,8105239,Livefish,128.55,16.65,28.703,73.88,634.28,2.02,1
6/14/2023,23:28:16,13124,1008,8103558,Ainyx,98.09,32.82,29.317,73.11,556.46,16.34,2
10/20/2022,8:17:55,4153,352,7430903,Innotype,113.1,30.99,28.234,74.9,638.75,10.41,1
10/15/2022,4:08:57,8460,816,5025320,Voolia,75.05,23.67,32.773,84.85,636.12,6.77,0
9/17/2023,16:59:43,2740,68,6526567,Kare,149.62,18.1,26.671,71.44,599.74,10.47,0
9/26/2023,13:51:20,14641,485,6229001,Photojam,60.89,24.64,25.626,84.93,574.88,12.72,2
7/7/2023,7:18:21,10214,1159,6430076,Oba,139.29,32.92,25.92,87.98,606.36,6.7,2
7/22/2023,17:36:44,5911,629,8023408,Zoombox,156.5,30.37,31.118,80.07,625.55,0.91,1
7/26/2023,23:08:33,5029,1380,8968390,Photofeed,69.75,26.66,24.563,76.11,677.3,0.33,0
9/23/2023,21:55:47,4291,798,8817793,Dynava,82.47,13.48,29.102,77.93,680.1,12.71,0
6/27/2023,5:22:20,11692,551,2821843,Ainyx,52.3,13.97,31.34,84.17,682.07,4.84,2
6/15/2023,20:41:34,11086,1381,3302789,Ooba,83.21,17.71,32.531,78.02,677.95,12.35,0
12/26/2022,22:53:23,5143,601,6611735,Dabtype,76.22,21.42,26.194,70.86,606.36,13.17,0
7/22/2023,0:29:47,5105,561,8816501,Twinte,97.62,33.11,27.393,72.97,592.19,13.18,2
8/27/2023,13:35:49,11538,1230,9363415,Blogtag,132.97,12.69,30.523,65.94,598.3,4.13,0
4/29/2023,14:01:31,7126,1009,8816884,Ntags,107.42,25.6,30.316,73.41,567.64,17.59,1
7/26/2023,2:45:53,6801,975,6743154,Plajo,119.44,22.06,27.695,66.39,646.31,10.51,0
5/14/2023,5:23:16,2209,1136,6653178,Youfeed,149.27,29.08,27.453,74.66,626.33,10.98,1
2/12/2023,5:17:35,4107,1283,7899710,Zoombeat,135.41,28.77,29.937,77.48,593.7,16.94,2
9/20/2023,0:55:21,2594,694,2027671,Chatterbridge,47.34,14.29,26.717,75.02,678.95,15.73,1
2/11/2023,13:18:42,3419,1089,2505067,Meevee,80.77,15.51,27.539,67.33,663.67,0.87,0
8/11/2023,16:02:59,4217,1247,7198741,Photobug,102.03,26.41,24.941,66.98,623.57,7.86,1
11/3/2022,4:39:25,14314,1015,2046816,Devbug,58.97,14.36,25.752,70.37,629.55,5.2,0
2/9/2023,10:50:07,5223,536,7559597,Gigabox,97.28,30.89,32.27,74.06,635.57,5.73,0
1/21/2023,3:05:07,6064,528,2230358,Jamia,158.62,9.63,29.084,85.77,667.51,3.64,0
6/27/2023,3:24:42,7906,1215,4989637,Oyoba,95.7,33.5,28.532,60.05,583.41,10.97,1
3/24/2023,7:50:44,13758,804,7396520,Thoughtstorm,42.71,12.14,24.543,87.28,655.32,10.91,0
3/10/2023,20:31:41,9911,449,9085079,Fatz,131.23,15.61,26.995,78.22,674.57,15.87,0
2/18/2023,9:17:54,11584,196,8603418,Flashspan,42.55,24.76,28.159,85.22,657.03,6.53,1
1/6/2023,6:25:11,1994,1402,3864449,Pixoboo,70.36,28.63,27.624,75.63,668.18,8.53,2
11/3/2022,6:54:06,4022,1327,7836710,Ailane,113.83,12.35,25.545,93.07,577.84,19.03,1
1/19/2023,19:34:06,5402,1370,8540511,Thoughtworks,103.66,22.38,31.908,88.72,605.46,18.12,1
1/10/2023,4:06:18,5416,94,9645803,Kazu,90.36,22.75,25.837,76.21,587.11,19.82,1
4/8/2023,5:18:39,9938,339,7476325,Skyble,54.13,18.73,29.725,64.04,593.47,4.41,1
9/20/2023,20:54:35,11315,862,8568339,Tavu,125.19,19.67,28.982,90.24,577.05,5.82,0
1/6/2023,0:25:25,13585,823,8348972,Plajo,159.98,29.1,25.002,64.91,638.92,5.17,1
10/21/2022,0:06:44,12665,963,7935355,Midel,101.6,20.29,27.231,79.7,593.12,6.51,1
8/31/2023,14:48:48,6411,1209,5446207,Skinte,160.39,28.07,32.899,94.2,596.36,0.95,0
3/16/2023,18:06:59,5377,1431,3925784,Twitterbridge,134.0,9.18,31.044,81.69,650.36,3.23,0
8/9/2023,3:17:47,12474,1348,9276316,Kwimbee,81.8,30.43,26.152,86.84,600.02,17.69,2
5/11/2023,11:09:30,10877,1313,5280510,Wordware,172.47,11.92,27.79,91.26,672.02,8.74,0
9/24/2023,13:59:56,11857,365,7365124,Skinix,144.24,20.88,29.44,67.48,651.18,3.0,1
8/25/2023,1:35:38,10532,1159,3261203,Meevee,93.96,23.92,25.619,66.19,630.59,7.62,0
3/24/2023,9:40:29,8547,1290,2684595,Bluezoom,48.03,30.04,31.518,83.89,680.36,3.67,2
10/19/2022,4:11:36,11691,1362,2931924,Yotz,99.24,9.7,25.516,73.8,608.55,19.58,0
6/5/2023,16:14:57,3414,1096,3329299,Devbug,149.94,27.67,24.653,78.76,620.07,19.87,0
8/21/2023,18:29:58,7162,369,5151285,Voolia,69.55,30.77,27.832,62.07,599.6,3.9,2
8/4/2023,12:19:48,9789,634,8678422,Mydo,54.33,11.82,25.28,92.37,613.52,6.4,2
10/12/2022,9:43:41,12721,1073,6635742,Thoughtblab,112.75,32.34,28.166,74.23,648.51,19.45,0
9/19/2023,7:51:04,8006,286,6212259,Oyoba,127.78,20.27,31.843,83.02,640.62,17.97,1
1/6/2023,3:46:24,9247,316,4854683,Flipopia,124.62,30.63,31.385,83.18,589.87,2.52,1
11/22/2022,3:48:31,9932,1259,9775054,Yambee,92.59,22.43,31.166,78.47,591.16,15.67,2
5/26/2023,18:34:13,8178,991,8218815,Camido,85.54,13.82,27.624,83.75,603.39,4.84,1
1/18/2023,0:22:25,9939,1061,6975850,Linktype,71.65,12.94,26.786,87.57,578.27,14.82,2
1/6/2023,18:57:33,1941,1211,7719528,Quinu,168.35,34.66,26.893,73.28,582.99,7.8,2
5/25/2023,2:28:45,882,938,5490673,Edgewire,42.24,15.77,27.848,62.32,606.9,3.9,2
6/25/2023,10:37:05,13741,748,8186639,Jetpulse,136.78,15.69,32.957,60.36,581.67,7.76,2
11/3/2022,14:08:00,13092,1462,2936898,Skibox,100.73,28.83,25.358,68.04,591.39,12.43,1
12/29/2022,18:28:16,10992,591,8057723,Plajo,135.66,22.99,29.066,82.56,631.72,17.23,1
2/12/2023,6:53:14,7757,608,6796313,Photolist,146.2,24.9,25.316,76.43,572.86,7.14,0
5/3/2023,7:13:37,4178,605,7040866,Gigashots,81.64,16.44,26.636,90.54,572.6,13.11,2
3/31/2023,10:52:50,12800,428,3203403,Feedspan,114.16,18.76,26.374,70.33,683.72,17.8,1
1/13/2023,2:05:17,10477,349,3585345,Layo,171.0,21.87,30.024,77.04,594.01,8.4,0
8/5/2023,23:15:41,7132,597,3373203,Kamba,113.71,29.76,32.533,84.84,612.78,18.27,1
8/1/2023,8:23:44,5804,982,9380658,Tambee,49.83,18.87,24.538,79.05,659.6,12.56,2
3/6/2023,22:49:31,12863,838,9642870,Skidoo,70.6,20.25,25.46,61.69,645.77,12.48,2
9/3/2023,14:45:01,802,867,6622954,Photobean,149.73,28.24,32.052,89.83,671.64,17.71,2
6/24/2023,1:29:03,7156,675,5298132,Meevee,136.46,31.85,30.132,94.84,585.66,5.63,2
9/11/2023,16:56:23,4300,1022,6829286,Dynazzy,72.72,23.75,27.081,72.4,616.09,10.65,0
6/14/2023,4:35:43,12381,1097,5431299,Tazzy,170.14,27.63,27.605,79.34,607.09,12.77,2
2/1/2023,9:32:38,11454,718,3312663,Innojam,135.3,19.08,26.97,67.46,637.68,7.46,0
12/21/2022,2:38:18,13719,1087,2717273,Dynabox,106.69,9.06,28.205,86.45,675.28,12.69,0
10/18/2022,13:21:08,13607,1149,7780650,Thoughtworks,135.08,13.53,31.58,62.52,647.87,9.46,0
4/7/2023,15:38:15,6946,912,9847405,Vipe,92.39,16.86,28.932,85.62,680.18,16.46,1
1/28/2023,23:54:01,982,203,3215749,Jabberbean,125.46,25.7,24.839,93.5,652.14,6.21,1
12/4/2022,20:02:05,9952,927,6337187,Mycat,146.93,32.42,32.164,68.4,615.62,1.72,2
1/13/2023,6:42:34,1960,1478,2608131,Kazio,139.69,25.82,25.94,93.08,564.26,19.82,0
12/28/2022,14:21:43,4256,1345,4217405,Npath,113.69,15.43,27.012,66.73,616.49,16.99,1
3/19/2023,1:15:05,2765,930,6677872,Skalith,135.33,10.41,30.186,89.19,618.31,1.32,2
11/9/2022,9:43:14,11673,150,4395254,Meejo,145.75,11.4,30.499,65.86,654.19,16.25,2
10/7/2022,6:28:31,11421,433,4816892,Yata,158.44,24.59,25.073,83.17,653.38,2.64,1
12/20/2022,2:12:56,1719,200,4557582,Meevee,41.96,34.87,30.109,73.76,599.74,4.55,1
9/14/2023,18:27:01,2691,820,4131800,Blogtags,44.45,29.25,29.081,74.94,647.98,8.14,2
9/30/2022,2:56:52,1120,85,9218005,Photolist,123.66,19.34,30.473,60.82,651.21,11.4,1
10/7/2022,19:29:04,1464,382,5733983,Dabtype,169.08,12.78,31.106,62.38,562.12,16.19,0
1/6/2023,14:58:05,9072,440,6669687,Yoveo,127.5,18.86,31.031,76.93,653.0,2.77,0
5/18/2023,14:11:26,1711,1188,6043254,Skalith,143.07,13.29,25.066,66.72,587.93,14.19,2
4/15/2023,12:06:39,5577,562,8293968,Eazzy,150.89,18.98,29.594,78.76,615.34,5.07,2
12/11/2022,14:38:49,1179,456,8127197,Meeveo,166.98,31.98,24.736,84.5,621.71,3.35,1
7/27/2023,8:02:48,10155,1123,3258126,Browsecat,132.67,11.65,29.68,94.45,648.18,3.47,2
7/1/2023,0:57:54,13042,1107,5614430,Zoomzone,87.84,10.52,32.991,68.41,598.67,18.28,1
9/10/2023,4:08:18,9746,946,2556761,Wikivu,108.67,24.21,27.448,71.85,674.81,7.99,0
6/6/2023,23:09:52,8092,225,8979199,Avamm,158.0,34.37,30.099,77.99,562.83,17.45,2
3/7/2023,4:33:53,9241,184,9605254,Skajo,123.08,23.19,30.67,68.62,563.75,12.97,0
2/18/2023,14:04:57,5263,615,6793904,Browseblab,97.93,23.42,28.622,89.23,653.89,17.54,1
7/13/2023,15:09:40,8610,1405,5639056,Quimba,121.8,29.79,25.252,94.38,566.02,3.89,2
2/14/2023,7:33:44,9425,204,8151959,Buzzster,110.1,13.33,29.343,92.59,615.89,2.98,0
2/8/2023,12:40:58,4635,974,9205926,Livefish,103.15,19.84,30.846,90.41,590.9,12.14,2
3/15/2023,20:01:25,4661,599,3197300,Snaptags,109.51,21.12,32.723,84.23,656.95,19.76,2
8/20/2023,18:23:19,13271,1129,9128483,Dynabox,40.7,22.17,29.457,70.82,615.1,1.05,1
12/15/2022,3:14:20,14314,420,4085329,Flashset,149.2,23.72,32.226,77.93,621.25,5.81,1
7/11/2023,3:46:07,7137,1338,2182505,Dynabox,149.99,30.44,26.441,76.78,575.1,6.47,2
3/8/2023,14:50:08,4914,1003,5584463,Myworks,143.35,10.17,28.726,67.42,574.68,11.03,1
9/10/2023,20:19:52,14270,1194,7376870,Camimbo,136.72,32.83,29.427,70.27,633.33,16.03,0
1/18/2023,9:30:08,13033,869,7558524,Topdrive,105.49,12.87,28.219,61.88,665.9,16.34,1
6/3/2023,5:07:27,10265,570,4072227,Chatterpoint,76.77,23.48,26.791,92.2,581.87,15.37,0
3/17/2023,18:27:02,7314,737,2538524,Browsecat,160.62,22.74,24.715,89.5,586.95,2.88,1
11/2/2022,12:50:30,12066,1061,2231536,Flashset,107.7,10.95,26.68,69.19,621.17,1.21,1
12/2/2022,17:53:46,10180,695,2734678,Avaveo,80.94,26.2,25.923,74.58,641.42,3.43,0
9/1/2023,12:29:10,3590,849,6285378,Flipstorm,145.83,16.89,28.016,64.45,555.73,3.77,1
4/12/2023,20:34:17,3568,1152,8634503,Vidoo,136.61,20.04,25.663,92.93,676.69,9.26,1
8/4/2023,22:03:46,10411,937,8874791,Browsebug,138.64,13.82,25.636,82.21,592.79,7.23,0
9/30/2022,17:27:37,8894,684,6234057,Yambee,92.91,21.8,30.428,73.47,559.45,13.52,2
9/9/2023,22:05:00,11339,1417,9581721,Topicshots,83.42,19.18,27.3,79.6,593.61,17.48,0
3/31/2023,12:57:57,6227,1305,5619644,Mycat,82.34,28.99,26.465,73.89,655.98,2.68,1
5/1/2023,0:22:56,11065,1085,6969762,Browsezoom,74.52,22.69,30.493,80.59,649.82,10.05,1
12/28/2022,15:26:12,9940,1137,3995097,Eayo,60.09,11.03,28.684,76.46,597.56,11.15,1
11/11/2022,17:14:50,12116,149,5527574,Dabvine,171.48,16.39,28.472,90.16,647.43,1.32,2
8/29/2023,4:21:04,10626,743,8110960,Jaxworks,139.52,25.05,32.36,87.13,619.93,2.49,2
9/11/2023,2:06:30,12631,795,9802800,Flashpoint,64.29,34.8,32.118,84.73,609.6,16.24,1
4/2/2023,12:02:38,9919,223,6121991,Abata,138.18,33.03,29.797,64.41,618.77,5.5,1
12/17/2022,17:42:32,2690,1344,6618787,Devpulse,102.5,29.37,26.818,75.86,589.32,3.97,0
3/21/2023,19:23:00,7626,844,4788780,Wordify,59.51,24.32,32.236,81.49,666.86,5.03,1
6/19/2023,23:12:04,12317,544,2098071,Layo,163.63,9.67,32.708,90.96,659.15,10.41,2
6/10/2023,23:13:32,2186,550,5523170,Shuffledrive,120.86,32.45,24.942,79.0,652.35,19.38,1
8/17/2023,12:37:27,12495,871,8883109,Jabbersphere,66.53,10.24,32.642,61.72,682.21,12.81,1
7/5/2023,20:48:50,14303,511,5780036,Ainyx,79.57,19.84,31.976,86.89,558.97,8.29,0
2/11/2023,8:16:02,1942,1107,7835214,Rhynyx,171.09,14.26,30.316,71.5,575.46,1.13,1
11/18/2022,7:29:21,10505,778,5525844,Oyondu,94.16,21.24,30.703,86.32,665.65,3.45,2
2/22/2023,12:51:15,9424,1414,8939288,Ainyx,112.84,14.13,29.853,87.04,671.68,3.63,1
9/12/2023,17:58:37,4258,334,8093451,Vimbo,102.31,9.96,32.487,94.87,641.79,16.27,0
2/13/2023,16:19:08,13951,946,6202009,Babblestorm,162.28,32.82,27.238,63.75,664.7,7.34,2
6/13/2023,11:27:08,9561,504,2347925,Browsecat,98.83,14.64,24.816,93.69,580.22,0.38,2
10/2/2022,18:51:22,5854,156,8811040,Voomm,62.8,24.77,27.438,67.41,625.3,9.51,0
12/16/2022,11:58:44,6764,136,7524094,Muxo,147.26,10.6,24.888,77.29,663.22,0.05,2
7/15/2023,6:03:36,13325,1473,5380308,Jaloo,73.47,34.39,26.754,74.0,680.78,6.96,2
2/6/2023,11:57:06,5788,623,3362489,Livefish,139.02,26.8,27.476,68.33,616.41,4.84,1
8/7/2023,16:53:49,12706,820,9690785,Brightbean,133.35,24.27,26.691,78.21,666.63,6.15,2
6/8/2023,20:08:22,6344,297,4818448,Jetwire,81.87,12.84,30.137,68.63,633.74,2.53,2
7/23/2023,16:56:52,9962,673,2724675,Dynazzy,50.83,24.93,25.33,66.5,655.35,18.87,2
1/19/2023,5:16:10,8672,883,3009733,Livetube,95.54,33.5,31.354,74.77,649.42,9.65,1
8/5/2023,0:47:43,2293,97,8476750,Zoombox,164.27,19.3,28.214,87.32,623.27,9.53,1
7/24/2023,4:25:13,5900,1405,9188308,Voomm,55.85,34.87,31.344,90.82,615.1,0.48,0
6/13/2023,20:39:36,9101,1073,7736889,Brainlounge,87.18,21.95,26.258,93.33,582.71,15.67,0
3/14/2023,1:44:41,11372,391,6282033,Flashdog,98.48,12.69,28.186,69.02,580.98,19.35,0
7/11/2023,16:47:05,7147,1300,9232907,Yodo,63.31,20.77,26.206,74.4,640.85,4.41,2
5/12/2023,8:02:46,9413,303,8869866,Mydeo,102.29,19.36,29.83,62.7,675.64,12.9,1
3/15/2023,9:37:41,4441,196,9304829,Quimba,155.63,15.28,32.447,85.63,598.29,4.16,1
12/6/2022,20:58:02,744,1005,5302584,Yambee,138.06,33.37,27.744,77.36,579.83,16.25,2
12/27/2022,20:36:30,5069,578,3855676,Digitube,170.09,9.48,30.732,74.49,602.21,8.43,2
12/27/2022,5:20:42,10139,91,6677388,Ozu,118.71,33.36,30.798,80.96,567.73,19.49,2
12/1/2022,11:02:07,13128,48,9045048,InnoZ,80.17,16.49,28.573,60.36,616.75,13.81,2
9/12/2023,11:23:43,12505,486,4981495,Tanoodle,59.49,29.86,28.883,87.19,601.1,9.15,2
7/15/2023,12:04:42,3895,134,4330307,Yodel,88.05,28.03,30.779,60.68,592.71,1.48,1
6/20/2023,2:39:51,11478,54,7531210,Skalith,106.19,20.57,24.63,84.75,671.76,16.03,0
2/9/2023,16:04:36,12109,1175,8226999,Skyba,105.61,31.92,25.625,78.2,670.13,2.25,2
7/30/2023,23:40:01,6473,918,7350706,Vitz,102.85,25.75,27.503,63.44,663.6,4.2,2
10/20/2022,11:42:41,3970,784,4277606,Gigaclub,50.85,20.68,29.936,86.18,601.68,0.76,2
9/29/2023,21:33:22,5767,442,6125359,Wordware,122.25,20.82,25.456,86.04,671.72,14.98,1
