Data Series,Vessel Arrivals (Number),Vessel Arrivals - Shipping Tonnage (Thousand Gross Tonnes),Total Cargo (Thousand Tonnes),  Cargo (General) (Thousand Tonnes),  Cargo (Bulk) (Thousand Tonnes),    Cargo (Oil-In-Bulk) (Thousand Tonnes),  Cargo (General & Non-Oil In Bulk) (Thousand Tonnes),Total Container Throughput (Thousand Twenty-Foot Equivalent Units),Bunker Sales (Thousand Tonnes),Singapore Registry Of Ships (End Of Period) - Number (Number),Singapore Registry Of Ships (End Of Period) - '000 GT (Thousand Gross Tonnes)
2023 Aug,10070.00,263676.00,50045.20,32158.70,17886.50,16357.80,33687.50,3328.40,4255.10,3956.00,97282.00
2023 Jul,10196.00,260279.00,51218.70,32991.60,18227.10,16524.10,34694.60,3431.30,4517.50,3987.00,96964.00
2023 Jun,9845.00,250043.00,49414.50,31114.70,18299.80,16406.60,33007.90,3345.60,3932.90,3988.00,96365.00
2023 May,10324.00,266695.00,48185.60,32048.30,16137.30,14205.20,33980.40,3409.70,4525.30,3998.00,96412.00
2023 Apr,9987.00,259312.00,49521.80,32119.10,17402.80,15821.40,33700.40,3264.70,4258.80,4009.00,96941.00
2023 Mar,10270.00,254530.00,50523.30,33132.30,17391.00,15358.70,35164.60,3335.50,4179.00,4022.00,96608.00
2023 Feb,9202.00,226666.00,45592.90,27119.10,18473.80,17008.40,28584.50,2684.40,3795.90,4016.00,95966.00
2023 Jan,10035.00,257448.00,47812.40,29192.40,18620.00,16384.60,31427.90,2989.50,4378.30,4028.00,95977.00
2022 Dec,10081.00,245198.00,49057.00,30215.10,18841.90,16244.20,32812.80,3252.90,4217.80,4023.00,95472.00
2022 Nov,9442.00,248478.00,46726.80,29071.90,17655.00,16122.90,30603.90,2955.50,4375.60,4038.00,95062.00
2022 Oct,9451.00,251201.00,47054.70,29338.20,17716.60,15917.50,31137.30,3061.80,4252.80,4029.00,94286.00
2022 Sep,8976.00,231414.00,46599.30,28875.90,17723.40,15915.80,30683.40,3063.80,3959.50,4041.00,94022.00
2022 Aug,9129.00,244950.00,49200.50,31125.60,18074.90,16550.60,32649.90,3262.30,4116.30,4049.00,93469.00
2022 Jul,9044.00,246795.00,50927.30,32504.90,18422.50,16522.50,34404.80,3286.30,4119.20,4046.00,93132.00
2022 Jun,8301.00,230600.00,48278.80,30919.40,17359.30,15933.30,32345.50,3166.20,3756.00,4070.00,93149.00
2022 May,7815.00,239398.00,47283.10,30781.80,16501.30,14760.10,32523.00,3122.00,4044.00,4084.00,93131.00
2022 Apr,7608.00,225609.00,47132.10,30720.20,16411.90,14994.10,32138.00,3042.00,3750.00,4091.00,92908.00
2022 Mar,7307.00,223085.00,48660.10,31738.40,16921.70,15133.10,33527.00,3089.50,3769.90,4082.00,92615.00
2022 Feb,6440.00,207372.00,45205.00,29511.60,15693.40,14215.00,30989.90,2843.50,3506.80,4083.00,92135.00
2022 Jan,7213.00,234263.00,52096.00,32302.00,19794.00,18046.80,34049.20,3143.70,4029.00,4079.00,91946.00
2021 Dec,7286.00,229815.00,48682.50,33320.60,15361.80,13684.40,34998.00,3292.20,4177.80,4090.00,92336.00
2021 Nov,7130.00,230995.00,52126.30,32336.20,19790.10,17777.10,34349.20,3150.00,4221.60,4120.00,93298.00
2021 Oct,7098.00,230042.00,48764.40,30971.80,17792.60,16409.50,32354.90,2974.90,4254.70,4125.00,93754.00
2021 Sep,6918.00,221138.00,48263.50,30896.30,17367.20,15619.40,32644.10,3117.40,3935.30,4123.00,93493.00
2021 Aug,7178.00,226135.00,49773.40,32069.30,17704.10,15965.40,33807.90,3182.30,4071.90,4132.00,93870.00
2021 Jul,7246.00,229192.00,50446.90,32357.10,18089.80,16091.30,34355.60,3123.60,4063.80,4137.00,93593.00
2021 Jun,7247.00,231444.00,48768.80,31798.50,16970.30,15284.90,33483.90,3114.50,4113.00,4148.00,93701.00
2021 May,7211.00,238117.00,51385.10,33275.00,18110.10,15937.20,35447.90,3216.90,4071.80,4157.00,93693.00
2021 Apr,7500.00,239955.00,50261.30,31936.40,18324.90,16361.10,33900.20,3091.30,4256.50,4184.00,93592.00
2021 Mar,7788.00,245082.00,52683.40,33725.30,18958.00,17101.70,35581.60,3270.60,4199.30,4207.00,94171.00
2021 Feb,6990.00,236521.00,47445.20,30217.30,17227.90,14980.80,32464.40,2881.60,4120.10,4229.00,93806.00
2021 Jan,7641.00,255333.00,51042.00,32413.30,18628.70,16391.80,34650.10,3156.00,4503.00,4247.00,94287.00
2020 Dec,7479.00,245140.00,49976.50,33296.30,16680.20,14684.20,35292.30,3333.30,4289.60,4275.00,94998.00
2020 Nov,7347.00,246268.00,49760.10,32195.80,17564.30,16039.40,33720.70,3134.60,4262.50,4315.00,96165.00
2020 Oct,7502.00,243803.00,50058.50,32670.80,17387.80,15303.80,34754.80,3238.70,4152.40,4325.00,96394.00
2020 Sep,7255.00,240460.00,49197.30,31731.30,17465.90,15845.50,33351.80,3207.70,4217.60,4332.00,96164.00
2020 Aug,6958.00,244007.00,50448.10,32165.50,18282.60,16410.30,34037.80,3174.70,4168.90,4352.00,96196.00
2020 Jul,7178.00,252005.00,48752.10,30393.20,18358.90,16994.10,31758.10,3016.30,4157.70,4354.00,96395.00
2020 Jun,6701.00,227328.00,48163.70,29261.30,18902.40,17321.50,30842.20,2907.70,3829.00,4371.00,96444.00
2020 May,6582.00,223323.00,44620.50,27737.90,16882.60,15504.20,29116.30,2806.70,3925.00,4377.00,96747.00
2020 Apr,7015.00,230354.00,47611.10,30340.30,17270.70,15589.30,32021.80,2843.50,4113.70,4388.00,96838.00
2020 Mar,9827.00,251388.00,53344.50,34576.70,18767.80,17107.00,36237.50,3197.90,4322.30,4409.00,97333.00
2020 Feb,10879.00,234656.00,47761.10,29848.20,17912.90,16285.80,31475.20,2898.70,3879.70,4414.00,97442.00
2020 Jan,12134.00,263883.00,51044.70,32152.90,18891.80,17243.60,33801.20,3182.60,4514.70,4418.00,97375.00
2019 Dec,12148.00,258664.00,53177.90,33526.30,19651.70,18106.00,35071.90,3260.50,4465.70,4437.00,97320.00
2019 Nov,11743.00,244544.00,52378.80,33828.20,18550.60,17012.30,35366.50,3267.70,4075.60,4457.00,97780.00
2019 Oct,12026.00,250282.00,52557.70,32972.30,19585.40,18094.80,34462.90,3234.40,3767.70,4463.00,97736.00
2019 Sep,11547.00,244462.00,49785.20,31748.30,18036.90,16538.50,33246.70,3093.90,3898.40,4446.00,96885.00
2019 Aug,11739.00,236774.00,51066.40,32944.50,18121.90,16506.70,34559.80,3133.70,3668.90,4447.00,96116.00
2019 Jul,11554.00,238851.00,52124.60,33889.40,18235.20,16825.10,35299.50,3235.40,3878.20,4461.00,96234.00
2019 Jun,11138.00,227457.00,53341.00,31278.50,22062.60,20480.00,32861.10,2997.00,3919.90,4460.00,95808.00
2019 May,11697.00,235454.00,55848.50,32880.10,22968.40,21614.20,34234.30,3137.80,4006.50,4465.00,95411.00
2019 Apr,11243.00,226032.00,54329.10,32229.60,22099.50,20831.10,33498.00,2992.10,3712.10,4471.00,93926.00
2019 Mar,11509.00,229405.00,52019.70,34306.70,17712.90,16108.40,35911.30,3163.90,4090.80,4472.00,93075.00
2019 Feb,10275.00,214560.00,47962.10,28500.20,19461.90,18280.10,29682.00,2740.50,3780.40,4469.00,92486.00
2019 Jan,11678.00,248250.00,51930.00,31331.40,20598.60,19047.50,32882.50,2999.10,4199.40,4468.00,92133.00
2018 Dec,11723.00,235007.00,54278.80,33304.00,20974.80,19508.10,34770.80,3131.30,4307.80,4456.00,90944.00
2018 Nov,11187.00,228495.00,51785.30,31884.60,19900.60,18719.80,33065.50,3014.70,3906.10,4472.00,91387.00
2018 Oct,11629.00,233085.00,53547.00,32493.50,21053.50,19777.40,33769.70,3153.10,4125.20,4482.00,91435.00
2018 Sep,11367.00,230533.00,50349.80,31679.90,18669.90,17270.50,33079.30,2988.90,4112.10,4501.00,91380.00
2018 Aug,11389.00,222035.00,54838.20,33273.50,21564.80,20093.70,34744.50,3156.30,3962.90,4517.00,90993.00
2018 Jul,11605.00,226025.00,52268.80,33846.00,18422.70,16746.50,35522.20,3133.50,4035.80,4525.00,90793.00
2018 Jun,11192.00,226588.00,51768.10,32891.70,18876.30,17565.50,34202.60,3058.70,3922.30,4533.00,90707.00
2018 May,12225.00,236607.00,53372.10,34345.30,19026.80,17643.30,35728.80,3182.80,4283.50,4558.00,91600.00
2018 Apr,12133.00,241009.00,51969.90,32134.50,19835.50,18366.10,33603.90,2915.30,4233.30,4572.00,91628.00
2018 Mar,12546.00,238689.00,53776.60,34172.30,19604.20,18204.10,35572.50,3048.80,4168.30,4581.00,91153.00
2018 Feb,11130.00,224248.00,48984.10,29635.30,19348.80,17962.30,31021.80,2822.90,4135.90,4578.00,90585.00
2018 Jan,12642.00,249644.00,53186.50,32084.50,21102.10,19668.20,33518.40,2992.90,4605.60,4583.00,89993.00
2017 Dec,12806.00,244686.00,54458.90,32328.70,22130.20,20208.20,34250.70,2958.10,4296.60,4578.00,88808.00
2017 Nov,12347.00,236194.00,53120.20,31919.50,21200.80,19673.50,33446.70,2977.10,4315.60,4590.00,89609.00
2017 Oct,12549.00,234494.00,53877.10,31270.20,22606.90,21178.80,32698.30,2957.10,4005.30,4600.00,89873.00
2017 Sep,11619.00,231419.00,52833.20,31003.00,21830.20,20589.80,32243.30,2800.00,4341.00,4618.00,89988.00
2017 Aug,11916.00,234390.00,52963.50,32433.60,20529.90,18932.90,34030.60,2947.40,4363.60,4621.00,89636.00
2017 Jul,11811.00,232045.00,50115.50,31700.50,18415.00,16874.00,33241.50,2877.00,4393.70,4624.00,89660.00
2017 Jun,12275.00,235488.00,50979.40,31425.90,19553.50,17891.90,33087.50,2822.40,3836.30,4640.00,89248.00
2017 May,12655.00,243798.00,53920.10,33454.90,20465.20,18882.10,35038.00,2990.90,4180.60,4662.00,88908.00
2017 Apr,12260.00,229465.00,52937.00,32614.20,20322.80,18617.60,34319.30,2724.40,4253.30,4683.00,88828.00
2017 Mar,12318.00,234467.00,53068.30,31876.80,21191.50,19702.90,33365.30,2691.60,4341.90,4686.00,88475.00
2017 Feb,10666.00,207820.00,48370.10,27186.30,21183.80,19853.80,28516.30,2297.20,3846.40,4713.00,88749.00
2017 Jan,11925.00,235319.00,51044.80,28832.20,22212.60,20633.20,30411.60,2623.30,4462.20,4721.00,88448.00
2016 Dec,12131.00,219799.00,52635.60,30497.30,22138.30,20081.10,32554.50,2765.50,3904.90,4717.00,88023.00
2016 Nov,11713.00,221312.00,50101.40,29204.50,20896.90,19452.90,30648.50,2573.10,4142.20,4730.00,87771.00
2016 Oct,11928.00,220083.00,49769.20,28606.00,21163.10,19625.90,30143.30,2533.10,4008.80,4728.00,87656.00
2016 Sep,11437.00,212087.00,47875.80,29226.40,18649.40,17017.90,30857.90,2597.00,3831.00,4728.00,87251.00
2016 Aug,11708.00,227741.00,49625.10,30194.40,19430.80,17030.60,32594.50,2682.30,4228.00,4737.00,86490.00
2016 Jul,11322.00,222867.00,48110.30,28864.20,19246.10,18009.30,30101.00,2571.30,4115.00,4760.00,87379.00
2016 Jun,11454.00,222676.00,49019.30,29771.10,19248.20,17876.50,31142.80,2597.70,4086.90,4759.00,87225.00
2016 May,11708.00,230316.00,52727.60,30628.20,22099.40,20736.60,31990.90,2665.40,4363.70,4770.00,87228.00
2016 Apr,11530.00,225145.00,51300.90,29478.40,21822.50,20542.70,30758.30,2528.10,4109.70,4775.00,87145.00
2016 Mar,11789.00,227513.00,49494.70,29909.10,19585.60,18002.40,31492.30,2518.00,4149.80,4781.00,87099.00
2016 Feb,10621.00,204271.00,46718.70,27784.30,18934.40,17662.40,29056.40,2383.80,3510.00,4790.00,87058.00
2016 Jan,11657.00,228885.00,45918.00,29079.50,16838.60,15375.20,30542.90,2488.40,4164.50,4767.00,86851.00
2015 Dec,11428.00,223666.00,46276.50,29768.80,16507.70,15046.60,31229.90,2515.20,4051.20,4739.00,86300.00
2015 Nov,11046.00,209419.00,45171.30,28276.30,16895.00,15722.30,29449.00,2404.40,3984.00,4743.00,86631.00
2015 Oct,11144.00,210770.00,47232.60,29489.30,17743.30,16104.40,31128.20,2497.00,3637.00,4746.00,86571.00
2015 Sep,11045.00,208558.00,46474.30,28623.50,17850.80,16532.70,29941.60,2427.70,3847.60,4730.00,86341.00
2015 Aug,11536.00,225302.00,49042.90,30161.10,18881.80,17203.70,31839.20,2525.90,4287.80,4722.00,86151.00
2015 Jul,11295.00,210949.00,49972.50,30049.10,19923.30,18531.70,31440.70,2554.50,3785.30,4702.00,85496.00
2015 Jun,10960.00,202295.00,48248.30,30474.20,17774.10,16331.50,31916.80,2616.80,3536.00,4691.00,84586.00
2015 May,11021.00,208615.00,48533.80,31128.50,17405.40,15776.70,32757.20,2622.90,3707.20,4682.00,84105.00
2015 Apr,10762.00,205747.00,49117.90,31211.20,17906.70,16505.40,32612.50,2633.10,3665.90,4669.00,83789.00
2015 Mar,11126.00,200481.00,49873.40,32028.00,17845.30,15963.70,33909.60,2735.90,3577.50,4647.00,83473.00
2015 Feb,10240.00,189636.00,46021.40,29045.10,16976.30,15592.60,30428.80,2607.50,3396.00,4633.00,83111.00
2015 Jan,11319.00,208716.00,49881.10,31603.40,18277.60,16525.50,33355.50,2781.50,3680.10,4617.00,83089.00
2014 Dec,11188.00,192789.00,50477.60,33278.50,17199.10,15738.10,34739.50,2909.10,3577.50,4595.00,82249.00
2014 Nov,10766.00,202041.00,45674.00,32303.70,13370.20,12259.60,33414.30,2858.40,3548.40,4561.00,81521.00
2014 Oct,11281.00,195484.00,48892.90,32992.90,15899.90,14674.00,34218.80,2971.40,3593.60,4554.00,80965.00
2014 Sep,10818.00,196684.00,49281.10,32584.20,16696.90,15389.50,33891.60,2809.90,3521.50,4527.00,80497.00
2014 Aug,11091.00,199676.00,49716.20,32364.10,17352.10,16061.10,33655.10,2869.30,3668.80,4527.00,80065.00
2014 Jul,11172.00,201325.00,47329.00,33497.70,13831.30,12766.20,34562.80,2945.20,3662.60,4503.00,79535.00
2014 Jun,11227.00,189039.00,48149.30,32029.80,16119.50,14890.90,33258.40,2837.50,3373.80,4474.00,79144.00
2014 May,11589.00,202037.00,50534.30,32952.30,17582.00,16295.60,34238.70,2942.70,3637.60,4454.00,79030.00
2014 Apr,11432.00,193720.00,49432.70,32252.80,17179.90,15920.60,33512.10,2791.40,3812.90,4430.00,77503.00
2014 Mar,11886.00,203364.00,51450.40,33141.00,18309.40,16884.50,34565.90,2835.30,3184.90,4412.00,76350.00
2014 Feb,10679.00,180201.00,42919.10,26912.20,16006.90,14879.20,28039.90,2413.20,3277.40,4402.00,75377.00
2014 Jan,11754.00,214748.00,47411.40,30109.10,17302.30,15920.10,31491.30,2685.90,3557.80,4400.00,74875.00
2013 Dec,11912.00,197315.00,48065.30,31426.90,16638.40,14865.10,33200.20,2759.30,3802.40,4380.00,73615.00
2013 Nov,11667.00,196356.00,47916.30,30434.20,17482.10,16480.40,31435.90,2694.30,3373.10,4362.00,73055.00
2013 Oct,11975.00,196541.00,50268.50,31488.70,18779.80,17296.00,32972.60,2823.90,3780.60,4342.00,71911.00
2013 Sep,11716.00,195353.00,46298.30,30458.80,15839.50,14490.00,31808.30,2716.00,3610.50,4338.00,71685.00
2013 Aug,11921.00,198932.00,48765.30,31394.00,17371.30,15937.60,32827.70,2818.20,3488.10,4326.00,70921.00
2013 Jul,11992.00,204455.00,49700.60,33179.00,16521.60,15128.90,34571.70,2952.60,3740.80,4317.00,70615.00
2013 Jun,11565.00,189871.00,46946.20,30958.30,15987.90,14801.60,32144.60,2725.20,3478.20,4309.00,69817.00
2013 May,11803.00,199605.00,50999.90,32674.00,18325.90,17035.30,33964.60,2826.60,3533.90,4288.00,68873.00
2013 Apr,11360.00,189406.00,46426.90,30353.80,16073.20,14797.90,31629.10,2627.80,3647.90,4285.00,68425.00
2013 Mar,11579.00,186302.00,43779.90,30789.50,12990.40,11787.90,31992.00,2643.70,3362.70,4273.00,67412.00
2013 Feb,10363.00,175318.00,38312.00,24855.40,13456.70,12528.10,25783.90,2361.60,3076.40,4247.00,65707.00
2013 Jan,11564.00,196667.00,43408.50,27103.70,16304.90,15300.80,28107.80,2629.70,3787.60,4257.00,65602.00
2012 Dec,11275.00,186978.00,43509.10,29212.90,14296.20,13351.30,30157.80,2621.10,3625.70,4232.00,65018.00
2012 Nov,10906.00,189932.00,44964.00,29219.20,15744.80,14772.70,30191.30,2589.10,3275.60,4230.00,64665.00
2012 Oct,10959.00,189815.00,44993.40,29757.10,15236.30,14108.20,30885.20,2675.40,3508.40,4220.00,64167.00
2012 Sep,10768.00,182714.00,44792.60,29636.40,15156.20,14054.50,30738.20,2609.10,3326.40,4186.00,62582.00
2012 Aug,10825.00,189373.00,44291.70,28961.30,15330.40,14250.00,30041.80,2744.70,3556.00,4163.00,61935.00
2012 Jul,11099.00,191730.00,43821.00,30136.70,13684.30,12449.90,31371.10,2769.60,3655.20,4182.00,61628.00
2012 Jun,10790.00,186391.00,46243.70,30823.60,15420.10,14496.40,31747.30,2710.40,3646.90,4177.00,60934.00
2012 May,11218.00,197794.00,46734.50,30867.10,15867.40,14856.50,31878.00,2793.00,3985.70,4146.00,60294.00
2012 Apr,10669.00,186795.00,44219.20,29912.10,14307.10,13380.20,30839.00,2600.00,3735.40,4141.00,59779.00
2012 Mar,11050.00,191940.00,48623.70,30436.80,18186.90,15362.30,33261.40,2648.70,3608.80,4148.00,59086.00
2012 Feb,10120.00,171077.00,40963.40,26831.30,14132.20,13246.80,27716.70,2345.40,3092.70,4139.00,58579.00
2012 Jan,10743.00,189814.00,44855.70,27747.00,17108.70,15342.70,29513.00,2542.80,3668.50,4136.00,57811.00
2011 Dec,11035.00,188169.00,42526.10,28969.60,13556.50,12693.10,29832.90,2639.00,3804.10,4111.00,57360.00
2011 Nov,10519.00,176605.00,43038.50,27445.50,15593.00,14832.20,28206.30,2472.10,3615.40,4098.00,56060.00
2011 Oct,11069.00,188049.00,44155.20,29389.50,14765.80,13921.90,30233.30,2568.70,3546.20,4068.00,55105.00
2011 Sep,10432.00,171645.00,42308.60,26628.40,15680.20,14644.00,27664.50,2410.20,3568.40,4093.00,54686.00
2011 Aug,10827.00,181694.00,46280.00,28974.90,17305.10,16475.90,29804.10,2625.70,3815.30,4076.00,53880.00
2011 Jul,11148.00,177244.00,45338.40,29366.80,15971.70,15011.50,30327.00,2639.50,3642.90,4071.00,53683.00
2011 Jun,10468.00,170444.00,45665.10,28401.70,17263.50,16319.70,29345.40,2482.30,3859.20,4062.00,52981.00
2011 May,10680.00,177335.00,44975.10,28574.30,16400.80,15231.80,29743.30,2571.80,3621.90,4045.00,52470.00
2011 Apr,10401.00,169981.00,49585.00,27935.40,21649.60,20703.30,28881.70,2461.10,3248.50,4037.00,52168.00
2011 Mar,10994.00,181780.00,44948.90,28734.20,16214.70,15057.20,29891.70,2504.20,3520.70,4047.00,51481.00
2011 Feb,9488.00,159536.00,39113.80,23644.70,15469.20,14230.50,24883.40,2146.90,3268.80,4021.00,50399.00
2011 Jan,10937.00,177800.00,43240.80,27445.70,15795.10,14722.10,28518.60,2416.10,3642.40,3997.00,49584.00
2010 Dec,11004.00,166803.00,43755.70,26335.40,17420.40,16326.90,27428.90,2379.00,3493.00,3978.00,48783.00
2010 Nov,10307.00,163734.00,42119.10,26366.50,15752.70,14836.70,27282.40,2415.50,3311.00,3949.00,48177.00
2010 Oct,10546.00,168714.00,41743.50,26284.40,15459.10,14359.90,27383.60,2392.10,3556.10,3947.00,47768.00
2010 Sep,10200.00,160710.00,39048.00,24123.50,14924.40,14112.50,24935.50,2233.80,3553.70,3931.00,47618.00
2010 Aug,10645.00,160404.00,42657.80,26657.30,16000.50,14834.10,27823.70,2426.40,3375.00,3920.00,47124.00
2010 Jul,10891.00,166139.00,43035.30,27818.10,15217.20,14213.10,28822.20,2520.80,3563.80,3936.00,46620.00
2010 Jun,10598.00,160281.00,42564.50,26562.50,16002.00,14640.70,27923.80,2395.00,3543.80,3921.00,46541.00
2010 May,10706.00,160764.00,41188.40,27190.90,13997.60,13084.10,28104.30,2422.50,3470.40,3912.00,46403.00
2010 Apr,10431.00,153626.00,43045.20,26176.60,16868.60,15869.90,27175.30,2320.80,3422.60,3913.00,46357.00
2010 Mar,10997.00,158543.00,43825.50,26962.50,16863.00,15463.40,28362.10,2409.60,3328.50,3907.00,46067.00
2010 Feb,9981.00,145450.00,37963.40,23867.60,14095.80,13420.70,24542.70,2183.20,3022.40,3919.00,45962.00
2010 Jan,10993.00,154240.00,42395.70,25337.90,17057.70,15908.40,26487.30,2332.30,3212.50,3938.00,45730.00
2009 Dec,10993.00,152197.00,41129.80,25088.90,16040.90,15069.80,26060.10,2283.80,3181.30,3950.00,45632.00
2009 Nov,10502.00,146713.00,40179.90,25009.30,15170.60,14144.90,26035.10,2326.90,2882.80,4005.00,46185.00
2009 Oct,11163.00,155932.00,41378.40,25398.30,15980.10,14893.80,26484.60,2314.30,3122.30,3999.00,46132.00
2009 Sep,10799.00,150254.00,37834.50,23501.50,14333.00,13205.00,24629.40,2145.40,3172.40,4020.00,46364.00
2009 Aug,11261.00,153545.00,40461.40,24939.20,15522.20,14495.40,25966.00,2276.50,3063.10,4012.00,46311.00
2009 Jul,11438.00,154009.00,39810.60,24947.00,14863.70,13688.50,26122.10,2220.60,3072.60,3998.00,45571.00
2009 Jun,11029.00,143912.00,38027.30,22738.80,15288.50,14287.40,23739.90,2097.00,2960.70,3971.00,45352.00
2009 May,11187.00,159584.00,39974.80,22794.10,17180.80,15027.70,24947.20,2098.80,3227.20,3953.00,45099.00
2009 Apr,10698.00,145084.00,40207.50,22625.90,17581.60,15470.20,24737.30,2085.10,2884.80,3938.00,45383.00
2009 Mar,11056.00,152495.00,39279.10,23729.70,15549.40,14369.90,24909.20,2193.30,3129.70,3935.00,44934.00
2009 Feb,9889.00,127944.00,35249.60,19326.20,15923.40,15097.60,20152.00,1850.50,2670.00,3890.00,44569.00
2009 Jan,10560.00,143001.00,38767.20,20250.00,18517.20,17573.50,21193.70,1974.40,3019.70,3867.00,44000.00
2008 Dec,11037.00,139165.00,35513.70,22602.50,12911.20,11929.50,23584.10,2156.30,2734.30,3843.00,43702.00
2008 Nov,10741.00,134174.00,40142.50,24346.10,15796.40,14749.40,25393.20,2288.50,2879.90,3774.00,43190.00
2008 Oct,10897.00,133280.00,40886.30,27224.40,13661.80,12447.50,28438.80,2522.00,2925.50,3765.00,43125.00
2008 Sep,10760.00,134321.00,41932.60,28110.10,13822.50,12849.70,29082.90,2555.70,2856.20,3759.00,42581.00
2008 Aug,11201.00,141464.00,42388.80,29702.40,12686.40,11837.10,30551.60,2641.50,3151.70,3737.00,42482.00
2008 Jul,11378.00,135435.00,46417.40,30741.00,15676.40,14604.10,31813.30,2729.10,3030.90,3701.00,42084.00
2008 Jun,10879.00,129099.00,44132.50,29274.20,14858.20,13733.90,30398.60,2527.00,2810.40,3682.00,41798.00
2008 May,11429.00,139235.00,45893.70,30704.90,15188.80,14260.00,31633.80,2633.00,2919.00,3660.00,41475.00
2008 Apr,11149.00,140166.00,46604.80,29376.90,17227.90,16256.70,30348.10,2534.10,3047.00,3632.00,41020.00
2008 Mar,11123.00,138681.00,46800.20,29773.50,17026.70,16171.00,30629.20,2567.10,3045.30,3615.00,40998.00
2008 Feb,10043.00,122406.00,40388.70,26387.30,14001.40,13149.40,27239.30,2308.40,2734.00,3618.00,40385.00
2008 Jan,11058.00,133639.00,44314.10,28181.20,16132.90,15330.50,28983.70,2455.60,2802.20,3592.00,39930.00
2007 Dec,11009.00,126294.00,43069.80,28433.20,14636.60,13574.20,29495.60,2482.20,2732.70,3553.00,39603.00
2007 Nov,10783.00,122889.00,39871.30,26705.80,13165.50,12357.30,27514.00,2323.30,2523.40,3515.00,39209.00
2007 Oct,11083.00,126949.00,41916.40,26855.70,15060.70,13967.10,27949.30,2402.80,2721.80,3488.00,38870.00
2007 Sep,10986.00,126752.00,40191.30,25842.90,14348.30,13435.50,26755.80,2356.10,2811.50,3448.00,38326.00
2007 Aug,11146.00,124276.00,40231.70,27402.30,12829.40,11906.60,28325.10,2456.70,2925.80,3427.00,37711.00
2007 Jul,11070.00,125429.00,41426.90,27728.00,13698.90,12826.40,28600.50,2444.10,2493.50,3417.00,37440.00
2007 Jun,10585.00,122170.00,40672.50,25978.40,14694.20,13607.90,27064.60,2320.60,2716.00,3399.00,36769.00
2007 May,10631.00,120524.00,39753.20,26625.40,13127.80,12269.60,27483.70,2349.10,2504.70,3362.00,36210.00
2007 Apr,10252.00,117951.00,40394.60,25654.70,14740.00,13751.40,26643.30,2221.40,2624.90,3339.00,35950.00
2007 Mar,10501.00,121907.00,42405.20,26214.90,16190.30,15215.00,27190.20,2290.90,2567.00,3319.00,35472.00
2007 Feb,9604.00,107251.00,35288.40,23424.90,11863.60,11017.40,24271.00,2117.70,2668.90,3294.00,35027.00
2007 Jan,10918.00,116828.00,38394.80,24051.30,14343.50,13454.00,24940.80,2170.50,2255.80,3285.00,35061.00
2006 Dec,10854.00,114281.00,38665.70,24817.00,13848.70,12879.20,25786.50,2188.40,2662.30,3249.00,34793.00
2006 Nov,10661.00,110184.00,37111.30,23849.30,13262.10,12421.90,24689.50,2097.20,2390.90,3235.00,34624.00
2006 Oct,10743.00,110675.00,37211.70,23995.70,13216.00,12405.90,24805.80,2175.40,2556.00,3223.00,34580.00
2006 Sep,10955.00,110819.00,38242.80,23859.10,14383.70,13445.30,24797.50,2130.30,2410.70,3219.00,34439.00
2006 Aug,10952.00,115589.00,39758.20,25204.40,14553.90,13623.00,26135.30,2270.00,2518.70,3259.00,34512.00
2006 Jul,10858.00,109693.00,39043.10,23780.50,15262.50,14019.30,25023.80,2127.90,2347.70,3255.00,34631.00
2006 Jun,10857.00,110808.00,37824.80,23216.30,14608.50,13559.80,24265.10,2016.90,2192.90,3241.00,34444.00
2006 May,10952.00,113660.00,38856.90,23736.70,15120.30,13974.70,24882.30,2066.80,2491.60,3214.00,34050.00
2006 Apr,10563.00,106111.00,36306.50,23186.30,13120.30,12082.00,24224.60,1958.20,2217.70,3227.00,34003.00
2006 Mar,11200.00,109127.00,37937.20,23729.80,14207.40,12772.70,25164.50,2053.00,2302.60,3211.00,33975.00
2006 Feb,9791.00,97914.00,32483.70,19784.80,12699.00,10976.30,21507.40,1759.90,2057.90,3214.00,33873.00
2006 Jan,10536.00,106128.00,35061.80,22233.50,12828.40,10869.50,24192.30,1948.30,2230.00,3212.00,33450.00
2005 Dec,10749.00,100331.00,36669.20,22237.30,14431.90,11702.30,24966.90,1980.30,2144.50,3219.00,32963.00
2005 Nov,10263.00,97604.00,33929.90,21292.00,12638.00,11007.50,22922.40,1876.10,2084.70,3217.00,32445.00
2005 Oct,10922.00,102079.00,35922.50,22592.30,13330.20,11507.40,24415.20,1990.60,2252.10,3193.00,31989.00
2005 Sep,10498.00,95312.00,33036.60,21640.70,11395.90,9621.10,23415.50,1942.70,2137.00,3171.00,31656.00
2005 Aug,10878.00,101966.00,35956.80,22889.70,13067.10,11368.10,24588.70,2039.80,2268.40,3165.00,31523.00
2005 Jul,10826.00,96521.00,36617.90,22602.50,14015.40,11719.50,24898.40,1985.40,2240.40,3165.00,31353.00
2005 Jun,10764.00,95610.00,36613.70,22735.90,13877.90,11615.30,24998.40,1992.40,2138.00,3181.00,31186.00
2005 May,11260.00,96558.00,36755.10,22538.10,14216.90,12637.30,24117.80,1971.30,2081.30,3161.00,30399.00
2005 Apr,11044.00,93756.00,34202.70,21606.90,12595.80,10999.80,23203.00,1890.30,2153.40,3149.00,30297.00
2005 Mar,11345.00,94532.00,37092.20,22908.30,14183.90,12364.20,24728.00,1984.80,2069.80,3153.00,29732.00
2005 Feb,10025.00,82602.00,29914.20,18580.40,11333.80,9680.70,20233.50,1690.20,1807.20,3149.00,29267.00
2005 Jan,11744.00,94921.00,36556.90,20641.10,15915.80,13603.30,22953.60,1848.20,2102.30,3137.00,28416.00
2004 Dec,11710.00,90569.00,36336.50,21667.00,14669.50,12116.10,24220.40,1907.10,2156.80,3109.00,27711.00
2004 Nov,11018.00,90055.00,32711.00,19944.00,12766.90,11279.80,21431.20,1759.70,2008.70,3095.00,27488.00
2004 Oct,10950.00,88376.00,33234.60,20768.10,12466.50,10683.50,22551.10,1858.90,2004.90,3086.00,27099.00
2004 Sep,10933.00,89413.00,33399.90,20450.00,12949.90,11097.90,22302.00,1858.60,2019.50,3088.00,26970.00
2004 Aug,11028.00,87568.00,33888.70,21141.70,12747.00,10569.10,23319.50,1878.00,1979.10,3085.00,26935.00
2004 Jul,11287.00,88465.00,34463.50,21366.50,13097.00,11047.70,23415.80,1871.10,1977.50,3081.00,26584.00
2004 Jun,10764.00,84301.00,33540.50,21049.60,12490.90,10770.60,22769.90,1857.90,1963.00,3084.00,26504.00
2004 May,10975.00,86620.00,32313.30,20213.90,12099.50,10316.60,21996.80,1792.40,1977.60,3096.00,26056.00
2004 Apr,10466.00,85315.00,32763.90,19678.30,13085.60,10850.30,21913.60,1707.70,1985.00,3088.00,26058.00
2004 Mar,11882.00,87601.00,33339.40,19980.70,13358.70,11156.10,22183.20,1742.60,1869.20,3075.00,25853.00
2004 Feb,10724.00,78550.00,27040.80,16676.40,10364.40,8585.80,18455.00,1482.20,1766.80,3071.00,25504.00
2004 Jan,11448.00,85613.00,30385.60,17945.30,12440.30,10854.80,19530.80,1612.90,1858.60,3065.00,25361.00
2003 Dec,11733.00,83778.00,30537.00,18495.30,12041.70,10133.80,20403.10,1649.70,1917.30,3063.00,25572.00
2003 Nov,11342.00,80152.00,29684.20,17658.30,12025.90,10327.60,19356.60,1563.90,1853.60,3088.00,24956.00
2003 Oct,11502.00,81053.00,30827.70,18257.40,12570.30,10989.20,19838.50,1628.90,1736.00,3082.00,24865.00
2003 Sep,11098.00,81299.00,28688.30,17209.20,11479.10,9972.30,18716.00,1550.70,1730.10,3143.00,24490.00
2003 Aug,11284.00,84578.00,28743.20,17827.20,10915.90,9339.70,19403.50,1622.60,1710.30,3155.00,24636.00
2003 Jul,11317.00,82115.00,29415.90,17915.70,11500.20,9882.20,19533.70,1630.00,1604.90,3187.00,24616.00
2003 Jun,10755.00,82241.00,29041.40,17720.90,11320.50,10074.60,18966.80,1546.00,1681.00,3194.00,24212.00
2003 May,10837.00,81544.00,29772.00,16889.20,12882.80,11242.30,18529.60,1516.40,1747.60,3209.00,23995.00
2003 Apr,11108.00,82549.00,27803.70,16387.50,11416.20,10125.60,17678.10,1452.40,1659.70,3210.00,23886.00
2003 Mar,11860.00,86087.00,28183.60,17680.80,10502.70,9353.10,18830.50,1527.20,1761.20,3219.00,23639.00
2003 Feb,10478.00,76666.00,25999.40,14793.70,11205.70,9897.50,16101.90,1319.80,1607.10,3275.00,23586.00
2003 Jan,12072.00,84330.00,28997.80,15612.30,13385.50,12036.60,16961.20,1402.80,1800.10,3325.00,23551.00
2002 Dec,11911.00,82726.00,28960.40,16022.50,12937.90,11455.40,17505.10,1414.60,1748.20,3355.00,23551.00
2002 Nov,11976.00,81265.00,26288.50,15857.20,10431.20,8919.60,17368.90,1406.80,1817.60,3359.00,23522.00
2002 Oct,12369.00,82295.00,28353.90,16329.70,12024.10,10144.30,18209.60,1437.60,1701.90,3348.00,23320.00
2002 Sep,11878.00,77540.00,26665.70,16531.00,10134.70,8902.90,17762.80,1430.10,1609.50,3345.00,23424.00
2002 Aug,12178.00,80025.00,28494.50,17174.50,11320.00,9970.80,18523.70,1473.60,1664.20,3372.00,23197.00
2002 Jul,12458.00,84009.00,29716.30,17762.30,11954.00,10748.20,18968.20,1497.50,1641.60,3376.00,23415.00
2002 Jun,11719.00,80570.00,28628.70,16900.60,11728.10,10380.60,18248.00,1421.50,1654.20,3373.00,23174.00
2002 May,12089.00,83278.00,27326.20,17372.50,9953.70,8830.00,18496.20,1452.70,1690.20,3380.00,23059.00
2002 Apr,11631.00,83302.00,29221.30,16962.90,12258.40,10840.80,18380.50,1392.60,1681.70,3363.00,23281.00
2002 Mar,12115.00,83814.00,28476.40,17186.80,11289.60,10187.40,18289.00,1435.00,1681.40,3367.00,23431.00
2002 Feb,10512.00,72197.00,24656.00,14798.90,9857.10,8847.50,15808.50,1256.30,1594.30,3366.00,23387.00
2002 Jan,11910.00,80725.00,28368.10,15621.60,12746.50,11439.90,16928.20,1322.50,1611.60,3360.00,23134.00
2001 Dec,11915.00,84679.00,26848.20,15545.90,11302.30,9944.20,16904.10,1326.40,1721.90,3353.00,23160.00
2001 Nov,11871.00,82403.00,26715.70,15497.30,11218.30,9772.10,16943.60,1302.70,1706.90,3339.00,23040.00
2001 Oct,12454.00,86959.00,26029.20,16292.40,9736.70,8567.10,17462.10,1359.90,1877.70,3332.00,22950.00
2001 Sep,12055.00,81410.00,26373.80,15531.70,10842.10,9933.90,16439.90,1332.50,1728.10,3341.00,22960.00
2001 Aug,12696.00,82116.00,28675.10,16062.60,12612.60,11660.60,17014.50,1349.60,1737.40,3342.00,22960.00
2001 Jul,12912.00,81576.00,27816.90,16448.30,11368.60,10345.60,17471.30,1353.50,1783.70,3346.00,22870.00
2001 Jun,12048.00,78941.00,26732.40,15804.30,10928.10,9480.70,17251.70,1294.50,1631.50,3343.00,22800.00
2001 May,12561.00,79461.00,25108.70,15408.80,9699.90,8620.30,16488.40,1307.80,1569.90,3338.00,22940.00
2001 Apr,11862.00,76961.00,25703.60,15430.00,10273.70,9141.90,16561.70,1265.00,1714.50,3343.00,23020.00
2001 Mar,12574.00,78792.00,26284.00,16317.40,9966.50,8880.90,17403.00,1341.80,1628.80,3334.00,23160.00
2001 Feb,11131.00,67571.00,23216.90,13824.90,9392.00,8391.40,14825.50,1156.00,1533.50,3348.00,23310.00
2001 Jan,12186.00,79224.00,23982.50,13912.10,10070.40,9020.30,14962.20,1181.30,1717.90,3350.00,23410.00
2000 Dec,12408.00,75754.00,27046.20,15434.00,11612.10,10736.00,16310.10,1272.00,1747.20,3335.00,23040.00
2000 Nov,12106.00,73453.00,26969.80,16028.10,10941.60,9869.70,17100.10,1325.50,1457.30,3339.00,23070.00
2000 Oct,12504.00,80766.00,28254.50,17108.20,11146.30,9934.00,18320.60,1431.00,1572.50,3364.00,23580.00
2000 Sep,11937.00,75658.00,26762.90,16221.00,10541.90,9348.20,17414.60,1393.90,1536.00,3355.00,23940.00
2000 Aug,12368.00,76848.00,26634.30,17314.70,9319.60,8137.70,18496.60,1507.10,1732.30,3374.00,24160.00
2000 Jul,12612.00,78893.00,27483.00,17189.60,10293.40,9112.00,18371.00,1492.50,1621.40,3371.00,23890.00
2000 Jun,12425.00,74873.00,27421.30,16835.20,10586.10,9650.70,17770.60,1486.30,1555.80,3373.00,22970.00
2000 May,12395.00,78392.00,28445.00,17153.40,11291.60,10137.20,18307.80,1494.10,1565.90,3370.00,24000.00
2000 Apr,12004.00,76678.00,27994.40,17107.20,10887.20,9993.60,18000.80,1455.20,1476.50,3369.00,24470.00
2000 Mar,12296.00,73167.00,26703.20,17788.80,8914.40,7702.80,19000.40,1512.40,1356.60,3360.00,24310.00
2000 Feb,10894.00,69437.00,26040.70,16018.00,10022.70,9288.10,16752.60,1383.00,1425.60,3363.00,24270.00
2000 Jan,11434.00,76261.00,25835.90,15378.60,10457.30,9419.30,16416.60,1333.90,1603.70,3365.00,24240.00
1999 Dec,11564.00,73581.00,28901.30,17300.40,11601.00,10552.60,18348.70,1387.60,1562.20,3360.00,23750.00
1999 Nov,11176.00,70150.00,26928.90,16307.20,10621.70,9511.20,17417.60,1338.40,1334.10,3361.00,23620.00
1999 Oct,11776.00,75110.00,27517.30,16525.50,10991.90,9776.00,17741.40,1381.80,1574.90,3369.00,23610.00
1999 Sep,11639.00,72681.00,27786.60,16002.00,11784.60,10631.50,17155.10,1345.80,1484.90,3377.00,23420.00
1999 Aug,12059.00,72860.00,25882.10,16711.70,9170.30,8084.30,17797.80,1426.00,1656.70,3384.00,23230.00
1999 Jul,12341.00,73503.00,26709.00,16220.00,10489.00,9325.60,17383.40,1381.60,1629.50,3389.00,23110.00
1999 Jun,11750.00,71145.00,25838.20,15518.10,10320.10,9388.50,16449.70,1357.80,1520.00,3393.00,22970.00
1999 May,12033.00,75977.00,27988.70,15968.90,12019.90,11046.90,16941.80,1369.40,1564.30,3405.00,22870.00
1999 Apr,11822.00,73570.00,28537.50,14955.50,13582.10,12467.00,16070.50,1292.70,1647.00,3401.00,22630.00
1999 Mar,12393.00,75934.00,28807.10,15448.00,13359.00,12230.60,16576.50,1321.70,1735.60,3401.00,22380.00
1999 Feb,10743.00,65346.00,23957.90,13347.70,10610.20,9718.80,14239.10,1143.90,1584.80,3406.00,22150.00
1999 Jan,12227.00,77270.00,27047.60,14248.60,12799.00,11652.60,15395.00,1198.20,1597.30,3419.00,21980.00
1998 Dec,12451.00,74733.00,28284.00,15198.00,13086.00,12017.50,16266.50,1294.40,1662.00,3412.00,22030.00
1998 Nov,12088.00,69784.00,26627.10,15013.30,11613.80,10716.20,15910.90,1268.20,1425.60,3422.00,22160.00
1998 Oct,12078.00,73017.00,25810.20,14832.20,10978.10,9952.10,15858.10,1289.80,1365.40,3432.00,22130.00
1998 Sep,11904.00,70952.00,25306.20,14867.00,10439.20,9465.90,15840.30,1275.30,1433.00,3436.00,22000.00
1998 Aug,12030.00,71495.00,26452.30,15031.70,11420.60,10420.60,16031.60,1286.20,1592.80,3433.00,21700.00
1998 Jul,11915.00,73530.00,26381.00,14570.10,11810.90,10654.80,15726.20,1327.40,1650.90,3447.00,21680.00
1998 Jun,11702.00,70458.00,26268.20,14735.90,11532.30,10565.40,15702.70,1355.10,1423.40,3441.00,21470.00
1998 May,11909.00,72884.00,26646.80,14567.40,12079.40,11125.40,15521.50,1278.50,1593.50,3433.00,21330.00
1998 Apr,11095.00,67126.00,25574.00,13722.00,11852.00,10966.60,14607.40,1256.40,1351.10,3439.00,21080.00
1998 Mar,11640.00,70675.00,27685.40,14900.50,12785.00,11548.70,16136.80,1312.20,1512.10,3429.00,21120.00
1998 Feb,10631.00,67629.00,22358.20,11995.40,10362.80,9400.50,12957.70,1048.00,1418.60,3440.00,20940.00
1998 Jan,11479.00,75372.00,24928.70,13534.90,11393.80,10334.40,14594.30,1144.10,1635.30,3414.00,20770.00
1997 Dec,11758.00,72166.00,26885.10,15471.40,11413.70,10478.90,16406.20,1212.40,1475.90,3380.00,20770.00
1997 Nov,11075.00,65784.00,25827.50,15322.00,10505.50,9467.00,16360.50,1198.90,1306.00,3365.00,20680.00
1997 Oct,11481.00,72515.00,27912.70,16310.10,11602.60,10365.10,17547.60,1272.00,1321.70,3358.00,20450.00
1997 Sep,11317.00,66702.00,27697.20,15815.60,11881.60,10830.50,16866.60,1207.10,1295.00,3339.00,19780.00
1997 Aug,11169.00,69370.00,26756.70,15967.40,10789.30,9770.50,16986.20,1235.60,1371.80,3309.00,19070.00
1997 Jul,11334.00,70502.00,28400.10,16179.80,12220.30,11143.50,17256.70,1250.60,1519.10,3286.00,18890.00
1997 Jun,10730.00,66251.00,28220.20,15733.70,12486.50,11414.60,16805.60,1183.70,1452.60,3262.00,18680.00
1997 May,10861.00,68991.00,30382.90,15921.50,14461.40,13520.90,16861.90,1180.40,1432.70,3251.00,18640.00
1997 Apr,10332.00,66139.00,28391.10,15489.80,12901.30,11826.80,16564.30,1139.70,1490.50,3222.00,18420.00
1997 Mar,10605.00,64323.00,27979.10,15847.00,12132.10,11127.70,16851.40,1187.10,1391.40,3204.00,18350.00
1997 Feb,8945.00,58576.00,23303.60,12765.90,10537.70,9830.10,13473.50,963.30,1377.20,3186.00,18290.00
1997 Jan,10726.00,66987.00,25750.60,14734.70,11016.00,10010.90,15739.70,1105.20,1506.80,3173.00,18270.00
1996 Dec,10294.00,64617.00,26747.00,15155.30,11591.60,10837.30,15909.70,1114.10,1422.80,3157.00,18239.00
1996 Nov,10083.00,63469.00,25827.10,14716.80,11110.30,10417.30,15409.80,1098.70,1330.10,3141.00,17365.00
1996 Oct,10218.00,63443.00,26048.10,15268.10,10780.10,10072.20,15976.00,1137.70,1353.70,3121.00,16999.00
1996 Sep,9840.00,63964.00,26650.70,14685.50,11965.20,11146.30,15504.40,1085.70,1190.70,3109.00,16842.00
1996 Aug,9888.00,64188.00,26035.30,14917.00,11118.30,10338.80,15696.50,1128.50,1355.90,3078.00,16776.00
1996 Jul,10046.00,64756.00,27257.20,15399.10,11858.00,11023.50,16233.70,1143.90,1392.90,3065.00,16593.00
1996 Jun,9635.00,63610.00,26356.60,14517.80,11838.80,11005.80,15350.80,1073.70,1488.40,3048.00,16467.00
1996 May,9836.00,65486.00,26302.30,14370.40,11931.90,11254.40,15047.90,1093.60,1603.10,3050.00,16184.00
1996 Apr,9633.00,63417.00,26945.70,14501.20,12444.50,11663.30,15282.40,1041.00,1434.00,3030.00,15978.00
1996 Mar,9971.00,67917.00,26446.10,14368.20,12077.90,11270.00,15176.20,1021.50,1506.50,3005.00,15820.00
1996 Feb,8687.00,61216.00,23739.60,12879.50,10860.10,10166.60,13573.00,958.40,1425.80,2985.00,15598.00
1996 Jan,9592.00,62435.00,25808.40,14304.40,11504.00,10682.40,15126.00,1047.70,1434.50,2955.00,15346.00
1995 Dec,9519.00,64022.00,26333.80,14929.70,11404.10,10564.60,15769.20,1045.10,1400.00,2910.00,14964.00
1995 Nov,8788.00,58842.00,25243.80,13955.90,11287.90,10587.90,14655.90,986.90,1324.50,2877.00,14959.00
1995 Oct,9140.00,60324.00,26111.10,14857.20,11253.90,10436.70,15674.30,1047.90,1472.30,2867.00,14670.00
1995 Sep,8582.00,58361.00,25154.00,13922.00,11231.90,10388.40,14765.50,977.50,1451.30,2834.00,14694.00
1995 Aug,8498.00,60099.00,27226.20,14893.00,12333.30,11342.40,15883.80,1046.50,1418.30,2814.00,14572.00
1995 Jul,8669.00,61311.00,25975.90,14522.00,11453.90,10685.40,15290.50,1037.40,1530.90,2789.00,14498.00
1995 Jun,8507.00,55360.00,25318.30,14131.30,11187.00,10369.00,14949.30,973.00,1454.80,2758.00,14268.00
1995 May,8749.00,61696.00,25824.30,14375.20,11449.10,10652.90,15171.40,988.30,1470.10,2743.00,14140.00
1995 Apr,8483.00,59352.00,25076.70,14141.20,10935.40,10233.80,14842.90,960.10,1556.90,2717.00,13651.00
1995 Mar,8610.00,58441.00,25394.00,14176.40,11217.60,10517.30,14876.80,969.50,1511.10,2699.00,13411.00
1995 Feb,7593.00,53787.00,22954.80,12275.10,10679.70,10065.80,12889.10,867.40,1333.70,2687.00,13270.00
1995 Jan,8876.00,58979.00,24871.10,13565.70,11305.40,10530.70,14340.40,946.40,1565.30,2672.00,13260.00
